srun: job 1671793 queued and waiting for resources
srun: job 1671793 has been allocated resources
=== grid path ===
Blender 4.5.0 (hash 8cb6b388974a built 2025-07-15 01:36:28)
Timer 'STL Import' took 3.95 ms
Fra:1 Mem:10.79M (Peak 10.79M) | Time:00:00.15 | Mem:0.00M, Peak:0.00M | Scene, ViewLayer | Synchronizing object | 1
Fra:1 Mem:10.79M (Peak 10.79M) | Time:00:00.15 | Mem:0.00M, Peak:0.00M | Scene, ViewLayer | Synchronizing object | LeftFill
Fra:1 Mem:10.79M (Peak 10.79M) | Time:00:00.15 | Mem:0.00M, Peak:0.00M | Scene, ViewLayer | Synchronizing object | TopSoft
Fra:1 Mem:11.21M (Peak 11.21M) | Time:00:00.15 | Mem:0.00M, Peak:0.00M | Scene, ViewLayer | Initializing
Fra:1 Mem:10.97M (Peak 11.21M) | Time:00:00.15 | Mem:0.00M, Peak:0.00M | Scene, ViewLayer | Waiting for render to start
Fra:1 Mem:10.97M (Peak 11.21M) | Time:00:00.15 | Mem:0.00M, Peak:0.00M | Scene, ViewLayer | Updating Scene
Fra:1 Mem:10.97M (Peak 11.21M) | Time:00:00.15 | Mem:0.00M, Peak:0.00M | Scene, ViewLayer | Updating Shaders
Fra:1 Mem:11.05M (Peak 11.21M) | Time:00:00.15 | Mem:0.00M, Peak:0.00M | Scene, ViewLayer | Loading render kernels (may take a few minutes the first time)
Fra:1 Mem:11.05M (Peak 38.21M) | Time:00:00.22 | Mem:0.01M, Peak:0.01M | Scene, ViewLayer | Updating Procedurals
Fra:1 Mem:11.05M (Peak 38.21M) | Time:00:00.22 | Mem:0.01M, Peak:0.01M | Scene, ViewLayer | Updating Background
Fra:1 Mem:11.05M (Peak 38.21M) | Time:00:00.22 | Mem:0.01M, Peak:0.01M | Scene, ViewLayer | Updating Camera
Fra:1 Mem:11.05M (Peak 38.21M) | Time:00:00.22 | Mem:0.01M, Peak:0.01M | Scene, ViewLayer | Updating Meshes Flags
Fra:1 Mem:11.05M (Peak 38.21M) | Time:00:00.22 | Mem:0.01M, Peak:0.01M | Scene, ViewLayer | Updating Objects
Fra:1 Mem:11.05M (Peak 38.21M) | Time:00:00.22 | Mem:0.01M, Peak:0.01M | Scene, ViewLayer | Updating Objects | Copying Transformations to device
Fra:1 Mem:11.05M (Peak 38.21M) | Time:00:00.22 | Mem:0.01M, Peak:0.01M | Scene, ViewLayer | Updating Particle Systems
Fra:1 Mem:11.05M (Peak 38.21M) | Time:00:00.22 | Mem:0.01M, Peak:0.01M | Scene, ViewLayer | Updating Particle Systems | Copying Particles to device
Fra:1 Mem:11.05M (Peak 38.21M) | Time:00:00.22 | Mem:0.01M, Peak:0.01M | Scene, ViewLayer | Updating Meshes
Fra:1 Mem:11.05M (Peak 38.21M) | Time:00:00.22 | Mem:0.01M, Peak:0.01M | Scene, ViewLayer | Updating Objects | Applying Static Transformations
Fra:1 Mem:11.05M (Peak 38.21M) | Time:00:00.22 | Mem:0.01M, Peak:0.01M | Scene, ViewLayer | Updating Mesh | Computing attributes
Fra:1 Mem:11.08M (Peak 38.21M) | Time:00:00.22 | Mem:0.01M, Peak:0.01M | Scene, ViewLayer | Updating Mesh | Copying Attributes to device
Fra:1 Mem:11.08M (Peak 38.21M) | Time:00:00.22 | Mem:0.04M, Peak:0.04M | Scene, ViewLayer | Updating Geometry BVH light 8/7 | Building BVH
Fra:1 Mem:11.08M (Peak 38.21M) | Time:00:00.22 | Mem:0.04M, Peak:0.04M | Scene, ViewLayer | Updating Geometry BVH light 8/7 | Building OptiX acceleration structure
Fra:1 Mem:11.08M (Peak 38.21M) | Time:00:00.22 | Mem:0.04M, Peak:0.04M | Scene, ViewLayer | Updating Geometry BVH 1 2/7 | Building BVH
Fra:1 Mem:11.08M (Peak 38.21M) | Time:00:00.22 | Mem:0.04M, Peak:0.04M | Scene, ViewLayer | Updating Geometry BVH LeftFill 5/7 | Building BVH
Fra:1 Mem:11.08M (Peak 38.21M) | Time:00:00.22 | Mem:0.04M, Peak:0.04M | Scene, ViewLayer | Updating Geometry BVH RightFill 6/7 | Building OptiX acceleration structure
Fra:1 Mem:11.08M (Peak 38.21M) | Time:00:00.22 | Mem:0.15M, Peak:0.51M | Scene, ViewLayer | Updating Scene BVH | Building
Fra:1 Mem:11.08M (Peak 38.21M) | Time:00:00.22 | Mem:0.15M, Peak:0.51M | Scene, ViewLayer | Updating Scene BVH | Building OptiX acceleration structure
Fra:1 Mem:11.08M (Peak 38.21M) | Time:00:00.22 | Mem:0.15M, Peak:0.51M | Scene, ViewLayer | Updating Scene BVH | Copying BVH to device
Fra:1 Mem:11.08M (Peak 38.21M) | Time:00:00.22 | Mem:0.15M, Peak:0.51M | Scene, ViewLayer | Updating Mesh | Computing normals
Fra:1 Mem:11.21M (Peak 38.21M) | Time:00:00.22 | Mem:0.15M, Peak:0.51M | Scene, ViewLayer | Updating Mesh | Copying Mesh to device
Fra:1 Mem:11.21M (Peak 38.21M) | Time:00:00.22 | Mem:0.29M, Peak:0.51M | Scene, ViewLayer | Updating Objects Flags
Fra:1 Mem:11.21M (Peak 38.21M) | Time:00:00.22 | Mem:0.29M, Peak:0.51M | Scene, ViewLayer | Updating Primitive Offsets
Fra:1 Mem:11.21M (Peak 38.21M) | Time:00:00.22 | Mem:0.29M, Peak:0.51M | Scene, ViewLayer | Updating Images
Fra:1 Mem:11.21M (Peak 38.21M) | Time:00:00.22 | Mem:0.29M, Peak:0.51M | Scene, ViewLayer | Updating Camera Volume
Fra:1 Mem:11.21M (Peak 38.21M) | Time:00:00.22 | Mem:0.29M, Peak:0.51M | Scene, ViewLayer | Updating Lookup Tables
Fra:1 Mem:11.21M (Peak 38.21M) | Time:00:00.22 | Mem:0.37M, Peak:0.51M | Scene, ViewLayer | Updating Lights
Fra:1 Mem:11.21M (Peak 38.21M) | Time:00:00.22 | Mem:0.37M, Peak:0.51M | Scene, ViewLayer | Updating Lights | Computing tree
Fra:1 Mem:11.21M (Peak 38.21M) | Time:00:00.22 | Mem:0.37M, Peak:0.51M | Scene, ViewLayer | Updating Integrator
Fra:1 Mem:11.21M (Peak 38.21M) | Time:00:00.22 | Mem:0.37M, Peak:0.51M | Scene, ViewLayer | Updating Film
Fra:1 Mem:11.22M (Peak 38.21M) | Time:00:00.22 | Mem:0.29M, Peak:0.51M | Scene, ViewLayer | Updating Lookup Tables
Fra:1 Mem:11.22M (Peak 38.21M) | Time:00:00.22 | Mem:0.37M, Peak:0.51M | Scene, ViewLayer | Updating Baking
Fra:1 Mem:11.22M (Peak 38.21M) | Time:00:00.22 | Mem:0.37M, Peak:0.51M | Scene, ViewLayer | Updating Device | Writing constant memory
Fra:1 Mem:11.22M (Peak 38.21M) | Time:00:00.22 | Mem:0.37M, Peak:0.51M | Scene, ViewLayer | Loading denoising kernels (may take a few minutes the first time)
Fra:1 Mem:24.54M (Peak 38.21M) | Time:00:00.23 | Mem:1171.88M, Peak:1171.88M | Scene, ViewLayer | Sample 0/8
Fra:1 Mem:29.29M (Peak 38.21M) | Time:00:00.23 | Remaining:00:00.01 | Mem:1176.63M, Peak:1176.63M | Scene, ViewLayer | Sample 1/8
Fra:1 Mem:31.29M (Peak 38.21M) | Time:00:00.25 | Mem:1230.20M, Peak:1231.70M | Scene, ViewLayer | Sample 8/8
Fra:1 Mem:31.29M (Peak 38.21M) | Time:00:00.25 | Mem:1230.20M, Peak:1231.70M | Scene, ViewLayer | Finished
Saved: '/tmp/pose_1_8mpctz_a/probe.png'
Time: 00:00.32 (Saving: 00:00.02)

Fra:1 Mem:11.01M (Peak 11.01M) | Time:00:00.04 | Mem:0.00M, Peak:0.00M | Scene, ViewLayer | Synchronizing object | 1
Fra:1 Mem:11.02M (Peak 11.02M) | Time:00:00.04 | Mem:0.00M, Peak:0.00M | Scene, ViewLayer | Synchronizing object | LeftFill
Fra:1 Mem:11.02M (Peak 11.02M) | Time:00:00.04 | Mem:0.00M, Peak:0.00M | Scene, ViewLayer | Synchronizing object | TopSoft
Fra:1 Mem:11.21M (Peak 11.21M) | Time:00:00.04 | Mem:0.00M, Peak:0.00M | Scene, ViewLayer | Initializing
Fra:1 Mem:10.97M (Peak 11.21M) | Time:00:00.04 | Mem:0.00M, Peak:0.00M | Scene, ViewLayer | Waiting for render to start
Fra:1 Mem:10.97M (Peak 11.21M) | Time:00:00.04 | Mem:0.00M, Peak:0.00M | Scene, ViewLayer | Updating Scene
Fra:1 Mem:10.97M (Peak 11.21M) | Time:00:00.04 | Mem:0.00M, Peak:0.00M | Scene, ViewLayer | Updating Shaders
Fra:1 Mem:11.05M (Peak 11.21M) | Time:00:00.04 | Mem:0.00M, Peak:0.00M | Scene, ViewLayer | Loading render kernels (may take a few minutes the first time)
Fra:1 Mem:11.05M (Peak 38.21M) | Time:00:00.10 | Mem:0.01M, Peak:0.01M | Scene, ViewLayer | Updating Procedurals
Fra:1 Mem:11.05M (Peak 38.21M) | Time:00:00.10 | Mem:0.01M, Peak:0.01M | Scene, ViewLayer | Updating Background
Fra:1 Mem:11.05M (Peak 38.21M) | Time:00:00.10 | Mem:0.01M, Peak:0.01M | Scene, ViewLayer | Updating Camera
Fra:1 Mem:11.05M (Peak 38.21M) | Time:00:00.10 | Mem:0.01M, Peak:0.01M | Scene, ViewLayer | Updating Meshes Flags
Fra:1 Mem:11.05M (Peak 38.21M) | Time:00:00.10 | Mem:0.01M, Peak:0.01M | Scene, ViewLayer | Updating Objects
Fra:1 Mem:11.05M (Peak 38.21M) | Time:00:00.10 | Mem:0.01M, Peak:0.01M | Scene, ViewLayer | Updating Objects | Copying Transformations to device
Fra:1 Mem:11.05M (Peak 38.21M) | Time:00:00.10 | Mem:0.01M, Peak:0.01M | Scene, ViewLayer | Updating Particle Systems
Fra:1 Mem:11.05M (Peak 38.21M) | Time:00:00.10 | Mem:0.01M, Peak:0.01M | Scene, ViewLayer | Updating Particle Systems | Copying Particles to device
Fra:1 Mem:11.05M (Peak 38.21M) | Time:00:00.10 | Mem:0.01M, Peak:0.01M | Scene, ViewLayer | Updating Meshes
Fra:1 Mem:11.05M (Peak 38.21M) | Time:00:00.10 | Mem:0.01M, Peak:0.01M | Scene, ViewLayer | Updating Objects | Applying Static Transformations
Fra:1 Mem:11.05M (Peak 38.21M) | Time:00:00.10 | Mem:0.01M, Peak:0.01M | Scene, ViewLayer | Updating Mesh | Computing attributes
Fra:1 Mem:11.08M (Peak 38.21M) | Time:00:00.10 | Mem:0.01M, Peak:0.01M | Scene, ViewLayer | Updating Mesh | Copying Attributes to device
Fra:1 Mem:11.08M (Peak 38.21M) | Time:00:00.10 | Mem:0.04M, Peak:0.04M | Scene, ViewLayer | Updating Geometry BVH light 8/7 | Building BVH
Fra:1 Mem:11.08M (Peak 38.21M) | Time:00:00.10 | Mem:0.04M, Peak:0.04M | Scene, ViewLayer | Updating Geometry BVH light 8/7 | Building OptiX acceleration structure
Fra:1 Mem:11.08M (Peak 38.21M) | Time:00:00.10 | Mem:0.04M, Peak:0.04M | Scene, ViewLayer | Updating Geometry BVH TopSoft 7/7 | Building BVH
Fra:1 Mem:11.08M (Peak 38.21M) | Time:00:00.10 | Mem:0.04M, Peak:0.04M | Scene, ViewLayer | Updating Geometry BVH TopSoft 7/7 | Building OptiX acceleration structure
Fra:1 Mem:11.08M (Peak 38.21M) | Time:00:00.10 | Mem:0.04M, Peak:0.04M | Scene, ViewLayer | Updating Geometry BVH RightFill 6/7 | Building BVH
Fra:1 Mem:11.08M (Peak 38.21M) | Time:00:00.10 | Mem:0.04M, Peak:0.04M | Scene, ViewLayer | Updating Geometry BVH FrontKey 3/7 | Building BVH
Fra:1 Mem:11.08M (Peak 38.21M) | Time:00:00.10 | Mem:0.04M, Peak:0.04M | Scene, ViewLayer | Updating Geometry BVH LeftFill 5/7 | Building OptiX acceleration structure
Fra:1 Mem:11.08M (Peak 38.21M) | Time:00:00.10 | Mem:0.16M, Peak:0.52M | Scene, ViewLayer | Updating Scene BVH | Building
Fra:1 Mem:11.08M (Peak 38.21M) | Time:00:00.10 | Mem:0.16M, Peak:0.52M | Scene, ViewLayer | Updating Scene BVH | Building OptiX acceleration structure
Fra:1 Mem:11.08M (Peak 38.21M) | Time:00:00.10 | Mem:0.16M, Peak:0.52M | Scene, ViewLayer | Updating Scene BVH | Copying BVH to device
Fra:1 Mem:11.08M (Peak 38.21M) | Time:00:00.10 | Mem:0.16M, Peak:0.52M | Scene, ViewLayer | Updating Mesh | Computing normals
Fra:1 Mem:11.21M (Peak 38.21M) | Time:00:00.10 | Mem:0.16M, Peak:0.52M | Scene, ViewLayer | Updating Mesh | Copying Mesh to device
Fra:1 Mem:11.21M (Peak 38.21M) | Time:00:00.10 | Mem:0.29M, Peak:0.52M | Scene, ViewLayer | Updating Objects Flags
Fra:1 Mem:11.21M (Peak 38.21M) | Time:00:00.10 | Mem:0.29M, Peak:0.52M | Scene, ViewLayer | Updating Primitive Offsets
Fra:1 Mem:11.21M (Peak 38.21M) | Time:00:00.10 | Mem:0.29M, Peak:0.52M | Scene, ViewLayer | Updating Images
Fra:1 Mem:11.21M (Peak 38.21M) | Time:00:00.10 | Mem:0.29M, Peak:0.52M | Scene, ViewLayer | Updating Camera Volume
Fra:1 Mem:11.21M (Peak 38.21M) | Time:00:00.10 | Mem:0.29M, Peak:0.52M | Scene, ViewLayer | Updating Lookup Tables
Fra:1 Mem:11.21M (Peak 38.21M) | Time:00:00.11 | Mem:0.37M, Peak:0.52M | Scene, ViewLayer | Updating Lights
Fra:1 Mem:11.21M (Peak 38.21M) | Time:00:00.11 | Mem:0.37M, Peak:0.52M | Scene, ViewLayer | Updating Lights | Computing tree
Fra:1 Mem:11.21M (Peak 38.21M) | Time:00:00.11 | Mem:0.37M, Peak:0.52M | Scene, ViewLayer | Updating Integrator
Fra:1 Mem:11.21M (Peak 38.21M) | Time:00:00.11 | Mem:0.37M, Peak:0.52M | Scene, ViewLayer | Updating Film
Fra:1 Mem:11.22M (Peak 38.21M) | Time:00:00.11 | Mem:0.29M, Peak:0.52M | Scene, ViewLayer | Updating Lookup Tables
Fra:1 Mem:11.22M (Peak 38.21M) | Time:00:00.11 | Mem:0.38M, Peak:0.52M | Scene, ViewLayer | Updating Baking
Fra:1 Mem:11.22M (Peak 38.21M) | Time:00:00.11 | Mem:0.38M, Peak:0.52M | Scene, ViewLayer | Updating Device | Writing constant memory
Fra:1 Mem:11.22M (Peak 38.21M) | Time:00:00.11 | Mem:0.38M, Peak:0.52M | Scene, ViewLayer | Loading denoising kernels (may take a few minutes the first time)
Fra:1 Mem:24.54M (Peak 38.21M) | Time:00:00.11 | Mem:1171.88M, Peak:1171.88M | Scene, ViewLayer | Sample 0/8
Fra:1 Mem:29.29M (Peak 38.21M) | Time:00:00.11 | Remaining:00:00.01 | Mem:1176.63M, Peak:1176.63M | Scene, ViewLayer | Sample 1/8
Fra:1 Mem:31.29M (Peak 38.21M) | Time:00:00.13 | Mem:1230.21M, Peak:1231.71M | Scene, ViewLayer | Sample 8/8
Fra:1 Mem:31.29M (Peak 38.21M) | Time:00:00.13 | Mem:1230.21M, Peak:1231.71M | Scene, ViewLayer | Finished
Saved: '/tmp/pose_1_8mpctz_a/probe.png'
Time: 00:00.18 (Saving: 00:00.00)

Fra:1 Mem:11.01M (Peak 11.01M) | Time:00:00.04 | Mem:0.00M, Peak:0.00M | Scene, ViewLayer | Synchronizing object | 1
Fra:1 Mem:11.02M (Peak 11.02M) | Time:00:00.04 | Mem:0.00M, Peak:0.00M | Scene, ViewLayer | Synchronizing object | BackFill
Fra:1 Mem:11.02M (Peak 11.02M) | Time:00:00.04 | Mem:0.00M, Peak:0.00M | Scene, ViewLayer | Synchronizing object | LeftFill
Fra:1 Mem:11.13M (Peak 11.13M) | Time:00:00.04 | Mem:0.00M, Peak:0.00M | Scene, ViewLayer | Synchronizing object | TopSoft
Fra:1 Mem:11.21M (Peak 11.21M) | Time:00:00.04 | Mem:0.00M, Peak:0.00M | Scene, ViewLayer | Initializing
Fra:1 Mem:10.97M (Peak 11.21M) | Time:00:00.04 | Mem:0.00M, Peak:0.00M | Scene, ViewLayer | Waiting for render to start
Fra:1 Mem:10.97M (Peak 11.21M) | Time:00:00.04 | Mem:0.00M, Peak:0.00M | Scene, ViewLayer | Updating Scene
Fra:1 Mem:10.97M (Peak 11.21M) | Time:00:00.04 | Mem:0.00M, Peak:0.00M | Scene, ViewLayer | Updating Shaders
Fra:1 Mem:11.05M (Peak 11.21M) | Time:00:00.04 | Mem:0.00M, Peak:0.00M | Scene, ViewLayer | Loading render kernels (may take a few minutes the first time)
Fra:1 Mem:11.05M (Peak 38.21M) | Time:00:00.10 | Mem:0.01M, Peak:0.01M | Scene, ViewLayer | Updating Procedurals
Fra:1 Mem:11.05M (Peak 38.21M) | Time:00:00.10 | Mem:0.01M, Peak:0.01M | Scene, ViewLayer | Updating Background
Fra:1 Mem:11.05M (Peak 38.21M) | Time:00:00.10 | Mem:0.01M, Peak:0.01M | Scene, ViewLayer | Updating Camera
Fra:1 Mem:11.05M (Peak 38.21M) | Time:00:00.10 | Mem:0.01M, Peak:0.01M | Scene, ViewLayer | Updating Meshes Flags
Fra:1 Mem:11.05M (Peak 38.21M) | Time:00:00.10 | Mem:0.01M, Peak:0.01M | Scene, ViewLayer | Updating Objects
Fra:1 Mem:11.05M (Peak 38.21M) | Time:00:00.10 | Mem:0.01M, Peak:0.01M | Scene, ViewLayer | Updating Objects | Copying Transformations to device
Fra:1 Mem:11.05M (Peak 38.21M) | Time:00:00.10 | Mem:0.01M, Peak:0.01M | Scene, ViewLayer | Updating Particle Systems
Fra:1 Mem:11.05M (Peak 38.21M) | Time:00:00.10 | Mem:0.01M, Peak:0.01M | Scene, ViewLayer | Updating Particle Systems | Copying Particles to device
Fra:1 Mem:11.05M (Peak 38.21M) | Time:00:00.10 | Mem:0.01M, Peak:0.01M | Scene, ViewLayer | Updating Meshes
Fra:1 Mem:11.05M (Peak 38.21M) | Time:00:00.10 | Mem:0.01M, Peak:0.01M | Scene, ViewLayer | Updating Objects | Applying Static Transformations
Fra:1 Mem:11.05M (Peak 38.21M) | Time:00:00.10 | Mem:0.01M, Peak:0.01M | Scene, ViewLayer | Updating Mesh | Computing attributes
Fra:1 Mem:11.08M (Peak 38.21M) | Time:00:00.10 | Mem:0.01M, Peak:0.01M | Scene, ViewLayer | Updating Mesh | Copying Attributes to device
Fra:1 Mem:11.08M (Peak 38.21M) | Time:00:00.10 | Mem:0.04M, Peak:0.04M | Scene, ViewLayer | Updating Geometry BVH light 8/7 | Building BVH
Fra:1 Mem:11.08M (Peak 38.21M) | Time:00:00.10 | Mem:0.04M, Peak:0.04M | Scene, ViewLayer | Updating Geometry BVH light 8/7 | Building OptiX acceleration structure
Fra:1 Mem:11.08M (Peak 38.21M) | Time:00:00.10 | Mem:0.04M, Peak:0.04M | Scene, ViewLayer | Updating Geometry BVH TopSoft 7/7 | Building BVH
Fra:1 Mem:11.08M (Peak 38.21M) | Time:00:00.10 | Mem:0.04M, Peak:0.04M | Scene, ViewLayer | Updating Geometry BVH TopSoft 7/7 | Building OptiX acceleration structure
Fra:1 Mem:11.08M (Peak 38.21M) | Time:00:00.10 | Mem:0.04M, Peak:0.04M | Scene, ViewLayer | Updating Geometry BVH RightFill 6/7 | Building BVH
Fra:1 Mem:11.08M (Peak 38.21M) | Time:00:00.10 | Mem:0.04M, Peak:0.04M | Scene, ViewLayer | Updating Geometry BVH RightFill 6/7 | Building OptiX acceleration structure
Fra:1 Mem:11.08M (Peak 38.21M) | Time:00:00.10 | Mem:0.04M, Peak:0.04M | Scene, ViewLayer | Updating Geometry BVH BackFill 4/7 | Building BVH
Fra:1 Mem:11.08M (Peak 38.21M) | Time:00:00.10 | Mem:0.04M, Peak:0.04M | Scene, ViewLayer | Updating Geometry BVH LeftFill 5/7 | Building OptiX acceleration structure
Fra:1 Mem:11.08M (Peak 38.21M) | Time:00:00.10 | Mem:0.16M, Peak:0.52M | Scene, ViewLayer | Updating Scene BVH | Building
Fra:1 Mem:11.08M (Peak 38.21M) | Time:00:00.10 | Mem:0.16M, Peak:0.52M | Scene, ViewLayer | Updating Scene BVH | Building OptiX acceleration structure
Fra:1 Mem:11.08M (Peak 38.21M) | Time:00:00.10 | Mem:0.16M, Peak:0.52M | Scene, ViewLayer | Updating Scene BVH | Copying BVH to device
Fra:1 Mem:11.08M (Peak 38.21M) | Time:00:00.10 | Mem:0.16M, Peak:0.52M | Scene, ViewLayer | Updating Mesh | Computing normals
Fra:1 Mem:11.21M (Peak 38.21M) | Time:00:00.10 | Mem:0.16M, Peak:0.52M | Scene, ViewLayer | Updating Mesh | Copying Mesh to device
Fra:1 Mem:11.21M (Peak 38.21M) | Time:00:00.10 | Mem:0.29M, Peak:0.52M | Scene, ViewLayer | Updating Objects Flags
Fra:1 Mem:11.21M (Peak 38.21M) | Time:00:00.10 | Mem:0.29M, Peak:0.52M | Scene, ViewLayer | Updating Primitive Offsets
Fra:1 Mem:11.21M (Peak 38.21M) | Time:00:00.10 | Mem:0.29M, Peak:0.52M | Scene, ViewLayer | Updating Images
Fra:1 Mem:11.21M (Peak 38.21M) | Time:00:00.10 | Mem:0.29M, Peak:0.52M | Scene, ViewLayer | Updating Camera Volume
Fra:1 Mem:11.21M (Peak 38.21M) | Time:00:00.10 | Mem:0.29M, Peak:0.52M | Scene, ViewLayer | Updating Lookup Tables
Fra:1 Mem:11.21M (Peak 38.21M) | Time:00:00.10 | Mem:0.37M, Peak:0.52M | Scene, ViewLayer | Updating Lights
Fra:1 Mem:11.21M (Peak 38.21M) | Time:00:00.10 | Mem:0.37M, Peak:0.52M | Scene, ViewLayer | Updating Lights | Computing tree
Fra:1 Mem:11.21M (Peak 38.21M) | Time:00:00.10 | Mem:0.37M, Peak:0.52M | Scene, ViewLayer | Updating Integrator
Fra:1 Mem:11.21M (Peak 38.21M) | Time:00:00.10 | Mem:0.37M, Peak:0.52M | Scene, ViewLayer | Updating Film
Fra:1 Mem:11.22M (Peak 38.21M) | Time:00:00.10 | Mem:0.29M, Peak:0.52M | Scene, ViewLayer | Updating Lookup Tables
Fra:1 Mem:11.22M (Peak 38.21M) | Time:00:00.10 | Mem:0.38M, Peak:0.52M | Scene, ViewLayer | Updating Baking
Fra:1 Mem:11.22M (Peak 38.21M) | Time:00:00.10 | Mem:0.38M, Peak:0.52M | Scene, ViewLayer | Updating Device | Writing constant memory
Fra:1 Mem:11.22M (Peak 38.21M) | Time:00:00.10 | Mem:0.38M, Peak:0.52M | Scene, ViewLayer | Loading denoising kernels (may take a few minutes the first time)
Fra:1 Mem:24.54M (Peak 38.21M) | Time:00:00.11 | Mem:1171.88M, Peak:1171.88M | Scene, ViewLayer | Sample 0/8
Fra:1 Mem:29.29M (Peak 38.21M) | Time:00:00.11 | Remaining:00:00.01 | Mem:1176.63M, Peak:1176.63M | Scene, ViewLayer | Sample 1/8
Fra:1 Mem:31.29M (Peak 38.21M) | Time:00:00.13 | Mem:1230.21M, Peak:1231.71M | Scene, ViewLayer | Sample 8/8
Fra:1 Mem:31.29M (Peak 38.21M) | Time:00:00.13 | Mem:1230.21M, Peak:1231.71M | Scene, ViewLayer | Finished
Saved: '/tmp/pose_1_8mpctz_a/probe.png'
Time: 00:00.18 (Saving: 00:00.00)

Fra:1 Mem:11.01M (Peak 11.01M) | Time:00:00.04 | Mem:0.00M, Peak:0.00M | Scene, ViewLayer | Synchronizing object | 1
Fra:1 Mem:11.02M (Peak 11.02M) | Time:00:00.04 | Mem:0.00M, Peak:0.00M | Scene, ViewLayer | Synchronizing object | LeftFill
Fra:1 Mem:11.02M (Peak 11.02M) | Time:00:00.04 | Mem:0.00M, Peak:0.00M | Scene, ViewLayer | Synchronizing object | TopSoft
Fra:1 Mem:11.21M (Peak 11.21M) | Time:00:00.04 | Mem:0.00M, Peak:0.00M | Scene, ViewLayer | Initializing
Fra:1 Mem:10.97M (Peak 11.21M) | Time:00:00.04 | Mem:0.00M, Peak:0.00M | Scene, ViewLayer | Waiting for render to start
Fra:1 Mem:10.97M (Peak 11.21M) | Time:00:00.04 | Mem:0.00M, Peak:0.00M | Scene, ViewLayer | Updating Scene
Fra:1 Mem:10.97M (Peak 11.21M) | Time:00:00.04 | Mem:0.00M, Peak:0.00M | Scene, ViewLayer | Updating Shaders
Fra:1 Mem:11.05M (Peak 11.21M) | Time:00:00.04 | Mem:0.00M, Peak:0.00M | Scene, ViewLayer | Loading render kernels (may take a few minutes the first time)
Fra:1 Mem:11.05M (Peak 38.21M) | Time:00:00.10 | Mem:0.01M, Peak:0.01M | Scene, ViewLayer | Updating Procedurals
Fra:1 Mem:11.05M (Peak 38.21M) | Time:00:00.10 | Mem:0.01M, Peak:0.01M | Scene, ViewLayer | Updating Background
Fra:1 Mem:11.05M (Peak 38.21M) | Time:00:00.10 | Mem:0.01M, Peak:0.01M | Scene, ViewLayer | Updating Camera
Fra:1 Mem:11.05M (Peak 38.21M) | Time:00:00.10 | Mem:0.01M, Peak:0.01M | Scene, ViewLayer | Updating Meshes Flags
Fra:1 Mem:11.05M (Peak 38.21M) | Time:00:00.10 | Mem:0.01M, Peak:0.01M | Scene, ViewLayer | Updating Objects
Fra:1 Mem:11.05M (Peak 38.21M) | Time:00:00.10 | Mem:0.01M, Peak:0.01M | Scene, ViewLayer | Updating Objects | Copying Transformations to device
Fra:1 Mem:11.05M (Peak 38.21M) | Time:00:00.10 | Mem:0.01M, Peak:0.01M | Scene, ViewLayer | Updating Particle Systems
Fra:1 Mem:11.05M (Peak 38.21M) | Time:00:00.10 | Mem:0.01M, Peak:0.01M | Scene, ViewLayer | Updating Particle Systems | Copying Particles to device
Fra:1 Mem:11.05M (Peak 38.21M) | Time:00:00.10 | Mem:0.01M, Peak:0.01M | Scene, ViewLayer | Updating Meshes
Fra:1 Mem:11.05M (Peak 38.21M) | Time:00:00.10 | Mem:0.01M, Peak:0.01M | Scene, ViewLayer | Updating Objects | Applying Static Transformations
Fra:1 Mem:11.05M (Peak 38.21M) | Time:00:00.10 | Mem:0.01M, Peak:0.01M | Scene, ViewLayer | Updating Mesh | Computing attributes
Fra:1 Mem:11.08M (Peak 38.21M) | Time:00:00.10 | Mem:0.01M, Peak:0.01M | Scene, ViewLayer | Updating Mesh | Copying Attributes to device
Fra:1 Mem:11.08M (Peak 38.21M) | Time:00:00.10 | Mem:0.04M, Peak:0.04M | Scene, ViewLayer | Updating Geometry BVH light 8/7 | Building BVH
Fra:1 Mem:11.08M (Peak 38.21M) | Time:00:00.10 | Mem:0.04M, Peak:0.04M | Scene, ViewLayer | Updating Geometry BVH light 8/7 | Building OptiX acceleration structure
Fra:1 Mem:11.08M (Peak 38.21M) | Time:00:00.10 | Mem:0.04M, Peak:0.04M | Scene, ViewLayer | Updating Geometry BVH TopSoft 7/7 | Building BVH
Fra:1 Mem:11.08M (Peak 38.21M) | Time:00:00.10 | Mem:0.04M, Peak:0.04M | Scene, ViewLayer | Updating Geometry BVH TopSoft 7/7 | Building OptiX acceleration structure
Fra:1 Mem:11.08M (Peak 38.21M) | Time:00:00.10 | Mem:0.04M, Peak:0.04M | Scene, ViewLayer | Updating Geometry BVH RightFill 6/7 | Building BVH
Fra:1 Mem:11.08M (Peak 38.21M) | Time:00:00.10 | Mem:0.04M, Peak:0.04M | Scene, ViewLayer | Updating Geometry BVH BackFill 4/7 | Building BVH
Fra:1 Mem:11.08M (Peak 38.21M) | Time:00:00.10 | Mem:0.04M, Peak:0.04M | Scene, ViewLayer | Updating Geometry BVH FrontKey 3/7 | Building OptiX acceleration structure
Fra:1 Mem:11.08M (Peak 38.21M) | Time:00:00.10 | Mem:0.15M, Peak:0.51M | Scene, ViewLayer | Updating Scene BVH | Building
Fra:1 Mem:11.08M (Peak 38.21M) | Time:00:00.10 | Mem:0.15M, Peak:0.51M | Scene, ViewLayer | Updating Scene BVH | Building OptiX acceleration structure
Fra:1 Mem:11.08M (Peak 38.21M) | Time:00:00.10 | Mem:0.15M, Peak:0.51M | Scene, ViewLayer | Updating Scene BVH | Copying BVH to device
Fra:1 Mem:11.08M (Peak 38.21M) | Time:00:00.10 | Mem:0.15M, Peak:0.51M | Scene, ViewLayer | Updating Mesh | Computing normals
Fra:1 Mem:11.21M (Peak 38.21M) | Time:00:00.10 | Mem:0.15M, Peak:0.51M | Scene, ViewLayer | Updating Mesh | Copying Mesh to device
Fra:1 Mem:11.21M (Peak 38.21M) | Time:00:00.10 | Mem:0.29M, Peak:0.51M | Scene, ViewLayer | Updating Objects Flags
Fra:1 Mem:11.21M (Peak 38.21M) | Time:00:00.10 | Mem:0.29M, Peak:0.51M | Scene, ViewLayer | Updating Primitive Offsets
Fra:1 Mem:11.21M (Peak 38.21M) | Time:00:00.10 | Mem:0.29M, Peak:0.51M | Scene, ViewLayer | Updating Images
Fra:1 Mem:11.21M (Peak 38.21M) | Time:00:00.10 | Mem:0.29M, Peak:0.51M | Scene, ViewLayer | Updating Camera Volume
Fra:1 Mem:11.21M (Peak 38.21M) | Time:00:00.10 | Mem:0.29M, Peak:0.51M | Scene, ViewLayer | Updating Lookup Tables
Fra:1 Mem:11.21M (Peak 38.21M) | Time:00:00.10 | Mem:0.37M, Peak:0.51M | Scene, ViewLayer | Updating Lights
Fra:1 Mem:11.21M (Peak 38.21M) | Time:00:00.10 | Mem:0.37M, Peak:0.51M | Scene, ViewLayer | Updating Lights | Computing tree
Fra:1 Mem:11.21M (Peak 38.21M) | Time:00:00.10 | Mem:0.37M, Peak:0.51M | Scene, ViewLayer | Updating Integrator
Fra:1 Mem:11.21M (Peak 38.21M) | Time:00:00.10 | Mem:0.37M, Peak:0.51M | Scene, ViewLayer | Updating Film
Fra:1 Mem:11.22M (Peak 38.21M) | Time:00:00.10 | Mem:0.29M, Peak:0.51M | Scene, ViewLayer | Updating Lookup Tables
Fra:1 Mem:11.22M (Peak 38.21M) | Time:00:00.10 | Mem:0.37M, Peak:0.51M | Scene, ViewLayer | Updating Baking
Fra:1 Mem:11.22M (Peak 38.21M) | Time:00:00.10 | Mem:0.37M, Peak:0.51M | Scene, ViewLayer | Updating Device | Writing constant memory
Fra:1 Mem:11.22M (Peak 38.21M) | Time:00:00.10 | Mem:0.37M, Peak:0.51M | Scene, ViewLayer | Loading denoising kernels (may take a few minutes the first time)
Fra:1 Mem:24.54M (Peak 38.21M) | Time:00:00.11 | Mem:1171.88M, Peak:1171.88M | Scene, ViewLayer | Sample 0/8
Fra:1 Mem:29.29M (Peak 38.21M) | Time:00:00.11 | Remaining:00:00.01 | Mem:1176.63M, Peak:1176.63M | Scene, ViewLayer | Sample 1/8
Fra:1 Mem:31.29M (Peak 38.21M) | Time:00:00.13 | Mem:1230.20M, Peak:1231.70M | Scene, ViewLayer | Sample 8/8
Fra:1 Mem:31.29M (Peak 38.21M) | Time:00:00.13 | Mem:1230.20M, Peak:1231.70M | Scene, ViewLayer | Finished
Saved: '/tmp/pose_1_8mpctz_a/probe.png'
Time: 00:00.17 (Saving: 00:00.00)

Fra:1 Mem:11.01M (Peak 11.01M) | Time:00:00.04 | Mem:0.00M, Peak:0.00M | Scene, ViewLayer | Synchronizing object | 1
Fra:1 Mem:11.02M (Peak 11.02M) | Time:00:00.04 | Mem:0.00M, Peak:0.00M | Scene, ViewLayer | Synchronizing object | BackFill
Fra:1 Mem:11.11M (Peak 11.11M) | Time:00:00.04 | Mem:0.00M, Peak:0.00M | Scene, ViewLayer | Synchronizing object | TopSoft
Fra:1 Mem:11.21M (Peak 11.21M) | Time:00:00.04 | Mem:0.00M, Peak:0.00M | Scene, ViewLayer | Initializing
Fra:1 Mem:10.97M (Peak 11.21M) | Time:00:00.04 | Mem:0.00M, Peak:0.00M | Scene, ViewLayer | Waiting for render to start
Fra:1 Mem:10.97M (Peak 11.21M) | Time:00:00.04 | Mem:0.00M, Peak:0.00M | Scene, ViewLayer | Updating Scene
Fra:1 Mem:10.97M (Peak 11.21M) | Time:00:00.04 | Mem:0.00M, Peak:0.00M | Scene, ViewLayer | Updating Shaders
Fra:1 Mem:11.05M (Peak 11.21M) | Time:00:00.04 | Mem:0.00M, Peak:0.00M | Scene, ViewLayer | Loading render kernels (may take a few minutes the first time)
Fra:1 Mem:11.05M (Peak 38.21M) | Time:00:00.10 | Mem:0.01M, Peak:0.01M | Scene, ViewLayer | Updating Procedurals
Fra:1 Mem:11.05M (Peak 38.21M) | Time:00:00.10 | Mem:0.01M, Peak:0.01M | Scene, ViewLayer | Updating Background
Fra:1 Mem:11.05M (Peak 38.21M) | Time:00:00.10 | Mem:0.01M, Peak:0.01M | Scene, ViewLayer | Updating Camera
Fra:1 Mem:11.05M (Peak 38.21M) | Time:00:00.10 | Mem:0.01M, Peak:0.01M | Scene, ViewLayer | Updating Meshes Flags
Fra:1 Mem:11.05M (Peak 38.21M) | Time:00:00.10 | Mem:0.01M, Peak:0.01M | Scene, ViewLayer | Updating Objects
Fra:1 Mem:11.05M (Peak 38.21M) | Time:00:00.10 | Mem:0.01M, Peak:0.01M | Scene, ViewLayer | Updating Objects | Copying Transformations to device
Fra:1 Mem:11.05M (Peak 38.21M) | Time:00:00.10 | Mem:0.01M, Peak:0.01M | Scene, ViewLayer | Updating Particle Systems
Fra:1 Mem:11.05M (Peak 38.21M) | Time:00:00.10 | Mem:0.01M, Peak:0.01M | Scene, ViewLayer | Updating Particle Systems | Copying Particles to device
Fra:1 Mem:11.05M (Peak 38.21M) | Time:00:00.10 | Mem:0.01M, Peak:0.01M | Scene, ViewLayer | Updating Meshes
Fra:1 Mem:11.05M (Peak 38.21M) | Time:00:00.10 | Mem:0.01M, Peak:0.01M | Scene, ViewLayer | Updating Objects | Applying Static Transformations
Fra:1 Mem:11.05M (Peak 38.21M) | Time:00:00.10 | Mem:0.01M, Peak:0.01M | Scene, ViewLayer | Updating Mesh | Computing attributes
Fra:1 Mem:11.08M (Peak 38.21M) | Time:00:00.10 | Mem:0.01M, Peak:0.01M | Scene, ViewLayer | Updating Mesh | Copying Attributes to device
Fra:1 Mem:11.08M (Peak 38.21M) | Time:00:00.10 | Mem:0.04M, Peak:0.04M | Scene, ViewLayer | Updating Geometry BVH light 8/7 | Building BVH
Fra:1 Mem:11.08M (Peak 38.21M) | Time:00:00.10 | Mem:0.04M, Peak:0.04M | Scene, ViewLayer | Updating Geometry BVH light 8/7 | Building OptiX acceleration structure
Fra:1 Mem:11.08M (Peak 38.21M) | Time:00:00.10 | Mem:0.04M, Peak:0.04M | Scene, ViewLayer | Updating Geometry BVH TopSoft 7/7 | Building BVH
Fra:1 Mem:11.08M (Peak 38.21M) | Time:00:00.10 | Mem:0.04M, Peak:0.04M | Scene, ViewLayer | Updating Geometry BVH TopSoft 7/7 | Building OptiX acceleration structure
Fra:1 Mem:11.08M (Peak 38.21M) | Time:00:00.10 | Mem:0.04M, Peak:0.04M | Scene, ViewLayer | Updating Geometry BVH BackFill 4/7 | Building BVH
Fra:1 Mem:11.08M (Peak 38.21M) | Time:00:00.10 | Mem:0.04M, Peak:0.04M | Scene, ViewLayer | Updating Geometry BVH RightFill 6/7 | Building OptiX acceleration structure
Fra:1 Mem:11.08M (Peak 38.21M) | Time:00:00.10 | Mem:0.16M, Peak:0.52M | Scene, ViewLayer | Updating Scene BVH | Building
Fra:1 Mem:11.08M (Peak 38.21M) | Time:00:00.10 | Mem:0.16M, Peak:0.52M | Scene, ViewLayer | Updating Scene BVH | Building OptiX acceleration structure
Fra:1 Mem:11.08M (Peak 38.21M) | Time:00:00.10 | Mem:0.16M, Peak:0.52M | Scene, ViewLayer | Updating Scene BVH | Copying BVH to device
Fra:1 Mem:11.08M (Peak 38.21M) | Time:00:00.10 | Mem:0.16M, Peak:0.52M | Scene, ViewLayer | Updating Mesh | Computing normals
Fra:1 Mem:11.21M (Peak 38.21M) | Time:00:00.10 | Mem:0.16M, Peak:0.52M | Scene, ViewLayer | Updating Mesh | Copying Mesh to device
Fra:1 Mem:11.21M (Peak 38.21M) | Time:00:00.10 | Mem:0.29M, Peak:0.52M | Scene, ViewLayer | Updating Objects Flags
Fra:1 Mem:11.21M (Peak 38.21M) | Time:00:00.10 | Mem:0.29M, Peak:0.52M | Scene, ViewLayer | Updating Primitive Offsets
Fra:1 Mem:11.21M (Peak 38.21M) | Time:00:00.10 | Mem:0.29M, Peak:0.52M | Scene, ViewLayer | Updating Images
Fra:1 Mem:11.21M (Peak 38.21M) | Time:00:00.10 | Mem:0.29M, Peak:0.52M | Scene, ViewLayer | Updating Camera Volume
Fra:1 Mem:11.21M (Peak 38.21M) | Time:00:00.10 | Mem:0.29M, Peak:0.52M | Scene, ViewLayer | Updating Lookup Tables
Fra:1 Mem:11.21M (Peak 38.21M) | Time:00:00.10 | Mem:0.37M, Peak:0.52M | Scene, ViewLayer | Updating Lights
Fra:1 Mem:11.21M (Peak 38.21M) | Time:00:00.10 | Mem:0.37M, Peak:0.52M | Scene, ViewLayer | Updating Lights | Computing tree
Fra:1 Mem:11.21M (Peak 38.21M) | Time:00:00.10 | Mem:0.37M, Peak:0.52M | Scene, ViewLayer | Updating Integrator
Fra:1 Mem:11.21M (Peak 38.21M) | Time:00:00.10 | Mem:0.37M, Peak:0.52M | Scene, ViewLayer | Updating Film
Fra:1 Mem:11.22M (Peak 38.21M) | Time:00:00.10 | Mem:0.29M, Peak:0.52M | Scene, ViewLayer | Updating Lookup Tables
Fra:1 Mem:11.22M (Peak 38.21M) | Time:00:00.10 | Mem:0.38M, Peak:0.52M | Scene, ViewLayer | Updating Baking
Fra:1 Mem:11.22M (Peak 38.21M) | Time:00:00.10 | Mem:0.38M, Peak:0.52M | Scene, ViewLayer | Updating Device | Writing constant memory
Fra:1 Mem:11.22M (Peak 38.21M) | Time:00:00.10 | Mem:0.38M, Peak:0.52M | Scene, ViewLayer | Loading denoising kernels (may take a few minutes the first time)
Fra:1 Mem:24.54M (Peak 38.21M) | Time:00:00.10 | Mem:1171.88M, Peak:1171.88M | Scene, ViewLayer | Sample 0/8
Fra:1 Mem:29.29M (Peak 38.21M) | Time:00:00.11 | Remaining:00:00.01 | Mem:1176.63M, Peak:1176.63M | Scene, ViewLayer | Sample 1/8
Fra:1 Mem:31.29M (Peak 38.21M) | Time:00:00.12 | Mem:1230.21M, Peak:1231.71M | Scene, ViewLayer | Sample 8/8
Fra:1 Mem:31.29M (Peak 38.21M) | Time:00:00.12 | Mem:1230.21M, Peak:1231.71M | Scene, ViewLayer | Finished
Saved: '/tmp/pose_1_8mpctz_a/probe.png'
Time: 00:00.17 (Saving: 00:00.00)

Fra:1 Mem:11.01M (Peak 11.01M) | Time:00:00.04 | Mem:0.00M, Peak:0.00M | Scene, ViewLayer | Synchronizing object | 1
Fra:1 Mem:11.02M (Peak 11.02M) | Time:00:00.04 | Mem:0.00M, Peak:0.00M | Scene, ViewLayer | Synchronizing object | FrontKey
Fra:1 Mem:11.02M (Peak 11.02M) | Time:00:00.04 | Mem:0.00M, Peak:0.00M | Scene, ViewLayer | Synchronizing object | RightFill
Fra:1 Mem:11.17M (Peak 11.17M) | Time:00:00.04 | Mem:0.00M, Peak:0.00M | Scene, ViewLayer | Synchronizing object | TopSoft
Fra:1 Mem:11.21M (Peak 11.21M) | Time:00:00.04 | Mem:0.00M, Peak:0.00M | Scene, ViewLayer | Initializing
Fra:1 Mem:10.97M (Peak 11.21M) | Time:00:00.04 | Mem:0.00M, Peak:0.00M | Scene, ViewLayer | Waiting for render to start
Fra:1 Mem:10.97M (Peak 11.21M) | Time:00:00.04 | Mem:0.00M, Peak:0.00M | Scene, ViewLayer | Updating Scene
Fra:1 Mem:10.97M (Peak 11.21M) | Time:00:00.04 | Mem:0.00M, Peak:0.00M | Scene, ViewLayer | Updating Shaders
Fra:1 Mem:11.05M (Peak 11.21M) | Time:00:00.04 | Mem:0.00M, Peak:0.00M | Scene, ViewLayer | Loading render kernels (may take a few minutes the first time)
Fra:1 Mem:11.05M (Peak 38.21M) | Time:00:00.10 | Mem:0.01M, Peak:0.01M | Scene, ViewLayer | Updating Procedurals
Fra:1 Mem:11.05M (Peak 38.21M) | Time:00:00.10 | Mem:0.01M, Peak:0.01M | Scene, ViewLayer | Updating Background
Fra:1 Mem:11.05M (Peak 38.21M) | Time:00:00.10 | Mem:0.01M, Peak:0.01M | Scene, ViewLayer | Updating Camera
Fra:1 Mem:11.05M (Peak 38.21M) | Time:00:00.10 | Mem:0.01M, Peak:0.01M | Scene, ViewLayer | Updating Meshes Flags
Fra:1 Mem:11.05M (Peak 38.21M) | Time:00:00.10 | Mem:0.01M, Peak:0.01M | Scene, ViewLayer | Updating Objects
Fra:1 Mem:11.05M (Peak 38.21M) | Time:00:00.10 | Mem:0.01M, Peak:0.01M | Scene, ViewLayer | Updating Objects | Copying Transformations to device
Fra:1 Mem:11.05M (Peak 38.21M) | Time:00:00.10 | Mem:0.01M, Peak:0.01M | Scene, ViewLayer | Updating Particle Systems
Fra:1 Mem:11.05M (Peak 38.21M) | Time:00:00.10 | Mem:0.01M, Peak:0.01M | Scene, ViewLayer | Updating Particle Systems | Copying Particles to device
Fra:1 Mem:11.05M (Peak 38.21M) | Time:00:00.10 | Mem:0.01M, Peak:0.01M | Scene, ViewLayer | Updating Meshes
Fra:1 Mem:11.05M (Peak 38.21M) | Time:00:00.10 | Mem:0.01M, Peak:0.01M | Scene, ViewLayer | Updating Objects | Applying Static Transformations
Fra:1 Mem:11.05M (Peak 38.21M) | Time:00:00.10 | Mem:0.01M, Peak:0.01M | Scene, ViewLayer | Updating Mesh | Computing attributes
Fra:1 Mem:11.08M (Peak 38.21M) | Time:00:00.10 | Mem:0.01M, Peak:0.01M | Scene, ViewLayer | Updating Mesh | Copying Attributes to device
Fra:1 Mem:11.08M (Peak 38.21M) | Time:00:00.10 | Mem:0.04M, Peak:0.04M | Scene, ViewLayer | Updating Geometry BVH light 8/7 | Building BVH
Fra:1 Mem:11.08M (Peak 38.21M) | Time:00:00.10 | Mem:0.04M, Peak:0.04M | Scene, ViewLayer | Updating Geometry BVH light 8/7 | Building OptiX acceleration structure
Fra:1 Mem:11.08M (Peak 38.21M) | Time:00:00.10 | Mem:0.04M, Peak:0.04M | Scene, ViewLayer | Updating Geometry BVH TopSoft 7/7 | Building BVH
Fra:1 Mem:11.08M (Peak 38.21M) | Time:00:00.10 | Mem:0.04M, Peak:0.04M | Scene, ViewLayer | Updating Geometry BVH TopSoft 7/7 | Building OptiX acceleration structure
Fra:1 Mem:11.08M (Peak 38.21M) | Time:00:00.10 | Mem:0.04M, Peak:0.04M | Scene, ViewLayer | Updating Geometry BVH 1 2/7 | Building BVH
Fra:1 Mem:11.08M (Peak 38.21M) | Time:00:00.10 | Mem:0.04M, Peak:0.04M | Scene, ViewLayer | Updating Geometry BVH LeftFill 5/7 | Building OptiX acceleration structure
Fra:1 Mem:11.08M (Peak 38.21M) | Time:00:00.10 | Mem:0.15M, Peak:0.51M | Scene, ViewLayer | Updating Scene BVH | Building
Fra:1 Mem:11.08M (Peak 38.21M) | Time:00:00.10 | Mem:0.15M, Peak:0.51M | Scene, ViewLayer | Updating Scene BVH | Building OptiX acceleration structure
Fra:1 Mem:11.08M (Peak 38.21M) | Time:00:00.10 | Mem:0.16M, Peak:0.51M | Scene, ViewLayer | Updating Scene BVH | Copying BVH to device
Fra:1 Mem:11.08M (Peak 38.21M) | Time:00:00.10 | Mem:0.16M, Peak:0.51M | Scene, ViewLayer | Updating Mesh | Computing normals
Fra:1 Mem:11.21M (Peak 38.21M) | Time:00:00.10 | Mem:0.16M, Peak:0.51M | Scene, ViewLayer | Updating Mesh | Copying Mesh to device
Fra:1 Mem:11.21M (Peak 38.21M) | Time:00:00.10 | Mem:0.29M, Peak:0.51M | Scene, ViewLayer | Updating Objects Flags
Fra:1 Mem:11.21M (Peak 38.21M) | Time:00:00.10 | Mem:0.29M, Peak:0.51M | Scene, ViewLayer | Updating Primitive Offsets
Fra:1 Mem:11.21M (Peak 38.21M) | Time:00:00.10 | Mem:0.29M, Peak:0.51M | Scene, ViewLayer | Updating Images
Fra:1 Mem:11.21M (Peak 38.21M) | Time:00:00.10 | Mem:0.29M, Peak:0.51M | Scene, ViewLayer | Updating Camera Volume
Fra:1 Mem:11.21M (Peak 38.21M) | Time:00:00.10 | Mem:0.29M, Peak:0.51M | Scene, ViewLayer | Updating Lookup Tables
Fra:1 Mem:11.21M (Peak 38.21M) | Time:00:00.10 | Mem:0.37M, Peak:0.51M | Scene, ViewLayer | Updating Lights
Fra:1 Mem:11.21M (Peak 38.21M) | Time:00:00.10 | Mem:0.37M, Peak:0.51M | Scene, ViewLayer | Updating Lights | Computing tree
Fra:1 Mem:11.21M (Peak 38.21M) | Time:00:00.10 | Mem:0.37M, Peak:0.51M | Scene, ViewLayer | Updating Integrator
Fra:1 Mem:11.21M (Peak 38.21M) | Time:00:00.10 | Mem:0.37M, Peak:0.51M | Scene, ViewLayer | Updating Film
Fra:1 Mem:11.22M (Peak 38.21M) | Time:00:00.10 | Mem:0.29M, Peak:0.51M | Scene, ViewLayer | Updating Lookup Tables
Fra:1 Mem:11.22M (Peak 38.21M) | Time:00:00.10 | Mem:0.37M, Peak:0.51M | Scene, ViewLayer | Updating Baking
Fra:1 Mem:11.22M (Peak 38.21M) | Time:00:00.10 | Mem:0.37M, Peak:0.51M | Scene, ViewLayer | Updating Device | Writing constant memory
Fra:1 Mem:11.22M (Peak 38.21M) | Time:00:00.10 | Mem:0.37M, Peak:0.51M | Scene, ViewLayer | Loading denoising kernels (may take a few minutes the first time)
Fra:1 Mem:24.54M (Peak 38.21M) | Time:00:00.10 | Mem:1171.88M, Peak:1171.88M | Scene, ViewLayer | Sample 0/8
Fra:1 Mem:29.29M (Peak 38.21M) | Time:00:00.10 | Remaining:00:00.01 | Mem:1176.63M, Peak:1176.63M | Scene, ViewLayer | Sample 1/8
Fra:1 Mem:31.29M (Peak 38.21M) | Time:00:00.12 | Mem:1230.20M, Peak:1231.70M | Scene, ViewLayer | Sample 8/8
Fra:1 Mem:31.29M (Peak 38.21M) | Time:00:00.12 | Mem:1230.20M, Peak:1231.70M | Scene, ViewLayer | Finished
Saved: '/tmp/pose_1_8mpctz_a/probe.png'
Time: 00:00.17 (Saving: 00:00.00)

Fra:1 Mem:11.01M (Peak 11.01M) | Time:00:00.04 | Mem:0.00M, Peak:0.00M | Scene, ViewLayer | Synchronizing object | 1
Fra:1 Mem:11.02M (Peak 11.02M) | Time:00:00.04 | Mem:0.00M, Peak:0.00M | Scene, ViewLayer | Synchronizing object | LeftFill
Fra:1 Mem:11.02M (Peak 11.02M) | Time:00:00.04 | Mem:0.00M, Peak:0.00M | Scene, ViewLayer | Synchronizing object | TopSoft
Fra:1 Mem:11.21M (Peak 11.21M) | Time:00:00.04 | Mem:0.00M, Peak:0.00M | Scene, ViewLayer | Initializing
Fra:1 Mem:10.97M (Peak 11.21M) | Time:00:00.04 | Mem:0.00M, Peak:0.00M | Scene, ViewLayer | Waiting for render to start
Fra:1 Mem:10.97M (Peak 11.21M) | Time:00:00.04 | Mem:0.00M, Peak:0.00M | Scene, ViewLayer | Updating Scene
Fra:1 Mem:10.97M (Peak 11.21M) | Time:00:00.04 | Mem:0.00M, Peak:0.00M | Scene, ViewLayer | Updating Shaders
Fra:1 Mem:11.05M (Peak 11.21M) | Time:00:00.04 | Mem:0.00M, Peak:0.00M | Scene, ViewLayer | Loading render kernels (may take a few minutes the first time)
Fra:1 Mem:11.05M (Peak 38.21M) | Time:00:00.10 | Mem:0.01M, Peak:0.01M | Scene, ViewLayer | Updating Procedurals
Fra:1 Mem:11.05M (Peak 38.21M) | Time:00:00.10 | Mem:0.01M, Peak:0.01M | Scene, ViewLayer | Updating Background
Fra:1 Mem:11.05M (Peak 38.21M) | Time:00:00.10 | Mem:0.01M, Peak:0.01M | Scene, ViewLayer | Updating Camera
Fra:1 Mem:11.05M (Peak 38.21M) | Time:00:00.10 | Mem:0.01M, Peak:0.01M | Scene, ViewLayer | Updating Meshes Flags
Fra:1 Mem:11.05M (Peak 38.21M) | Time:00:00.10 | Mem:0.01M, Peak:0.01M | Scene, ViewLayer | Updating Objects
Fra:1 Mem:11.05M (Peak 38.21M) | Time:00:00.10 | Mem:0.01M, Peak:0.01M | Scene, ViewLayer | Updating Objects | Copying Transformations to device
Fra:1 Mem:11.05M (Peak 38.21M) | Time:00:00.10 | Mem:0.01M, Peak:0.01M | Scene, ViewLayer | Updating Particle Systems
Fra:1 Mem:11.05M (Peak 38.21M) | Time:00:00.10 | Mem:0.01M, Peak:0.01M | Scene, ViewLayer | Updating Particle Systems | Copying Particles to device
Fra:1 Mem:11.05M (Peak 38.21M) | Time:00:00.10 | Mem:0.01M, Peak:0.01M | Scene, ViewLayer | Updating Meshes
Fra:1 Mem:11.05M (Peak 38.21M) | Time:00:00.10 | Mem:0.01M, Peak:0.01M | Scene, ViewLayer | Updating Objects | Applying Static Transformations
Fra:1 Mem:11.05M (Peak 38.21M) | Time:00:00.10 | Mem:0.01M, Peak:0.01M | Scene, ViewLayer | Updating Mesh | Computing attributes
Fra:1 Mem:11.08M (Peak 38.21M) | Time:00:00.10 | Mem:0.01M, Peak:0.01M | Scene, ViewLayer | Updating Mesh | Copying Attributes to device
Fra:1 Mem:11.08M (Peak 38.21M) | Time:00:00.10 | Mem:0.04M, Peak:0.04M | Scene, ViewLayer | Updating Geometry BVH light 8/7 | Building BVH
Fra:1 Mem:11.08M (Peak 38.21M) | Time:00:00.10 | Mem:0.04M, Peak:0.04M | Scene, ViewLayer | Updating Geometry BVH light 8/7 | Building OptiX acceleration structure
Fra:1 Mem:11.08M (Peak 38.21M) | Time:00:00.10 | Mem:0.04M, Peak:0.04M | Scene, ViewLayer | Updating Geometry BVH TopSoft 7/7 | Building BVH
Fra:1 Mem:11.08M (Peak 38.21M) | Time:00:00.10 | Mem:0.04M, Peak:0.04M | Scene, ViewLayer | Updating Geometry BVH TopSoft 7/7 | Building OptiX acceleration structure
Fra:1 Mem:11.08M (Peak 38.21M) | Time:00:00.10 | Mem:0.04M, Peak:0.04M | Scene, ViewLayer | Updating Geometry BVH RightFill 6/7 | Building BVH
Fra:1 Mem:11.08M (Peak 38.21M) | Time:00:00.10 | Mem:0.04M, Peak:0.04M | Scene, ViewLayer | Updating Geometry BVH 1 2/7 | Building BVH
Fra:1 Mem:11.08M (Peak 38.21M) | Time:00:00.10 | Mem:0.04M, Peak:0.04M | Scene, ViewLayer | Updating Geometry BVH LeftFill 5/7 | Building OptiX acceleration structure
Fra:1 Mem:11.08M (Peak 38.21M) | Time:00:00.10 | Mem:0.15M, Peak:0.51M | Scene, ViewLayer | Updating Scene BVH | Building
Fra:1 Mem:11.08M (Peak 38.21M) | Time:00:00.10 | Mem:0.15M, Peak:0.51M | Scene, ViewLayer | Updating Scene BVH | Building OptiX acceleration structure
Fra:1 Mem:11.08M (Peak 38.21M) | Time:00:00.10 | Mem:0.15M, Peak:0.51M | Scene, ViewLayer | Updating Scene BVH | Copying BVH to device
Fra:1 Mem:11.08M (Peak 38.21M) | Time:00:00.10 | Mem:0.15M, Peak:0.51M | Scene, ViewLayer | Updating Mesh | Computing normals
Fra:1 Mem:11.21M (Peak 38.21M) | Time:00:00.10 | Mem:0.15M, Peak:0.51M | Scene, ViewLayer | Updating Mesh | Copying Mesh to device
Fra:1 Mem:11.21M (Peak 38.21M) | Time:00:00.10 | Mem:0.29M, Peak:0.51M | Scene, ViewLayer | Updating Objects Flags
Fra:1 Mem:11.21M (Peak 38.21M) | Time:00:00.10 | Mem:0.29M, Peak:0.51M | Scene, ViewLayer | Updating Primitive Offsets
Fra:1 Mem:11.21M (Peak 38.21M) | Time:00:00.10 | Mem:0.29M, Peak:0.51M | Scene, ViewLayer | Updating Images
Fra:1 Mem:11.21M (Peak 38.21M) | Time:00:00.10 | Mem:0.29M, Peak:0.51M | Scene, ViewLayer | Updating Camera Volume
Fra:1 Mem:11.21M (Peak 38.21M) | Time:00:00.10 | Mem:0.29M, Peak:0.51M | Scene, ViewLayer | Updating Lookup Tables
Fra:1 Mem:11.21M (Peak 38.21M) | Time:00:00.10 | Mem:0.37M, Peak:0.51M | Scene, ViewLayer | Updating Lights
Fra:1 Mem:11.21M (Peak 38.21M) | Time:00:00.10 | Mem:0.37M, Peak:0.51M | Scene, ViewLayer | Updating Lights | Computing tree
Fra:1 Mem:11.21M (Peak 38.21M) | Time:00:00.10 | Mem:0.37M, Peak:0.51M | Scene, ViewLayer | Updating Integrator
Fra:1 Mem:11.21M (Peak 38.21M) | Time:00:00.10 | Mem:0.37M, Peak:0.51M | Scene, ViewLayer | Updating Film
Fra:1 Mem:11.22M (Peak 38.21M) | Time:00:00.10 | Mem:0.29M, Peak:0.51M | Scene, ViewLayer | Updating Lookup Tables
Fra:1 Mem:11.22M (Peak 38.21M) | Time:00:00.10 | Mem:0.37M, Peak:0.51M | Scene, ViewLayer | Updating Baking
Fra:1 Mem:11.22M (Peak 38.21M) | Time:00:00.10 | Mem:0.37M, Peak:0.51M | Scene, ViewLayer | Updating Device | Writing constant memory
Fra:1 Mem:11.22M (Peak 38.21M) | Time:00:00.10 | Mem:0.37M, Peak:0.51M | Scene, ViewLayer | Loading denoising kernels (may take a few minutes the first time)
Fra:1 Mem:24.54M (Peak 38.21M) | Time:00:00.11 | Mem:1171.88M, Peak:1171.88M | Scene, ViewLayer | Sample 0/8
Fra:1 Mem:29.29M (Peak 38.21M) | Time:00:00.11 | Remaining:00:00.01 | Mem:1176.63M, Peak:1176.63M | Scene, ViewLayer | Sample 1/8
Fra:1 Mem:31.29M (Peak 38.21M) | Time:00:00.13 | Mem:1230.20M, Peak:1231.70M | Scene, ViewLayer | Sample 8/8
Fra:1 Mem:31.29M (Peak 38.21M) | Time:00:00.13 | Mem:1230.20M, Peak:1231.70M | Scene, ViewLayer | Finished
Saved: '/tmp/pose_1_8mpctz_a/probe.png'
Time: 00:00.18 (Saving: 00:00.00)

Fra:1 Mem:11.01M (Peak 11.01M) | Time:00:00.04 | Mem:0.00M, Peak:0.00M | Scene, ViewLayer | Synchronizing object | 1
Fra:1 Mem:11.02M (Peak 11.02M) | Time:00:00.04 | Mem:0.00M, Peak:0.00M | Scene, ViewLayer | Synchronizing object | BackFill
Fra:1 Mem:11.02M (Peak 11.02M) | Time:00:00.04 | Mem:0.00M, Peak:0.00M | Scene, ViewLayer | Synchronizing object | TopSoft
Fra:1 Mem:11.21M (Peak 11.21M) | Time:00:00.04 | Mem:0.00M, Peak:0.00M | Scene, ViewLayer | Initializing
Fra:1 Mem:10.97M (Peak 11.21M) | Time:00:00.04 | Mem:0.00M, Peak:0.00M | Scene, ViewLayer | Waiting for render to start
Fra:1 Mem:10.97M (Peak 11.21M) | Time:00:00.04 | Mem:0.00M, Peak:0.00M | Scene, ViewLayer | Updating Scene
Fra:1 Mem:10.97M (Peak 11.21M) | Time:00:00.04 | Mem:0.00M, Peak:0.00M | Scene, ViewLayer | Updating Shaders
Fra:1 Mem:11.05M (Peak 11.21M) | Time:00:00.04 | Mem:0.00M, Peak:0.00M | Scene, ViewLayer | Loading render kernels (may take a few minutes the first time)
Fra:1 Mem:11.05M (Peak 38.21M) | Time:00:00.10 | Mem:0.01M, Peak:0.01M | Scene, ViewLayer | Updating Procedurals
Fra:1 Mem:11.05M (Peak 38.21M) | Time:00:00.10 | Mem:0.01M, Peak:0.01M | Scene, ViewLayer | Updating Background
Fra:1 Mem:11.05M (Peak 38.21M) | Time:00:00.10 | Mem:0.01M, Peak:0.01M | Scene, ViewLayer | Updating Camera
Fra:1 Mem:11.05M (Peak 38.21M) | Time:00:00.10 | Mem:0.01M, Peak:0.01M | Scene, ViewLayer | Updating Meshes Flags
Fra:1 Mem:11.05M (Peak 38.21M) | Time:00:00.10 | Mem:0.01M, Peak:0.01M | Scene, ViewLayer | Updating Objects
Fra:1 Mem:11.05M (Peak 38.21M) | Time:00:00.10 | Mem:0.01M, Peak:0.01M | Scene, ViewLayer | Updating Objects | Copying Transformations to device
Fra:1 Mem:11.05M (Peak 38.21M) | Time:00:00.10 | Mem:0.01M, Peak:0.01M | Scene, ViewLayer | Updating Particle Systems
Fra:1 Mem:11.05M (Peak 38.21M) | Time:00:00.10 | Mem:0.01M, Peak:0.01M | Scene, ViewLayer | Updating Particle Systems | Copying Particles to device
Fra:1 Mem:11.05M (Peak 38.21M) | Time:00:00.10 | Mem:0.01M, Peak:0.01M | Scene, ViewLayer | Updating Meshes
Fra:1 Mem:11.05M (Peak 38.21M) | Time:00:00.10 | Mem:0.01M, Peak:0.01M | Scene, ViewLayer | Updating Objects | Applying Static Transformations
Fra:1 Mem:11.05M (Peak 38.21M) | Time:00:00.10 | Mem:0.01M, Peak:0.01M | Scene, ViewLayer | Updating Mesh | Computing attributes
Fra:1 Mem:11.08M (Peak 38.21M) | Time:00:00.10 | Mem:0.01M, Peak:0.01M | Scene, ViewLayer | Updating Mesh | Copying Attributes to device
Fra:1 Mem:11.08M (Peak 38.21M) | Time:00:00.10 | Mem:0.04M, Peak:0.04M | Scene, ViewLayer | Updating Geometry BVH light 8/7 | Building BVH
Fra:1 Mem:11.08M (Peak 38.21M) | Time:00:00.10 | Mem:0.04M, Peak:0.04M | Scene, ViewLayer | Updating Geometry BVH light 8/7 | Building OptiX acceleration structure
Fra:1 Mem:11.08M (Peak 38.21M) | Time:00:00.10 | Mem:0.04M, Peak:0.04M | Scene, ViewLayer | Updating Geometry BVH TopSoft 7/7 | Building BVH
Fra:1 Mem:11.08M (Peak 38.21M) | Time:00:00.10 | Mem:0.04M, Peak:0.04M | Scene, ViewLayer | Updating Geometry BVH TopSoft 7/7 | Building OptiX acceleration structure
Fra:1 Mem:11.08M (Peak 38.21M) | Time:00:00.10 | Mem:0.04M, Peak:0.04M | Scene, ViewLayer | Updating Geometry BVH RightFill 6/7 | Building BVH
Fra:1 Mem:11.08M (Peak 38.21M) | Time:00:00.10 | Mem:0.04M, Peak:0.04M | Scene, ViewLayer | Updating Geometry BVH LeftFill 5/7 | Building OptiX acceleration structure
Fra:1 Mem:11.08M (Peak 38.21M) | Time:00:00.10 | Mem:0.16M, Peak:0.52M | Scene, ViewLayer | Updating Scene BVH | Building
Fra:1 Mem:11.08M (Peak 38.21M) | Time:00:00.10 | Mem:0.16M, Peak:0.52M | Scene, ViewLayer | Updating Scene BVH | Building OptiX acceleration structure
Fra:1 Mem:11.08M (Peak 38.21M) | Time:00:00.10 | Mem:0.16M, Peak:0.52M | Scene, ViewLayer | Updating Scene BVH | Copying BVH to device
Fra:1 Mem:11.08M (Peak 38.21M) | Time:00:00.10 | Mem:0.16M, Peak:0.52M | Scene, ViewLayer | Updating Mesh | Computing normals
Fra:1 Mem:11.21M (Peak 38.21M) | Time:00:00.10 | Mem:0.16M, Peak:0.52M | Scene, ViewLayer | Updating Mesh | Copying Mesh to device
Fra:1 Mem:11.21M (Peak 38.21M) | Time:00:00.10 | Mem:0.29M, Peak:0.52M | Scene, ViewLayer | Updating Objects Flags
Fra:1 Mem:11.21M (Peak 38.21M) | Time:00:00.10 | Mem:0.29M, Peak:0.52M | Scene, ViewLayer | Updating Primitive Offsets
Fra:1 Mem:11.21M (Peak 38.21M) | Time:00:00.10 | Mem:0.29M, Peak:0.52M | Scene, ViewLayer | Updating Images
Fra:1 Mem:11.21M (Peak 38.21M) | Time:00:00.10 | Mem:0.29M, Peak:0.52M | Scene, ViewLayer | Updating Camera Volume
Fra:1 Mem:11.21M (Peak 38.21M) | Time:00:00.10 | Mem:0.29M, Peak:0.52M | Scene, ViewLayer | Updating Lookup Tables
Fra:1 Mem:11.21M (Peak 38.21M) | Time:00:00.10 | Mem:0.37M, Peak:0.52M | Scene, ViewLayer | Updating Lights
Fra:1 Mem:11.21M (Peak 38.21M) | Time:00:00.10 | Mem:0.37M, Peak:0.52M | Scene, ViewLayer | Updating Lights | Computing tree
Fra:1 Mem:11.21M (Peak 38.21M) | Time:00:00.10 | Mem:0.37M, Peak:0.52M | Scene, ViewLayer | Updating Integrator
Fra:1 Mem:11.21M (Peak 38.21M) | Time:00:00.10 | Mem:0.37M, Peak:0.52M | Scene, ViewLayer | Updating Film
Fra:1 Mem:11.22M (Peak 38.21M) | Time:00:00.10 | Mem:0.29M, Peak:0.52M | Scene, ViewLayer | Updating Lookup Tables
Fra:1 Mem:11.22M (Peak 38.21M) | Time:00:00.10 | Mem:0.38M, Peak:0.52M | Scene, ViewLayer | Updating Baking
Fra:1 Mem:11.22M (Peak 38.21M) | Time:00:00.10 | Mem:0.38M, Peak:0.52M | Scene, ViewLayer | Updating Device | Writing constant memory
Fra:1 Mem:11.22M (Peak 38.21M) | Time:00:00.10 | Mem:0.38M, Peak:0.52M | Scene, ViewLayer | Loading denoising kernels (may take a few minutes the first time)
Fra:1 Mem:24.54M (Peak 38.21M) | Time:00:00.11 | Mem:1171.88M, Peak:1171.88M | Scene, ViewLayer | Sample 0/8
Fra:1 Mem:29.29M (Peak 38.21M) | Time:00:00.11 | Remaining:00:00.01 | Mem:1176.63M, Peak:1176.63M | Scene, ViewLayer | Sample 1/8
Fra:1 Mem:31.29M (Peak 38.21M) | Time:00:00.13 | Mem:1230.21M, Peak:1231.71M | Scene, ViewLayer | Sample 8/8
Fra:1 Mem:31.29M (Peak 38.21M) | Time:00:00.13 | Mem:1230.21M, Peak:1231.71M | Scene, ViewLayer | Finished
Saved: '/tmp/pose_1_8mpctz_a/probe.png'
Time: 00:00.18 (Saving: 00:00.00)

Fra:1 Mem:11.01M (Peak 11.01M) | Time:00:00.04 | Mem:0.00M, Peak:0.00M | Scene, ViewLayer | Synchronizing object | 1
Fra:1 Mem:11.02M (Peak 11.02M) | Time:00:00.04 | Mem:0.00M, Peak:0.00M | Scene, ViewLayer | Synchronizing object | BackFill
Fra:1 Mem:11.13M (Peak 11.13M) | Time:00:00.04 | Mem:0.00M, Peak:0.00M | Scene, ViewLayer | Synchronizing object | TopSoft
Fra:1 Mem:11.21M (Peak 11.21M) | Time:00:00.04 | Mem:0.00M, Peak:0.00M | Scene, ViewLayer | Initializing
Fra:1 Mem:10.97M (Peak 11.21M) | Time:00:00.04 | Mem:0.00M, Peak:0.00M | Scene, ViewLayer | Waiting for render to start
Fra:1 Mem:10.97M (Peak 11.21M) | Time:00:00.04 | Mem:0.00M, Peak:0.00M | Scene, ViewLayer | Updating Scene
Fra:1 Mem:10.97M (Peak 11.21M) | Time:00:00.04 | Mem:0.00M, Peak:0.00M | Scene, ViewLayer | Updating Shaders
Fra:1 Mem:11.05M (Peak 11.21M) | Time:00:00.04 | Mem:0.00M, Peak:0.00M | Scene, ViewLayer | Loading render kernels (may take a few minutes the first time)
Fra:1 Mem:11.05M (Peak 38.21M) | Time:00:00.10 | Mem:0.01M, Peak:0.01M | Scene, ViewLayer | Updating Procedurals
Fra:1 Mem:11.05M (Peak 38.21M) | Time:00:00.10 | Mem:0.01M, Peak:0.01M | Scene, ViewLayer | Updating Background
Fra:1 Mem:11.05M (Peak 38.21M) | Time:00:00.10 | Mem:0.01M, Peak:0.01M | Scene, ViewLayer | Updating Camera
Fra:1 Mem:11.05M (Peak 38.21M) | Time:00:00.10 | Mem:0.01M, Peak:0.01M | Scene, ViewLayer | Updating Meshes Flags
Fra:1 Mem:11.05M (Peak 38.21M) | Time:00:00.10 | Mem:0.01M, Peak:0.01M | Scene, ViewLayer | Updating Objects
Fra:1 Mem:11.05M (Peak 38.21M) | Time:00:00.10 | Mem:0.01M, Peak:0.01M | Scene, ViewLayer | Updating Objects | Copying Transformations to device
Fra:1 Mem:11.05M (Peak 38.21M) | Time:00:00.10 | Mem:0.01M, Peak:0.01M | Scene, ViewLayer | Updating Particle Systems
Fra:1 Mem:11.05M (Peak 38.21M) | Time:00:00.10 | Mem:0.01M, Peak:0.01M | Scene, ViewLayer | Updating Particle Systems | Copying Particles to device
Fra:1 Mem:11.05M (Peak 38.21M) | Time:00:00.10 | Mem:0.01M, Peak:0.01M | Scene, ViewLayer | Updating Meshes
Fra:1 Mem:11.05M (Peak 38.21M) | Time:00:00.10 | Mem:0.01M, Peak:0.01M | Scene, ViewLayer | Updating Objects | Applying Static Transformations
Fra:1 Mem:11.05M (Peak 38.21M) | Time:00:00.10 | Mem:0.01M, Peak:0.01M | Scene, ViewLayer | Updating Mesh | Computing attributes
Fra:1 Mem:11.08M (Peak 38.21M) | Time:00:00.10 | Mem:0.01M, Peak:0.01M | Scene, ViewLayer | Updating Mesh | Copying Attributes to device
Fra:1 Mem:11.08M (Peak 38.21M) | Time:00:00.10 | Mem:0.04M, Peak:0.04M | Scene, ViewLayer | Updating Geometry BVH light 8/7 | Building BVH
Fra:1 Mem:11.08M (Peak 38.21M) | Time:00:00.10 | Mem:0.04M, Peak:0.04M | Scene, ViewLayer | Updating Geometry BVH light 8/7 | Building OptiX acceleration structure
Fra:1 Mem:11.08M (Peak 38.21M) | Time:00:00.10 | Mem:0.04M, Peak:0.04M | Scene, ViewLayer | Updating Geometry BVH TopSoft 7/7 | Building BVH
Fra:1 Mem:11.08M (Peak 38.21M) | Time:00:00.10 | Mem:0.04M, Peak:0.04M | Scene, ViewLayer | Updating Geometry BVH TopSoft 7/7 | Building OptiX acceleration structure
Fra:1 Mem:11.08M (Peak 38.21M) | Time:00:00.10 | Mem:0.04M, Peak:0.04M | Scene, ViewLayer | Updating Geometry BVH RightFill 6/7 | Building BVH
Fra:1 Mem:11.08M (Peak 38.21M) | Time:00:00.10 | Mem:0.04M, Peak:0.04M | Scene, ViewLayer | Updating Geometry BVH FrontKey 3/7 | Building BVH
Fra:1 Mem:11.08M (Peak 38.21M) | Time:00:00.10 | Mem:0.04M, Peak:0.04M | Scene, ViewLayer | Updating Geometry BVH LeftFill 5/7 | Building OptiX acceleration structure
Fra:1 Mem:11.08M (Peak 38.21M) | Time:00:00.10 | Mem:0.16M, Peak:0.52M | Scene, ViewLayer | Updating Scene BVH | Building
Fra:1 Mem:11.08M (Peak 38.21M) | Time:00:00.10 | Mem:0.16M, Peak:0.52M | Scene, ViewLayer | Updating Scene BVH | Building OptiX acceleration structure
Fra:1 Mem:11.08M (Peak 38.21M) | Time:00:00.10 | Mem:0.16M, Peak:0.52M | Scene, ViewLayer | Updating Scene BVH | Copying BVH to device
Fra:1 Mem:11.08M (Peak 38.21M) | Time:00:00.10 | Mem:0.16M, Peak:0.52M | Scene, ViewLayer | Updating Mesh | Computing normals
Fra:1 Mem:11.21M (Peak 38.21M) | Time:00:00.10 | Mem:0.16M, Peak:0.52M | Scene, ViewLayer | Updating Mesh | Copying Mesh to device
Fra:1 Mem:11.21M (Peak 38.21M) | Time:00:00.10 | Mem:0.29M, Peak:0.52M | Scene, ViewLayer | Updating Objects Flags
Fra:1 Mem:11.21M (Peak 38.21M) | Time:00:00.10 | Mem:0.29M, Peak:0.52M | Scene, ViewLayer | Updating Primitive Offsets
Fra:1 Mem:11.21M (Peak 38.21M) | Time:00:00.10 | Mem:0.29M, Peak:0.52M | Scene, ViewLayer | Updating Images
Fra:1 Mem:11.21M (Peak 38.21M) | Time:00:00.10 | Mem:0.29M, Peak:0.52M | Scene, ViewLayer | Updating Camera Volume
Fra:1 Mem:11.21M (Peak 38.21M) | Time:00:00.10 | Mem:0.29M, Peak:0.52M | Scene, ViewLayer | Updating Lookup Tables
Fra:1 Mem:11.21M (Peak 38.21M) | Time:00:00.10 | Mem:0.37M, Peak:0.52M | Scene, ViewLayer | Updating Lights
Fra:1 Mem:11.21M (Peak 38.21M) | Time:00:00.10 | Mem:0.37M, Peak:0.52M | Scene, ViewLayer | Updating Lights | Computing tree
Fra:1 Mem:11.21M (Peak 38.21M) | Time:00:00.10 | Mem:0.37M, Peak:0.52M | Scene, ViewLayer | Updating Integrator
Fra:1 Mem:11.21M (Peak 38.21M) | Time:00:00.10 | Mem:0.37M, Peak:0.52M | Scene, ViewLayer | Updating Film
Fra:1 Mem:11.22M (Peak 38.21M) | Time:00:00.10 | Mem:0.29M, Peak:0.52M | Scene, ViewLayer | Updating Lookup Tables
Fra:1 Mem:11.22M (Peak 38.21M) | Time:00:00.10 | Mem:0.38M, Peak:0.52M | Scene, ViewLayer | Updating Baking
Fra:1 Mem:11.22M (Peak 38.21M) | Time:00:00.10 | Mem:0.38M, Peak:0.52M | Scene, ViewLayer | Updating Device | Writing constant memory
Fra:1 Mem:11.22M (Peak 38.21M) | Time:00:00.10 | Mem:0.38M, Peak:0.52M | Scene, ViewLayer | Loading denoising kernels (may take a few minutes the first time)
Fra:1 Mem:24.54M (Peak 38.21M) | Time:00:00.11 | Mem:1171.88M, Peak:1171.88M | Scene, ViewLayer | Sample 0/8
Fra:1 Mem:29.29M (Peak 38.21M) | Time:00:00.11 | Remaining:00:00.01 | Mem:1176.63M, Peak:1176.63M | Scene, ViewLayer | Sample 1/8
Fra:1 Mem:31.29M (Peak 38.21M) | Time:00:00.13 | Mem:1230.21M, Peak:1231.71M | Scene, ViewLayer | Sample 8/8
Fra:1 Mem:31.29M (Peak 38.21M) | Time:00:00.13 | Mem:1230.21M, Peak:1231.71M | Scene, ViewLayer | Finished
Saved: '/tmp/pose_1_8mpctz_a/probe.png'
Time: 00:00.18 (Saving: 00:00.00)

Fra:1 Mem:11.01M (Peak 11.01M) | Time:00:00.04 | Mem:0.00M, Peak:0.00M | Scene, ViewLayer | Synchronizing object | 1
Fra:1 Mem:11.02M (Peak 11.02M) | Time:00:00.04 | Mem:0.00M, Peak:0.00M | Scene, ViewLayer | Synchronizing object | BackFill
Fra:1 Mem:11.02M (Peak 11.02M) | Time:00:00.04 | Mem:0.00M, Peak:0.00M | Scene, ViewLayer | Synchronizing object | TopSoft
Fra:1 Mem:11.21M (Peak 11.21M) | Time:00:00.04 | Mem:0.00M, Peak:0.00M | Scene, ViewLayer | Initializing
Fra:1 Mem:10.97M (Peak 11.21M) | Time:00:00.04 | Mem:0.00M, Peak:0.00M | Scene, ViewLayer | Waiting for render to start
Fra:1 Mem:10.97M (Peak 11.21M) | Time:00:00.04 | Mem:0.00M, Peak:0.00M | Scene, ViewLayer | Updating Scene
Fra:1 Mem:10.97M (Peak 11.21M) | Time:00:00.04 | Mem:0.00M, Peak:0.00M | Scene, ViewLayer | Updating Shaders
Fra:1 Mem:11.05M (Peak 11.21M) | Time:00:00.04 | Mem:0.00M, Peak:0.00M | Scene, ViewLayer | Loading render kernels (may take a few minutes the first time)
Fra:1 Mem:11.05M (Peak 38.21M) | Time:00:00.10 | Mem:0.01M, Peak:0.01M | Scene, ViewLayer | Updating Procedurals
Fra:1 Mem:11.05M (Peak 38.21M) | Time:00:00.10 | Mem:0.01M, Peak:0.01M | Scene, ViewLayer | Updating Background
Fra:1 Mem:11.05M (Peak 38.21M) | Time:00:00.10 | Mem:0.01M, Peak:0.01M | Scene, ViewLayer | Updating Camera
Fra:1 Mem:11.05M (Peak 38.21M) | Time:00:00.10 | Mem:0.01M, Peak:0.01M | Scene, ViewLayer | Updating Meshes Flags
Fra:1 Mem:11.05M (Peak 38.21M) | Time:00:00.10 | Mem:0.01M, Peak:0.01M | Scene, ViewLayer | Updating Objects
Fra:1 Mem:11.05M (Peak 38.21M) | Time:00:00.10 | Mem:0.01M, Peak:0.01M | Scene, ViewLayer | Updating Objects | Copying Transformations to device
Fra:1 Mem:11.05M (Peak 38.21M) | Time:00:00.10 | Mem:0.01M, Peak:0.01M | Scene, ViewLayer | Updating Particle Systems
Fra:1 Mem:11.05M (Peak 38.21M) | Time:00:00.10 | Mem:0.01M, Peak:0.01M | Scene, ViewLayer | Updating Particle Systems | Copying Particles to device
Fra:1 Mem:11.05M (Peak 38.21M) | Time:00:00.10 | Mem:0.01M, Peak:0.01M | Scene, ViewLayer | Updating Meshes
Fra:1 Mem:11.05M (Peak 38.21M) | Time:00:00.10 | Mem:0.01M, Peak:0.01M | Scene, ViewLayer | Updating Objects | Applying Static Transformations
Fra:1 Mem:11.05M (Peak 38.21M) | Time:00:00.10 | Mem:0.01M, Peak:0.01M | Scene, ViewLayer | Updating Mesh | Computing attributes
Fra:1 Mem:11.08M (Peak 38.21M) | Time:00:00.10 | Mem:0.01M, Peak:0.01M | Scene, ViewLayer | Updating Mesh | Copying Attributes to device
Fra:1 Mem:11.08M (Peak 38.21M) | Time:00:00.10 | Mem:0.04M, Peak:0.04M | Scene, ViewLayer | Updating Geometry BVH light 8/7 | Building BVH
Fra:1 Mem:11.08M (Peak 38.21M) | Time:00:00.10 | Mem:0.04M, Peak:0.04M | Scene, ViewLayer | Updating Geometry BVH light 8/7 | Building OptiX acceleration structure
Fra:1 Mem:11.08M (Peak 38.21M) | Time:00:00.10 | Mem:0.04M, Peak:0.04M | Scene, ViewLayer | Updating Geometry BVH TopSoft 7/7 | Building BVH
Fra:1 Mem:11.08M (Peak 38.21M) | Time:00:00.10 | Mem:0.04M, Peak:0.04M | Scene, ViewLayer | Updating Geometry BVH 1 2/7 | Building BVH
Fra:1 Mem:11.08M (Peak 38.21M) | Time:00:00.10 | Mem:0.04M, Peak:0.04M | Scene, ViewLayer | Updating Geometry BVH BackFill 4/7 | Building BVH
Fra:1 Mem:11.08M (Peak 38.21M) | Time:00:00.10 | Mem:0.04M, Peak:0.04M | Scene, ViewLayer | Updating Geometry BVH LeftFill 5/7 | Building OptiX acceleration structure
Fra:1 Mem:11.08M (Peak 38.21M) | Time:00:00.10 | Mem:0.15M, Peak:0.51M | Scene, ViewLayer | Updating Scene BVH | Building
Fra:1 Mem:11.08M (Peak 38.21M) | Time:00:00.10 | Mem:0.15M, Peak:0.51M | Scene, ViewLayer | Updating Scene BVH | Building OptiX acceleration structure
Fra:1 Mem:11.08M (Peak 38.21M) | Time:00:00.10 | Mem:0.15M, Peak:0.51M | Scene, ViewLayer | Updating Scene BVH | Copying BVH to device
Fra:1 Mem:11.08M (Peak 38.21M) | Time:00:00.10 | Mem:0.15M, Peak:0.51M | Scene, ViewLayer | Updating Mesh | Computing normals
Fra:1 Mem:11.21M (Peak 38.21M) | Time:00:00.10 | Mem:0.15M, Peak:0.51M | Scene, ViewLayer | Updating Mesh | Copying Mesh to device
Fra:1 Mem:11.21M (Peak 38.21M) | Time:00:00.10 | Mem:0.29M, Peak:0.51M | Scene, ViewLayer | Updating Objects Flags
Fra:1 Mem:11.21M (Peak 38.21M) | Time:00:00.10 | Mem:0.29M, Peak:0.51M | Scene, ViewLayer | Updating Primitive Offsets
Fra:1 Mem:11.21M (Peak 38.21M) | Time:00:00.10 | Mem:0.29M, Peak:0.51M | Scene, ViewLayer | Updating Images
Fra:1 Mem:11.21M (Peak 38.21M) | Time:00:00.10 | Mem:0.29M, Peak:0.51M | Scene, ViewLayer | Updating Camera Volume
Fra:1 Mem:11.21M (Peak 38.21M) | Time:00:00.10 | Mem:0.29M, Peak:0.51M | Scene, ViewLayer | Updating Lookup Tables
Fra:1 Mem:11.21M (Peak 38.21M) | Time:00:00.10 | Mem:0.37M, Peak:0.51M | Scene, ViewLayer | Updating Lights
Fra:1 Mem:11.21M (Peak 38.21M) | Time:00:00.10 | Mem:0.37M, Peak:0.51M | Scene, ViewLayer | Updating Lights | Computing tree
Fra:1 Mem:11.21M (Peak 38.21M) | Time:00:00.10 | Mem:0.37M, Peak:0.51M | Scene, ViewLayer | Updating Integrator
Fra:1 Mem:11.21M (Peak 38.21M) | Time:00:00.10 | Mem:0.37M, Peak:0.51M | Scene, ViewLayer | Updating Film
Fra:1 Mem:11.22M (Peak 38.21M) | Time:00:00.10 | Mem:0.29M, Peak:0.51M | Scene, ViewLayer | Updating Lookup Tables
Fra:1 Mem:11.22M (Peak 38.21M) | Time:00:00.10 | Mem:0.37M, Peak:0.51M | Scene, ViewLayer | Updating Baking
Fra:1 Mem:11.22M (Peak 38.21M) | Time:00:00.10 | Mem:0.37M, Peak:0.51M | Scene, ViewLayer | Updating Device | Writing constant memory
Fra:1 Mem:11.22M (Peak 38.21M) | Time:00:00.10 | Mem:0.37M, Peak:0.51M | Scene, ViewLayer | Loading denoising kernels (may take a few minutes the first time)
Fra:1 Mem:24.54M (Peak 38.21M) | Time:00:00.10 | Mem:1171.88M, Peak:1171.88M | Scene, ViewLayer | Sample 0/8
Fra:1 Mem:29.29M (Peak 38.21M) | Time:00:00.11 | Remaining:00:00.01 | Mem:1176.63M, Peak:1176.63M | Scene, ViewLayer | Sample 1/8
Fra:1 Mem:31.29M (Peak 38.21M) | Time:00:00.12 | Mem:1230.20M, Peak:1231.70M | Scene, ViewLayer | Sample 8/8
Fra:1 Mem:31.29M (Peak 38.21M) | Time:00:00.12 | Mem:1230.20M, Peak:1231.70M | Scene, ViewLayer | Finished
Saved: '/tmp/pose_1_8mpctz_a/probe.png'
Time: 00:00.17 (Saving: 00:00.00)

Fra:1 Mem:11.01M (Peak 11.01M) | Time:00:00.04 | Mem:0.00M, Peak:0.00M | Scene, ViewLayer | Synchronizing object | 1
Fra:1 Mem:11.02M (Peak 11.02M) | Time:00:00.04 | Mem:0.00M, Peak:0.00M | Scene, ViewLayer | Synchronizing object | FrontKey
Fra:1 Mem:11.02M (Peak 11.02M) | Time:00:00.04 | Mem:0.00M, Peak:0.00M | Scene, ViewLayer | Synchronizing object | BackFill
Fra:1 Mem:11.13M (Peak 11.13M) | Time:00:00.04 | Mem:0.00M, Peak:0.00M | Scene, ViewLayer | Synchronizing object | TopSoft
Fra:1 Mem:11.21M (Peak 11.21M) | Time:00:00.04 | Mem:0.00M, Peak:0.00M | Scene, ViewLayer | Initializing
Fra:1 Mem:10.97M (Peak 11.21M) | Time:00:00.04 | Mem:0.00M, Peak:0.00M | Scene, ViewLayer | Waiting for render to start
Fra:1 Mem:10.97M (Peak 11.21M) | Time:00:00.04 | Mem:0.00M, Peak:0.00M | Scene, ViewLayer | Updating Scene
Fra:1 Mem:10.97M (Peak 11.21M) | Time:00:00.04 | Mem:0.00M, Peak:0.00M | Scene, ViewLayer | Updating Shaders
Fra:1 Mem:11.05M (Peak 11.21M) | Time:00:00.04 | Mem:0.00M, Peak:0.00M | Scene, ViewLayer | Loading render kernels (may take a few minutes the first time)
Fra:1 Mem:11.05M (Peak 38.21M) | Time:00:00.10 | Mem:0.01M, Peak:0.01M | Scene, ViewLayer | Updating Procedurals
Fra:1 Mem:11.05M (Peak 38.21M) | Time:00:00.10 | Mem:0.01M, Peak:0.01M | Scene, ViewLayer | Updating Background
Fra:1 Mem:11.05M (Peak 38.21M) | Time:00:00.10 | Mem:0.01M, Peak:0.01M | Scene, ViewLayer | Updating Camera
Fra:1 Mem:11.05M (Peak 38.21M) | Time:00:00.10 | Mem:0.01M, Peak:0.01M | Scene, ViewLayer | Updating Meshes Flags
Fra:1 Mem:11.05M (Peak 38.21M) | Time:00:00.10 | Mem:0.01M, Peak:0.01M | Scene, ViewLayer | Updating Objects
Fra:1 Mem:11.05M (Peak 38.21M) | Time:00:00.10 | Mem:0.01M, Peak:0.01M | Scene, ViewLayer | Updating Objects | Copying Transformations to device
Fra:1 Mem:11.05M (Peak 38.21M) | Time:00:00.10 | Mem:0.01M, Peak:0.01M | Scene, ViewLayer | Updating Particle Systems
Fra:1 Mem:11.05M (Peak 38.21M) | Time:00:00.10 | Mem:0.01M, Peak:0.01M | Scene, ViewLayer | Updating Particle Systems | Copying Particles to device
Fra:1 Mem:11.05M (Peak 38.21M) | Time:00:00.10 | Mem:0.01M, Peak:0.01M | Scene, ViewLayer | Updating Meshes
Fra:1 Mem:11.05M (Peak 38.21M) | Time:00:00.10 | Mem:0.01M, Peak:0.01M | Scene, ViewLayer | Updating Objects | Applying Static Transformations
Fra:1 Mem:11.05M (Peak 38.21M) | Time:00:00.10 | Mem:0.01M, Peak:0.01M | Scene, ViewLayer | Updating Mesh | Computing attributes
Fra:1 Mem:11.08M (Peak 38.21M) | Time:00:00.10 | Mem:0.01M, Peak:0.01M | Scene, ViewLayer | Updating Mesh | Copying Attributes to device
Fra:1 Mem:11.08M (Peak 38.21M) | Time:00:00.10 | Mem:0.04M, Peak:0.04M | Scene, ViewLayer | Updating Geometry BVH light 8/7 | Building BVH
Fra:1 Mem:11.08M (Peak 38.21M) | Time:00:00.10 | Mem:0.04M, Peak:0.04M | Scene, ViewLayer | Updating Geometry BVH light 8/7 | Building OptiX acceleration structure
Fra:1 Mem:11.08M (Peak 38.21M) | Time:00:00.10 | Mem:0.04M, Peak:0.04M | Scene, ViewLayer | Updating Geometry BVH TopSoft 7/7 | Building BVH
Fra:1 Mem:11.08M (Peak 38.21M) | Time:00:00.10 | Mem:0.04M, Peak:0.04M | Scene, ViewLayer | Updating Geometry BVH 1 2/7 | Building OptiX acceleration structure
Fra:1 Mem:11.08M (Peak 38.21M) | Time:00:00.10 | Mem:0.04M, Peak:0.04M | Scene, ViewLayer | Updating Geometry BVH LeftFill 5/7 | Building BVH
Fra:1 Mem:11.08M (Peak 38.21M) | Time:00:00.10 | Mem:0.04M, Peak:0.04M | Scene, ViewLayer | Updating Geometry BVH RightFill 6/7 | Building OptiX acceleration structure
Fra:1 Mem:11.08M (Peak 38.21M) | Time:00:00.10 | Mem:0.16M, Peak:0.52M | Scene, ViewLayer | Updating Scene BVH | Building
Fra:1 Mem:11.08M (Peak 38.21M) | Time:00:00.10 | Mem:0.16M, Peak:0.52M | Scene, ViewLayer | Updating Scene BVH | Building OptiX acceleration structure
Fra:1 Mem:11.08M (Peak 38.21M) | Time:00:00.10 | Mem:0.16M, Peak:0.52M | Scene, ViewLayer | Updating Scene BVH | Copying BVH to device
Fra:1 Mem:11.08M (Peak 38.21M) | Time:00:00.10 | Mem:0.16M, Peak:0.52M | Scene, ViewLayer | Updating Mesh | Computing normals
Fra:1 Mem:11.21M (Peak 38.21M) | Time:00:00.10 | Mem:0.16M, Peak:0.52M | Scene, ViewLayer | Updating Mesh | Copying Mesh to device
Fra:1 Mem:11.21M (Peak 38.21M) | Time:00:00.10 | Mem:0.29M, Peak:0.52M | Scene, ViewLayer | Updating Objects Flags
Fra:1 Mem:11.21M (Peak 38.21M) | Time:00:00.10 | Mem:0.29M, Peak:0.52M | Scene, ViewLayer | Updating Primitive Offsets
Fra:1 Mem:11.21M (Peak 38.21M) | Time:00:00.10 | Mem:0.29M, Peak:0.52M | Scene, ViewLayer | Updating Images
Fra:1 Mem:11.21M (Peak 38.21M) | Time:00:00.10 | Mem:0.29M, Peak:0.52M | Scene, ViewLayer | Updating Camera Volume
Fra:1 Mem:11.21M (Peak 38.21M) | Time:00:00.10 | Mem:0.29M, Peak:0.52M | Scene, ViewLayer | Updating Lookup Tables
Fra:1 Mem:11.21M (Peak 38.21M) | Time:00:00.10 | Mem:0.37M, Peak:0.52M | Scene, ViewLayer | Updating Lights
Fra:1 Mem:11.21M (Peak 38.21M) | Time:00:00.10 | Mem:0.37M, Peak:0.52M | Scene, ViewLayer | Updating Lights | Computing tree
Fra:1 Mem:11.21M (Peak 38.21M) | Time:00:00.10 | Mem:0.37M, Peak:0.52M | Scene, ViewLayer | Updating Integrator
Fra:1 Mem:11.21M (Peak 38.21M) | Time:00:00.10 | Mem:0.37M, Peak:0.52M | Scene, ViewLayer | Updating Film
Fra:1 Mem:11.22M (Peak 38.21M) | Time:00:00.10 | Mem:0.29M, Peak:0.52M | Scene, ViewLayer | Updating Lookup Tables
Fra:1 Mem:11.22M (Peak 38.21M) | Time:00:00.10 | Mem:0.38M, Peak:0.52M | Scene, ViewLayer | Updating Baking
Fra:1 Mem:11.22M (Peak 38.21M) | Time:00:00.10 | Mem:0.38M, Peak:0.52M | Scene, ViewLayer | Updating Device | Writing constant memory
Fra:1 Mem:11.22M (Peak 38.21M) | Time:00:00.10 | Mem:0.38M, Peak:0.52M | Scene, ViewLayer | Loading denoising kernels (may take a few minutes the first time)
Fra:1 Mem:24.54M (Peak 38.21M) | Time:00:00.10 | Mem:1171.88M, Peak:1171.88M | Scene, ViewLayer | Sample 0/8
Fra:1 Mem:29.29M (Peak 38.21M) | Time:00:00.10 | Remaining:00:00.01 | Mem:1176.63M, Peak:1176.63M | Scene, ViewLayer | Sample 1/8
Fra:1 Mem:31.29M (Peak 38.21M) | Time:00:00.12 | Mem:1230.21M, Peak:1231.71M | Scene, ViewLayer | Sample 8/8
Fra:1 Mem:31.29M (Peak 38.21M) | Time:00:00.12 | Mem:1230.21M, Peak:1231.71M | Scene, ViewLayer | Finished
Saved: '/tmp/pose_1_8mpctz_a/probe.png'
Time: 00:00.17 (Saving: 00:00.00)

Fra:1 Mem:11.01M (Peak 11.01M) | Time:00:00.04 | Mem:0.00M, Peak:0.00M | Scene, ViewLayer | Synchronizing object | 1
Fra:1 Mem:11.02M (Peak 11.02M) | Time:00:00.04 | Mem:0.00M, Peak:0.00M | Scene, ViewLayer | Synchronizing object | LeftFill
Fra:1 Mem:11.02M (Peak 11.02M) | Time:00:00.04 | Mem:0.00M, Peak:0.00M | Scene, ViewLayer | Synchronizing object | TopSoft
Fra:1 Mem:11.21M (Peak 11.21M) | Time:00:00.04 | Mem:0.00M, Peak:0.00M | Scene, ViewLayer | Initializing
Fra:1 Mem:10.97M (Peak 11.21M) | Time:00:00.04 | Mem:0.00M, Peak:0.00M | Scene, ViewLayer | Waiting for render to start
Fra:1 Mem:10.97M (Peak 11.21M) | Time:00:00.04 | Mem:0.00M, Peak:0.00M | Scene, ViewLayer | Updating Scene
Fra:1 Mem:10.97M (Peak 11.21M) | Time:00:00.04 | Mem:0.00M, Peak:0.00M | Scene, ViewLayer | Updating Shaders
Fra:1 Mem:11.05M (Peak 11.21M) | Time:00:00.04 | Mem:0.00M, Peak:0.00M | Scene, ViewLayer | Loading render kernels (may take a few minutes the first time)
Fra:1 Mem:11.05M (Peak 38.21M) | Time:00:00.10 | Mem:0.01M, Peak:0.01M | Scene, ViewLayer | Updating Procedurals
Fra:1 Mem:11.05M (Peak 38.21M) | Time:00:00.10 | Mem:0.01M, Peak:0.01M | Scene, ViewLayer | Updating Background
Fra:1 Mem:11.05M (Peak 38.21M) | Time:00:00.10 | Mem:0.01M, Peak:0.01M | Scene, ViewLayer | Updating Camera
Fra:1 Mem:11.05M (Peak 38.21M) | Time:00:00.10 | Mem:0.01M, Peak:0.01M | Scene, ViewLayer | Updating Meshes Flags
Fra:1 Mem:11.05M (Peak 38.21M) | Time:00:00.10 | Mem:0.01M, Peak:0.01M | Scene, ViewLayer | Updating Objects
Fra:1 Mem:11.05M (Peak 38.21M) | Time:00:00.10 | Mem:0.01M, Peak:0.01M | Scene, ViewLayer | Updating Objects | Copying Transformations to device
Fra:1 Mem:11.05M (Peak 38.21M) | Time:00:00.10 | Mem:0.01M, Peak:0.01M | Scene, ViewLayer | Updating Particle Systems
Fra:1 Mem:11.05M (Peak 38.21M) | Time:00:00.10 | Mem:0.01M, Peak:0.01M | Scene, ViewLayer | Updating Particle Systems | Copying Particles to device
Fra:1 Mem:11.05M (Peak 38.21M) | Time:00:00.10 | Mem:0.01M, Peak:0.01M | Scene, ViewLayer | Updating Meshes
Fra:1 Mem:11.05M (Peak 38.21M) | Time:00:00.10 | Mem:0.01M, Peak:0.01M | Scene, ViewLayer | Updating Objects | Applying Static Transformations
Fra:1 Mem:11.05M (Peak 38.21M) | Time:00:00.10 | Mem:0.01M, Peak:0.01M | Scene, ViewLayer | Updating Mesh | Computing attributes
Fra:1 Mem:11.08M (Peak 38.21M) | Time:00:00.10 | Mem:0.01M, Peak:0.01M | Scene, ViewLayer | Updating Mesh | Copying Attributes to device
Fra:1 Mem:11.08M (Peak 38.21M) | Time:00:00.10 | Mem:0.04M, Peak:0.04M | Scene, ViewLayer | Updating Geometry BVH light 8/7 | Building BVH
Fra:1 Mem:11.08M (Peak 38.21M) | Time:00:00.10 | Mem:0.04M, Peak:0.04M | Scene, ViewLayer | Updating Geometry BVH light 8/7 | Building OptiX acceleration structure
Fra:1 Mem:11.08M (Peak 38.21M) | Time:00:00.10 | Mem:0.04M, Peak:0.04M | Scene, ViewLayer | Updating Geometry BVH TopSoft 7/7 | Building BVH
Fra:1 Mem:11.08M (Peak 38.21M) | Time:00:00.10 | Mem:0.04M, Peak:0.04M | Scene, ViewLayer | Updating Geometry BVH TopSoft 7/7 | Building OptiX acceleration structure
Fra:1 Mem:11.08M (Peak 38.21M) | Time:00:00.10 | Mem:0.04M, Peak:0.04M | Scene, ViewLayer | Updating Geometry BVH BackFill 4/7 | Building BVH
Fra:1 Mem:11.08M (Peak 38.21M) | Time:00:00.10 | Mem:0.04M, Peak:0.04M | Scene, ViewLayer | Updating Geometry BVH LeftFill 5/7 | Building OptiX acceleration structure
Fra:1 Mem:11.08M (Peak 38.21M) | Time:00:00.10 | Mem:0.15M, Peak:0.51M | Scene, ViewLayer | Updating Scene BVH | Building
Fra:1 Mem:11.08M (Peak 38.21M) | Time:00:00.10 | Mem:0.15M, Peak:0.51M | Scene, ViewLayer | Updating Scene BVH | Building OptiX acceleration structure
Fra:1 Mem:11.08M (Peak 38.21M) | Time:00:00.10 | Mem:0.16M, Peak:0.51M | Scene, ViewLayer | Updating Scene BVH | Copying BVH to device
Fra:1 Mem:11.08M (Peak 38.21M) | Time:00:00.10 | Mem:0.16M, Peak:0.51M | Scene, ViewLayer | Updating Mesh | Computing normals
Fra:1 Mem:11.21M (Peak 38.21M) | Time:00:00.10 | Mem:0.16M, Peak:0.51M | Scene, ViewLayer | Updating Mesh | Copying Mesh to device
Fra:1 Mem:11.21M (Peak 38.21M) | Time:00:00.10 | Mem:0.29M, Peak:0.51M | Scene, ViewLayer | Updating Objects Flags
Fra:1 Mem:11.21M (Peak 38.21M) | Time:00:00.10 | Mem:0.29M, Peak:0.51M | Scene, ViewLayer | Updating Primitive Offsets
Fra:1 Mem:11.21M (Peak 38.21M) | Time:00:00.10 | Mem:0.29M, Peak:0.51M | Scene, ViewLayer | Updating Images
Fra:1 Mem:11.21M (Peak 38.21M) | Time:00:00.10 | Mem:0.29M, Peak:0.51M | Scene, ViewLayer | Updating Camera Volume
Fra:1 Mem:11.21M (Peak 38.21M) | Time:00:00.10 | Mem:0.29M, Peak:0.51M | Scene, ViewLayer | Updating Lookup Tables
Fra:1 Mem:11.21M (Peak 38.21M) | Time:00:00.10 | Mem:0.37M, Peak:0.51M | Scene, ViewLayer | Updating Lights
Fra:1 Mem:11.21M (Peak 38.21M) | Time:00:00.10 | Mem:0.37M, Peak:0.51M | Scene, ViewLayer | Updating Lights | Computing tree
Fra:1 Mem:11.21M (Peak 38.21M) | Time:00:00.10 | Mem:0.37M, Peak:0.51M | Scene, ViewLayer | Updating Integrator
Fra:1 Mem:11.21M (Peak 38.21M) | Time:00:00.10 | Mem:0.37M, Peak:0.51M | Scene, ViewLayer | Updating Film
Fra:1 Mem:11.22M (Peak 38.21M) | Time:00:00.10 | Mem:0.29M, Peak:0.51M | Scene, ViewLayer | Updating Lookup Tables
Fra:1 Mem:11.22M (Peak 38.21M) | Time:00:00.10 | Mem:0.37M, Peak:0.51M | Scene, ViewLayer | Updating Baking
Fra:1 Mem:11.22M (Peak 38.21M) | Time:00:00.10 | Mem:0.37M, Peak:0.51M | Scene, ViewLayer | Updating Device | Writing constant memory
Fra:1 Mem:11.22M (Peak 38.21M) | Time:00:00.10 | Mem:0.37M, Peak:0.51M | Scene, ViewLayer | Loading denoising kernels (may take a few minutes the first time)
Fra:1 Mem:24.54M (Peak 38.21M) | Time:00:00.11 | Mem:1171.88M, Peak:1171.88M | Scene, ViewLayer | Sample 0/8
Fra:1 Mem:29.29M (Peak 38.21M) | Time:00:00.11 | Remaining:00:00.01 | Mem:1176.63M, Peak:1176.63M | Scene, ViewLayer | Sample 1/8
Fra:1 Mem:31.29M (Peak 38.21M) | Time:00:00.13 | Mem:1230.20M, Peak:1231.70M | Scene, ViewLayer | Sample 8/8
Fra:1 Mem:31.29M (Peak 38.21M) | Time:00:00.13 | Mem:1230.20M, Peak:1231.70M | Scene, ViewLayer | Finished
Saved: '/tmp/pose_1_8mpctz_a/probe.png'
Time: 00:00.18 (Saving: 00:00.00)

Fra:1 Mem:11.01M (Peak 11.01M) | Time:00:00.04 | Mem:0.00M, Peak:0.00M | Scene, ViewLayer | Synchronizing object | 1
Fra:1 Mem:11.02M (Peak 11.02M) | Time:00:00.04 | Mem:0.00M, Peak:0.00M | Scene, ViewLayer | Synchronizing object | LeftFill
Fra:1 Mem:11.02M (Peak 11.02M) | Time:00:00.04 | Mem:0.00M, Peak:0.00M | Scene, ViewLayer | Synchronizing object | TopSoft
Fra:1 Mem:11.21M (Peak 11.21M) | Time:00:00.04 | Mem:0.00M, Peak:0.00M | Scene, ViewLayer | Initializing
Fra:1 Mem:10.97M (Peak 11.21M) | Time:00:00.04 | Mem:0.00M, Peak:0.00M | Scene, ViewLayer | Waiting for render to start
Fra:1 Mem:10.97M (Peak 11.21M) | Time:00:00.04 | Mem:0.00M, Peak:0.00M | Scene, ViewLayer | Updating Scene
Fra:1 Mem:10.97M (Peak 11.21M) | Time:00:00.04 | Mem:0.00M, Peak:0.00M | Scene, ViewLayer | Updating Shaders
Fra:1 Mem:11.05M (Peak 11.21M) | Time:00:00.04 | Mem:0.00M, Peak:0.00M | Scene, ViewLayer | Loading render kernels (may take a few minutes the first time)
Fra:1 Mem:11.05M (Peak 38.21M) | Time:00:00.10 | Mem:0.01M, Peak:0.01M | Scene, ViewLayer | Updating Procedurals
Fra:1 Mem:11.05M (Peak 38.21M) | Time:00:00.10 | Mem:0.01M, Peak:0.01M | Scene, ViewLayer | Updating Background
Fra:1 Mem:11.05M (Peak 38.21M) | Time:00:00.10 | Mem:0.01M, Peak:0.01M | Scene, ViewLayer | Updating Camera
Fra:1 Mem:11.05M (Peak 38.21M) | Time:00:00.10 | Mem:0.01M, Peak:0.01M | Scene, ViewLayer | Updating Meshes Flags
Fra:1 Mem:11.05M (Peak 38.21M) | Time:00:00.10 | Mem:0.01M, Peak:0.01M | Scene, ViewLayer | Updating Objects
Fra:1 Mem:11.05M (Peak 38.21M) | Time:00:00.10 | Mem:0.01M, Peak:0.01M | Scene, ViewLayer | Updating Objects | Copying Transformations to device
Fra:1 Mem:11.05M (Peak 38.21M) | Time:00:00.10 | Mem:0.01M, Peak:0.01M | Scene, ViewLayer | Updating Particle Systems
Fra:1 Mem:11.05M (Peak 38.21M) | Time:00:00.10 | Mem:0.01M, Peak:0.01M | Scene, ViewLayer | Updating Particle Systems | Copying Particles to device
Fra:1 Mem:11.05M (Peak 38.21M) | Time:00:00.10 | Mem:0.01M, Peak:0.01M | Scene, ViewLayer | Updating Meshes
Fra:1 Mem:11.05M (Peak 38.21M) | Time:00:00.10 | Mem:0.01M, Peak:0.01M | Scene, ViewLayer | Updating Objects | Applying Static Transformations
Fra:1 Mem:11.05M (Peak 38.21M) | Time:00:00.10 | Mem:0.01M, Peak:0.01M | Scene, ViewLayer | Updating Mesh | Computing attributes
Fra:1 Mem:11.08M (Peak 38.21M) | Time:00:00.10 | Mem:0.01M, Peak:0.01M | Scene, ViewLayer | Updating Mesh | Copying Attributes to device
Fra:1 Mem:11.08M (Peak 38.21M) | Time:00:00.10 | Mem:0.04M, Peak:0.04M | Scene, ViewLayer | Updating Geometry BVH light 8/7 | Building BVH
Fra:1 Mem:11.08M (Peak 38.21M) | Time:00:00.10 | Mem:0.04M, Peak:0.04M | Scene, ViewLayer | Updating Geometry BVH light 8/7 | Building OptiX acceleration structure
Fra:1 Mem:11.08M (Peak 38.21M) | Time:00:00.10 | Mem:0.04M, Peak:0.04M | Scene, ViewLayer | Updating Geometry BVH TopSoft 7/7 | Building BVH
Fra:1 Mem:11.08M (Peak 38.21M) | Time:00:00.10 | Mem:0.04M, Peak:0.04M | Scene, ViewLayer | Updating Geometry BVH TopSoft 7/7 | Building OptiX acceleration structure
Fra:1 Mem:11.08M (Peak 38.21M) | Time:00:00.10 | Mem:0.04M, Peak:0.04M | Scene, ViewLayer | Updating Geometry BVH RightFill 6/7 | Building BVH
Fra:1 Mem:11.08M (Peak 38.21M) | Time:00:00.10 | Mem:0.04M, Peak:0.04M | Scene, ViewLayer | Updating Geometry BVH RightFill 6/7 | Building OptiX acceleration structure
Fra:1 Mem:11.08M (Peak 38.21M) | Time:00:00.10 | Mem:0.04M, Peak:0.04M | Scene, ViewLayer | Updating Geometry BVH 1 2/7 | Building BVH
Fra:1 Mem:11.08M (Peak 38.21M) | Time:00:00.10 | Mem:0.04M, Peak:0.04M | Scene, ViewLayer | Updating Geometry BVH BackFill 4/7 | Building OptiX acceleration structure
Fra:1 Mem:11.08M (Peak 38.21M) | Time:00:00.10 | Mem:0.15M, Peak:0.51M | Scene, ViewLayer | Updating Scene BVH | Building
Fra:1 Mem:11.08M (Peak 38.21M) | Time:00:00.10 | Mem:0.15M, Peak:0.51M | Scene, ViewLayer | Updating Scene BVH | Building OptiX acceleration structure
Fra:1 Mem:11.08M (Peak 38.21M) | Time:00:00.10 | Mem:0.15M, Peak:0.51M | Scene, ViewLayer | Updating Scene BVH | Copying BVH to device
Fra:1 Mem:11.08M (Peak 38.21M) | Time:00:00.10 | Mem:0.15M, Peak:0.51M | Scene, ViewLayer | Updating Mesh | Computing normals
Fra:1 Mem:11.21M (Peak 38.21M) | Time:00:00.10 | Mem:0.15M, Peak:0.51M | Scene, ViewLayer | Updating Mesh | Copying Mesh to device
Fra:1 Mem:11.21M (Peak 38.21M) | Time:00:00.10 | Mem:0.29M, Peak:0.51M | Scene, ViewLayer | Updating Objects Flags
Fra:1 Mem:11.21M (Peak 38.21M) | Time:00:00.10 | Mem:0.29M, Peak:0.51M | Scene, ViewLayer | Updating Primitive Offsets
Fra:1 Mem:11.21M (Peak 38.21M) | Time:00:00.10 | Mem:0.29M, Peak:0.51M | Scene, ViewLayer | Updating Images
Fra:1 Mem:11.21M (Peak 38.21M) | Time:00:00.10 | Mem:0.29M, Peak:0.51M | Scene, ViewLayer | Updating Camera Volume
Fra:1 Mem:11.21M (Peak 38.21M) | Time:00:00.10 | Mem:0.29M, Peak:0.51M | Scene, ViewLayer | Updating Lookup Tables
Fra:1 Mem:11.21M (Peak 38.21M) | Time:00:00.10 | Mem:0.37M, Peak:0.51M | Scene, ViewLayer | Updating Lights
Fra:1 Mem:11.21M (Peak 38.21M) | Time:00:00.10 | Mem:0.37M, Peak:0.51M | Scene, ViewLayer | Updating Lights | Computing tree
Fra:1 Mem:11.21M (Peak 38.21M) | Time:00:00.10 | Mem:0.37M, Peak:0.51M | Scene, ViewLayer | Updating Integrator
Fra:1 Mem:11.21M (Peak 38.21M) | Time:00:00.10 | Mem:0.37M, Peak:0.51M | Scene, ViewLayer | Updating Film
Fra:1 Mem:11.22M (Peak 38.21M) | Time:00:00.10 | Mem:0.29M, Peak:0.51M | Scene, ViewLayer | Updating Lookup Tables
Fra:1 Mem:11.22M (Peak 38.21M) | Time:00:00.10 | Mem:0.37M, Peak:0.51M | Scene, ViewLayer | Updating Baking
Fra:1 Mem:11.22M (Peak 38.21M) | Time:00:00.10 | Mem:0.37M, Peak:0.51M | Scene, ViewLayer | Updating Device | Writing constant memory
Fra:1 Mem:11.22M (Peak 38.21M) | Time:00:00.10 | Mem:0.37M, Peak:0.51M | Scene, ViewLayer | Loading denoising kernels (may take a few minutes the first time)
Fra:1 Mem:24.54M (Peak 38.21M) | Time:00:00.11 | Mem:1171.88M, Peak:1171.88M | Scene, ViewLayer | Sample 0/8
Fra:1 Mem:29.29M (Peak 38.21M) | Time:00:00.11 | Remaining:00:00.01 | Mem:1176.63M, Peak:1176.63M | Scene, ViewLayer | Sample 1/8
Fra:1 Mem:31.29M (Peak 38.21M) | Time:00:00.13 | Mem:1230.20M, Peak:1231.70M | Scene, ViewLayer | Sample 8/8
Fra:1 Mem:31.29M (Peak 38.21M) | Time:00:00.13 | Mem:1230.20M, Peak:1231.70M | Scene, ViewLayer | Finished
Saved: '/tmp/pose_1_8mpctz_a/probe.png'
Time: 00:00.18 (Saving: 00:00.00)

Fra:1 Mem:11.01M (Peak 11.01M) | Time:00:00.04 | Mem:0.00M, Peak:0.00M | Scene, ViewLayer | Synchronizing object | 1
Fra:1 Mem:11.02M (Peak 11.02M) | Time:00:00.04 | Mem:0.00M, Peak:0.00M | Scene, ViewLayer | Synchronizing object | BackFill
Fra:1 Mem:11.02M (Peak 11.02M) | Time:00:00.04 | Mem:0.00M, Peak:0.00M | Scene, ViewLayer | Synchronizing object | TopSoft
Fra:1 Mem:11.21M (Peak 11.21M) | Time:00:00.04 | Mem:0.00M, Peak:0.00M | Scene, ViewLayer | Initializing
Fra:1 Mem:10.97M (Peak 11.21M) | Time:00:00.04 | Mem:0.00M, Peak:0.00M | Scene, ViewLayer | Waiting for render to start
Fra:1 Mem:10.97M (Peak 11.21M) | Time:00:00.04 | Mem:0.00M, Peak:0.00M | Scene, ViewLayer | Updating Scene
Fra:1 Mem:10.97M (Peak 11.21M) | Time:00:00.04 | Mem:0.00M, Peak:0.00M | Scene, ViewLayer | Updating Shaders
Fra:1 Mem:11.05M (Peak 11.21M) | Time:00:00.04 | Mem:0.00M, Peak:0.00M | Scene, ViewLayer | Loading render kernels (may take a few minutes the first time)
Fra:1 Mem:11.05M (Peak 38.21M) | Time:00:00.10 | Mem:0.01M, Peak:0.01M | Scene, ViewLayer | Updating Procedurals
Fra:1 Mem:11.05M (Peak 38.21M) | Time:00:00.10 | Mem:0.01M, Peak:0.01M | Scene, ViewLayer | Updating Background
Fra:1 Mem:11.05M (Peak 38.21M) | Time:00:00.10 | Mem:0.01M, Peak:0.01M | Scene, ViewLayer | Updating Camera
Fra:1 Mem:11.05M (Peak 38.21M) | Time:00:00.10 | Mem:0.01M, Peak:0.01M | Scene, ViewLayer | Updating Meshes Flags
Fra:1 Mem:11.05M (Peak 38.21M) | Time:00:00.10 | Mem:0.01M, Peak:0.01M | Scene, ViewLayer | Updating Objects
Fra:1 Mem:11.05M (Peak 38.21M) | Time:00:00.10 | Mem:0.01M, Peak:0.01M | Scene, ViewLayer | Updating Objects | Copying Transformations to device
Fra:1 Mem:11.05M (Peak 38.21M) | Time:00:00.10 | Mem:0.01M, Peak:0.01M | Scene, ViewLayer | Updating Particle Systems
Fra:1 Mem:11.05M (Peak 38.21M) | Time:00:00.10 | Mem:0.01M, Peak:0.01M | Scene, ViewLayer | Updating Particle Systems | Copying Particles to device
Fra:1 Mem:11.05M (Peak 38.21M) | Time:00:00.10 | Mem:0.01M, Peak:0.01M | Scene, ViewLayer | Updating Meshes
Fra:1 Mem:11.05M (Peak 38.21M) | Time:00:00.10 | Mem:0.01M, Peak:0.01M | Scene, ViewLayer | Updating Objects | Applying Static Transformations
Fra:1 Mem:11.05M (Peak 38.21M) | Time:00:00.10 | Mem:0.01M, Peak:0.01M | Scene, ViewLayer | Updating Mesh | Computing attributes
Fra:1 Mem:11.08M (Peak 38.21M) | Time:00:00.10 | Mem:0.01M, Peak:0.01M | Scene, ViewLayer | Updating Mesh | Copying Attributes to device
Fra:1 Mem:11.08M (Peak 38.21M) | Time:00:00.10 | Mem:0.04M, Peak:0.04M | Scene, ViewLayer | Updating Geometry BVH light 8/7 | Building BVH
Fra:1 Mem:11.08M (Peak 38.21M) | Time:00:00.10 | Mem:0.04M, Peak:0.04M | Scene, ViewLayer | Updating Geometry BVH light 8/7 | Building OptiX acceleration structure
Fra:1 Mem:11.08M (Peak 38.21M) | Time:00:00.10 | Mem:0.04M, Peak:0.04M | Scene, ViewLayer | Updating Geometry BVH TopSoft 7/7 | Building BVH
Fra:1 Mem:11.08M (Peak 38.21M) | Time:00:00.10 | Mem:0.04M, Peak:0.04M | Scene, ViewLayer | Updating Geometry BVH TopSoft 7/7 | Building OptiX acceleration structure
Fra:1 Mem:11.08M (Peak 38.21M) | Time:00:00.10 | Mem:0.04M, Peak:0.04M | Scene, ViewLayer | Updating Geometry BVH FrontKey 3/7 | Building BVH
Fra:1 Mem:11.08M (Peak 38.21M) | Time:00:00.10 | Mem:0.04M, Peak:0.04M | Scene, ViewLayer | Updating Geometry BVH LeftFill 5/7 | Building OptiX acceleration structure
Fra:1 Mem:11.08M (Peak 38.21M) | Time:00:00.10 | Mem:0.15M, Peak:0.51M | Scene, ViewLayer | Updating Scene BVH | Building
Fra:1 Mem:11.08M (Peak 38.21M) | Time:00:00.10 | Mem:0.15M, Peak:0.51M | Scene, ViewLayer | Updating Scene BVH | Building OptiX acceleration structure
Fra:1 Mem:11.08M (Peak 38.21M) | Time:00:00.10 | Mem:0.15M, Peak:0.51M | Scene, ViewLayer | Updating Scene BVH | Copying BVH to device
Fra:1 Mem:11.08M (Peak 38.21M) | Time:00:00.10 | Mem:0.15M, Peak:0.51M | Scene, ViewLayer | Updating Mesh | Computing normals
Fra:1 Mem:11.21M (Peak 38.21M) | Time:00:00.10 | Mem:0.15M, Peak:0.51M | Scene, ViewLayer | Updating Mesh | Copying Mesh to device
Fra:1 Mem:11.21M (Peak 38.21M) | Time:00:00.10 | Mem:0.29M, Peak:0.51M | Scene, ViewLayer | Updating Objects Flags
Fra:1 Mem:11.21M (Peak 38.21M) | Time:00:00.10 | Mem:0.29M, Peak:0.51M | Scene, ViewLayer | Updating Primitive Offsets
Fra:1 Mem:11.21M (Peak 38.21M) | Time:00:00.10 | Mem:0.29M, Peak:0.51M | Scene, ViewLayer | Updating Images
Fra:1 Mem:11.21M (Peak 38.21M) | Time:00:00.10 | Mem:0.29M, Peak:0.51M | Scene, ViewLayer | Updating Camera Volume
Fra:1 Mem:11.21M (Peak 38.21M) | Time:00:00.10 | Mem:0.29M, Peak:0.51M | Scene, ViewLayer | Updating Lookup Tables
Fra:1 Mem:11.21M (Peak 38.21M) | Time:00:00.10 | Mem:0.37M, Peak:0.51M | Scene, ViewLayer | Updating Lights
Fra:1 Mem:11.21M (Peak 38.21M) | Time:00:00.10 | Mem:0.37M, Peak:0.51M | Scene, ViewLayer | Updating Lights | Computing tree
Fra:1 Mem:11.21M (Peak 38.21M) | Time:00:00.10 | Mem:0.37M, Peak:0.51M | Scene, ViewLayer | Updating Integrator
Fra:1 Mem:11.21M (Peak 38.21M) | Time:00:00.10 | Mem:0.37M, Peak:0.51M | Scene, ViewLayer | Updating Film
Fra:1 Mem:11.22M (Peak 38.21M) | Time:00:00.10 | Mem:0.29M, Peak:0.51M | Scene, ViewLayer | Updating Lookup Tables
Fra:1 Mem:11.22M (Peak 38.21M) | Time:00:00.10 | Mem:0.37M, Peak:0.51M | Scene, ViewLayer | Updating Baking
Fra:1 Mem:11.22M (Peak 38.21M) | Time:00:00.10 | Mem:0.37M, Peak:0.51M | Scene, ViewLayer | Updating Device | Writing constant memory
Fra:1 Mem:11.22M (Peak 38.21M) | Time:00:00.10 | Mem:0.37M, Peak:0.51M | Scene, ViewLayer | Loading denoising kernels (may take a few minutes the first time)
Fra:1 Mem:24.54M (Peak 38.21M) | Time:00:00.11 | Mem:1171.88M, Peak:1171.88M | Scene, ViewLayer | Sample 0/8
Fra:1 Mem:29.29M (Peak 38.21M) | Time:00:00.11 | Remaining:00:00.01 | Mem:1176.63M, Peak:1176.63M | Scene, ViewLayer | Sample 1/8
Fra:1 Mem:31.29M (Peak 38.21M) | Time:00:00.13 | Mem:1230.20M, Peak:1231.70M | Scene, ViewLayer | Sample 8/8
Fra:1 Mem:31.29M (Peak 38.21M) | Time:00:00.13 | Mem:1230.20M, Peak:1231.70M | Scene, ViewLayer | Finished
Saved: '/tmp/pose_1_8mpctz_a/probe.png'
Time: 00:00.18 (Saving: 00:00.00)

Fra:1 Mem:11.01M (Peak 11.01M) | Time:00:00.04 | Mem:0.00M, Peak:0.00M | Scene, ViewLayer | Synchronizing object | 1
Fra:1 Mem:11.02M (Peak 11.02M) | Time:00:00.04 | Mem:0.00M, Peak:0.00M | Scene, ViewLayer | Synchronizing object | BackFill
Fra:1 Mem:11.02M (Peak 11.02M) | Time:00:00.04 | Mem:0.00M, Peak:0.00M | Scene, ViewLayer | Synchronizing object | TopSoft
Fra:1 Mem:11.21M (Peak 11.21M) | Time:00:00.04 | Mem:0.00M, Peak:0.00M | Scene, ViewLayer | Initializing
Fra:1 Mem:10.97M (Peak 11.21M) | Time:00:00.04 | Mem:0.00M, Peak:0.00M | Scene, ViewLayer | Waiting for render to start
Fra:1 Mem:10.97M (Peak 11.21M) | Time:00:00.04 | Mem:0.00M, Peak:0.00M | Scene, ViewLayer | Updating Scene
Fra:1 Mem:10.97M (Peak 11.21M) | Time:00:00.04 | Mem:0.00M, Peak:0.00M | Scene, ViewLayer | Updating Shaders
Fra:1 Mem:11.05M (Peak 11.21M) | Time:00:00.04 | Mem:0.00M, Peak:0.00M | Scene, ViewLayer | Loading render kernels (may take a few minutes the first time)
Fra:1 Mem:11.05M (Peak 38.21M) | Time:00:00.10 | Mem:0.01M, Peak:0.01M | Scene, ViewLayer | Updating Procedurals
Fra:1 Mem:11.05M (Peak 38.21M) | Time:00:00.10 | Mem:0.01M, Peak:0.01M | Scene, ViewLayer | Updating Background
Fra:1 Mem:11.05M (Peak 38.21M) | Time:00:00.10 | Mem:0.01M, Peak:0.01M | Scene, ViewLayer | Updating Camera
Fra:1 Mem:11.05M (Peak 38.21M) | Time:00:00.10 | Mem:0.01M, Peak:0.01M | Scene, ViewLayer | Updating Meshes Flags
Fra:1 Mem:11.05M (Peak 38.21M) | Time:00:00.10 | Mem:0.01M, Peak:0.01M | Scene, ViewLayer | Updating Objects
Fra:1 Mem:11.05M (Peak 38.21M) | Time:00:00.10 | Mem:0.01M, Peak:0.01M | Scene, ViewLayer | Updating Objects | Copying Transformations to device
Fra:1 Mem:11.05M (Peak 38.21M) | Time:00:00.10 | Mem:0.01M, Peak:0.01M | Scene, ViewLayer | Updating Particle Systems
Fra:1 Mem:11.05M (Peak 38.21M) | Time:00:00.10 | Mem:0.01M, Peak:0.01M | Scene, ViewLayer | Updating Particle Systems | Copying Particles to device
Fra:1 Mem:11.05M (Peak 38.21M) | Time:00:00.10 | Mem:0.01M, Peak:0.01M | Scene, ViewLayer | Updating Meshes
Fra:1 Mem:11.05M (Peak 38.21M) | Time:00:00.10 | Mem:0.01M, Peak:0.01M | Scene, ViewLayer | Updating Objects | Applying Static Transformations
Fra:1 Mem:11.05M (Peak 38.21M) | Time:00:00.10 | Mem:0.01M, Peak:0.01M | Scene, ViewLayer | Updating Mesh | Computing attributes
Fra:1 Mem:11.08M (Peak 38.21M) | Time:00:00.10 | Mem:0.01M, Peak:0.01M | Scene, ViewLayer | Updating Mesh | Copying Attributes to device
Fra:1 Mem:11.08M (Peak 38.21M) | Time:00:00.10 | Mem:0.04M, Peak:0.04M | Scene, ViewLayer | Updating Geometry BVH light 8/7 | Building BVH
Fra:1 Mem:11.08M (Peak 38.21M) | Time:00:00.10 | Mem:0.04M, Peak:0.04M | Scene, ViewLayer | Updating Geometry BVH light 8/7 | Building OptiX acceleration structure
Fra:1 Mem:11.08M (Peak 38.21M) | Time:00:00.10 | Mem:0.04M, Peak:0.04M | Scene, ViewLayer | Updating Geometry BVH TopSoft 7/7 | Building BVH
Fra:1 Mem:11.08M (Peak 38.21M) | Time:00:00.10 | Mem:0.04M, Peak:0.04M | Scene, ViewLayer | Updating Geometry BVH TopSoft 7/7 | Building OptiX acceleration structure
Fra:1 Mem:11.08M (Peak 38.21M) | Time:00:00.10 | Mem:0.04M, Peak:0.04M | Scene, ViewLayer | Updating Geometry BVH RightFill 6/7 | Building BVH
Fra:1 Mem:11.08M (Peak 38.21M) | Time:00:00.10 | Mem:0.04M, Peak:0.04M | Scene, ViewLayer | Updating Geometry BVH LeftFill 5/7 | Building OptiX acceleration structure
Fra:1 Mem:11.08M (Peak 38.21M) | Time:00:00.10 | Mem:0.15M, Peak:0.51M | Scene, ViewLayer | Updating Scene BVH | Building
Fra:1 Mem:11.08M (Peak 38.21M) | Time:00:00.10 | Mem:0.15M, Peak:0.51M | Scene, ViewLayer | Updating Scene BVH | Building OptiX acceleration structure
Fra:1 Mem:11.08M (Peak 38.21M) | Time:00:00.10 | Mem:0.15M, Peak:0.51M | Scene, ViewLayer | Updating Scene BVH | Copying BVH to device
Fra:1 Mem:11.08M (Peak 38.21M) | Time:00:00.10 | Mem:0.15M, Peak:0.51M | Scene, ViewLayer | Updating Mesh | Computing normals
Fra:1 Mem:11.21M (Peak 38.21M) | Time:00:00.10 | Mem:0.15M, Peak:0.51M | Scene, ViewLayer | Updating Mesh | Copying Mesh to device
Fra:1 Mem:11.21M (Peak 38.21M) | Time:00:00.10 | Mem:0.29M, Peak:0.51M | Scene, ViewLayer | Updating Objects Flags
Fra:1 Mem:11.21M (Peak 38.21M) | Time:00:00.10 | Mem:0.29M, Peak:0.51M | Scene, ViewLayer | Updating Primitive Offsets
Fra:1 Mem:11.21M (Peak 38.21M) | Time:00:00.10 | Mem:0.29M, Peak:0.51M | Scene, ViewLayer | Updating Images
Fra:1 Mem:11.21M (Peak 38.21M) | Time:00:00.10 | Mem:0.29M, Peak:0.51M | Scene, ViewLayer | Updating Camera Volume
Fra:1 Mem:11.21M (Peak 38.21M) | Time:00:00.10 | Mem:0.29M, Peak:0.51M | Scene, ViewLayer | Updating Lookup Tables
Fra:1 Mem:11.21M (Peak 38.21M) | Time:00:00.10 | Mem:0.37M, Peak:0.51M | Scene, ViewLayer | Updating Lights
Fra:1 Mem:11.21M (Peak 38.21M) | Time:00:00.10 | Mem:0.37M, Peak:0.51M | Scene, ViewLayer | Updating Lights | Computing tree
Fra:1 Mem:11.21M (Peak 38.21M) | Time:00:00.10 | Mem:0.37M, Peak:0.51M | Scene, ViewLayer | Updating Integrator
Fra:1 Mem:11.21M (Peak 38.21M) | Time:00:00.10 | Mem:0.37M, Peak:0.51M | Scene, ViewLayer | Updating Film
Fra:1 Mem:11.22M (Peak 38.21M) | Time:00:00.10 | Mem:0.29M, Peak:0.51M | Scene, ViewLayer | Updating Lookup Tables
Fra:1 Mem:11.22M (Peak 38.21M) | Time:00:00.10 | Mem:0.37M, Peak:0.51M | Scene, ViewLayer | Updating Baking
Fra:1 Mem:11.22M (Peak 38.21M) | Time:00:00.10 | Mem:0.37M, Peak:0.51M | Scene, ViewLayer | Updating Device | Writing constant memory
Fra:1 Mem:11.22M (Peak 38.21M) | Time:00:00.10 | Mem:0.37M, Peak:0.51M | Scene, ViewLayer | Loading denoising kernels (may take a few minutes the first time)
Fra:1 Mem:24.54M (Peak 38.21M) | Time:00:00.10 | Mem:1171.88M, Peak:1171.88M | Scene, ViewLayer | Sample 0/8
Fra:1 Mem:29.29M (Peak 38.21M) | Time:00:00.11 | Remaining:00:00.01 | Mem:1176.63M, Peak:1176.63M | Scene, ViewLayer | Sample 1/8
Fra:1 Mem:31.29M (Peak 38.21M) | Time:00:00.12 | Mem:1230.20M, Peak:1231.70M | Scene, ViewLayer | Sample 8/8
Fra:1 Mem:31.29M (Peak 38.21M) | Time:00:00.12 | Mem:1230.20M, Peak:1231.70M | Scene, ViewLayer | Finished
Saved: '/tmp/pose_1_8mpctz_a/probe.png'
Time: 00:00.17 (Saving: 00:00.00)

Fra:1 Mem:11.01M (Peak 11.01M) | Time:00:00.04 | Mem:0.00M, Peak:0.00M | Scene, ViewLayer | Synchronizing object | 1
Fra:1 Mem:11.02M (Peak 11.02M) | Time:00:00.04 | Mem:0.00M, Peak:0.00M | Scene, ViewLayer | Synchronizing object | FrontKey
Fra:1 Mem:11.02M (Peak 11.02M) | Time:00:00.04 | Mem:0.00M, Peak:0.00M | Scene, ViewLayer | Synchronizing object | TopSoft
Fra:1 Mem:11.17M (Peak 11.17M) | Time:00:00.04 | Mem:0.00M, Peak:0.00M | Scene, ViewLayer | Synchronizing object | LeftFill
Fra:1 Mem:11.21M (Peak 11.21M) | Time:00:00.04 | Mem:0.00M, Peak:0.00M | Scene, ViewLayer | Initializing
Fra:1 Mem:10.97M (Peak 11.21M) | Time:00:00.04 | Mem:0.00M, Peak:0.00M | Scene, ViewLayer | Waiting for render to start
Fra:1 Mem:10.97M (Peak 11.21M) | Time:00:00.04 | Mem:0.00M, Peak:0.00M | Scene, ViewLayer | Updating Scene
Fra:1 Mem:10.97M (Peak 11.21M) | Time:00:00.04 | Mem:0.00M, Peak:0.00M | Scene, ViewLayer | Updating Shaders
Fra:1 Mem:11.05M (Peak 11.21M) | Time:00:00.04 | Mem:0.00M, Peak:0.00M | Scene, ViewLayer | Loading render kernels (may take a few minutes the first time)
Fra:1 Mem:11.05M (Peak 38.21M) | Time:00:00.10 | Mem:0.01M, Peak:0.01M | Scene, ViewLayer | Updating Procedurals
Fra:1 Mem:11.05M (Peak 38.21M) | Time:00:00.10 | Mem:0.01M, Peak:0.01M | Scene, ViewLayer | Updating Background
Fra:1 Mem:11.05M (Peak 38.21M) | Time:00:00.10 | Mem:0.01M, Peak:0.01M | Scene, ViewLayer | Updating Camera
Fra:1 Mem:11.05M (Peak 38.21M) | Time:00:00.10 | Mem:0.01M, Peak:0.01M | Scene, ViewLayer | Updating Meshes Flags
Fra:1 Mem:11.05M (Peak 38.21M) | Time:00:00.10 | Mem:0.01M, Peak:0.01M | Scene, ViewLayer | Updating Objects
Fra:1 Mem:11.05M (Peak 38.21M) | Time:00:00.10 | Mem:0.01M, Peak:0.01M | Scene, ViewLayer | Updating Objects | Copying Transformations to device
Fra:1 Mem:11.05M (Peak 38.21M) | Time:00:00.10 | Mem:0.01M, Peak:0.01M | Scene, ViewLayer | Updating Particle Systems
Fra:1 Mem:11.05M (Peak 38.21M) | Time:00:00.10 | Mem:0.01M, Peak:0.01M | Scene, ViewLayer | Updating Particle Systems | Copying Particles to device
Fra:1 Mem:11.05M (Peak 38.21M) | Time:00:00.10 | Mem:0.01M, Peak:0.01M | Scene, ViewLayer | Updating Meshes
Fra:1 Mem:11.05M (Peak 38.21M) | Time:00:00.10 | Mem:0.01M, Peak:0.01M | Scene, ViewLayer | Updating Objects | Applying Static Transformations
Fra:1 Mem:11.05M (Peak 38.21M) | Time:00:00.10 | Mem:0.01M, Peak:0.01M | Scene, ViewLayer | Updating Mesh | Computing attributes
Fra:1 Mem:11.08M (Peak 38.21M) | Time:00:00.10 | Mem:0.01M, Peak:0.01M | Scene, ViewLayer | Updating Mesh | Copying Attributes to device
Fra:1 Mem:11.08M (Peak 38.21M) | Time:00:00.10 | Mem:0.04M, Peak:0.04M | Scene, ViewLayer | Updating Geometry BVH light 8/7 | Building BVH
Fra:1 Mem:11.08M (Peak 38.21M) | Time:00:00.10 | Mem:0.04M, Peak:0.04M | Scene, ViewLayer | Updating Geometry BVH light 8/7 | Building OptiX acceleration structure
Fra:1 Mem:11.08M (Peak 38.21M) | Time:00:00.10 | Mem:0.04M, Peak:0.04M | Scene, ViewLayer | Updating Geometry BVH TopSoft 7/7 | Building BVH
Fra:1 Mem:11.08M (Peak 38.21M) | Time:00:00.10 | Mem:0.04M, Peak:0.04M | Scene, ViewLayer | Updating Geometry BVH TopSoft 7/7 | Building OptiX acceleration structure
Fra:1 Mem:11.08M (Peak 38.21M) | Time:00:00.10 | Mem:0.04M, Peak:0.04M | Scene, ViewLayer | Updating Geometry BVH RightFill 6/7 | Building BVH
Fra:1 Mem:11.08M (Peak 38.21M) | Time:00:00.10 | Mem:0.04M, Peak:0.04M | Scene, ViewLayer | Updating Geometry BVH 1 2/7 | Building OptiX acceleration structure
Fra:1 Mem:11.08M (Peak 38.21M) | Time:00:00.10 | Mem:0.15M, Peak:0.51M | Scene, ViewLayer | Updating Scene BVH | Building
Fra:1 Mem:11.08M (Peak 38.21M) | Time:00:00.10 | Mem:0.15M, Peak:0.51M | Scene, ViewLayer | Updating Scene BVH | Building OptiX acceleration structure
Fra:1 Mem:11.08M (Peak 38.21M) | Time:00:00.10 | Mem:0.16M, Peak:0.51M | Scene, ViewLayer | Updating Scene BVH | Copying BVH to device
Fra:1 Mem:11.08M (Peak 38.21M) | Time:00:00.10 | Mem:0.16M, Peak:0.51M | Scene, ViewLayer | Updating Mesh | Computing normals
Fra:1 Mem:11.21M (Peak 38.21M) | Time:00:00.10 | Mem:0.16M, Peak:0.51M | Scene, ViewLayer | Updating Mesh | Copying Mesh to device
Fra:1 Mem:11.21M (Peak 38.21M) | Time:00:00.10 | Mem:0.29M, Peak:0.51M | Scene, ViewLayer | Updating Objects Flags
Fra:1 Mem:11.21M (Peak 38.21M) | Time:00:00.10 | Mem:0.29M, Peak:0.51M | Scene, ViewLayer | Updating Primitive Offsets
Fra:1 Mem:11.21M (Peak 38.21M) | Time:00:00.10 | Mem:0.29M, Peak:0.51M | Scene, ViewLayer | Updating Images
Fra:1 Mem:11.21M (Peak 38.21M) | Time:00:00.10 | Mem:0.29M, Peak:0.51M | Scene, ViewLayer | Updating Camera Volume
Fra:1 Mem:11.21M (Peak 38.21M) | Time:00:00.10 | Mem:0.29M, Peak:0.51M | Scene, ViewLayer | Updating Lookup Tables
Fra:1 Mem:11.21M (Peak 38.21M) | Time:00:00.10 | Mem:0.37M, Peak:0.51M | Scene, ViewLayer | Updating Lights
Fra:1 Mem:11.21M (Peak 38.21M) | Time:00:00.10 | Mem:0.37M, Peak:0.51M | Scene, ViewLayer | Updating Lights | Computing tree
Fra:1 Mem:11.21M (Peak 38.21M) | Time:00:00.10 | Mem:0.37M, Peak:0.51M | Scene, ViewLayer | Updating Integrator
Fra:1 Mem:11.21M (Peak 38.21M) | Time:00:00.10 | Mem:0.37M, Peak:0.51M | Scene, ViewLayer | Updating Film
Fra:1 Mem:11.22M (Peak 38.21M) | Time:00:00.10 | Mem:0.29M, Peak:0.51M | Scene, ViewLayer | Updating Lookup Tables
Fra:1 Mem:11.22M (Peak 38.21M) | Time:00:00.10 | Mem:0.37M, Peak:0.51M | Scene, ViewLayer | Updating Baking
Fra:1 Mem:11.22M (Peak 38.21M) | Time:00:00.10 | Mem:0.37M, Peak:0.51M | Scene, ViewLayer | Updating Device | Writing constant memory
Fra:1 Mem:11.22M (Peak 38.21M) | Time:00:00.10 | Mem:0.37M, Peak:0.51M | Scene, ViewLayer | Loading denoising kernels (may take a few minutes the first time)
Fra:1 Mem:24.54M (Peak 38.21M) | Time:00:00.10 | Mem:1171.88M, Peak:1171.88M | Scene, ViewLayer | Sample 0/8
Fra:1 Mem:29.29M (Peak 38.21M) | Time:00:00.11 | Remaining:00:00.01 | Mem:1176.63M, Peak:1176.63M | Scene, ViewLayer | Sample 1/8
Fra:1 Mem:31.29M (Peak 38.21M) | Time:00:00.12 | Mem:1230.20M, Peak:1231.70M | Scene, ViewLayer | Sample 8/8
Fra:1 Mem:31.29M (Peak 38.21M) | Time:00:00.12 | Mem:1230.20M, Peak:1231.70M | Scene, ViewLayer | Finished
Saved: '/tmp/pose_1_8mpctz_a/probe.png'
Time: 00:00.17 (Saving: 00:00.00)

Fra:1 Mem:11.01M (Peak 11.01M) | Time:00:00.04 | Mem:0.00M, Peak:0.00M | Scene, ViewLayer | Synchronizing object | 1
Fra:1 Mem:11.02M (Peak 11.02M) | Time:00:00.04 | Mem:0.00M, Peak:0.00M | Scene, ViewLayer | Synchronizing object | FrontKey
Fra:1 Mem:11.13M (Peak 11.13M) | Time:00:00.04 | Mem:0.00M, Peak:0.00M | Scene, ViewLayer | Synchronizing object | TopSoft
Fra:1 Mem:11.21M (Peak 11.21M) | Time:00:00.04 | Mem:0.00M, Peak:0.00M | Scene, ViewLayer | Initializing
Fra:1 Mem:10.97M (Peak 11.21M) | Time:00:00.04 | Mem:0.00M, Peak:0.00M | Scene, ViewLayer | Waiting for render to start
Fra:1 Mem:10.97M (Peak 11.21M) | Time:00:00.04 | Mem:0.00M, Peak:0.00M | Scene, ViewLayer | Updating Scene
Fra:1 Mem:10.97M (Peak 11.21M) | Time:00:00.04 | Mem:0.00M, Peak:0.00M | Scene, ViewLayer | Updating Shaders
Fra:1 Mem:11.05M (Peak 11.21M) | Time:00:00.04 | Mem:0.00M, Peak:0.00M | Scene, ViewLayer | Loading render kernels (may take a few minutes the first time)
Fra:1 Mem:11.05M (Peak 38.21M) | Time:00:00.10 | Mem:0.01M, Peak:0.01M | Scene, ViewLayer | Updating Procedurals
Fra:1 Mem:11.05M (Peak 38.21M) | Time:00:00.10 | Mem:0.01M, Peak:0.01M | Scene, ViewLayer | Updating Background
Fra:1 Mem:11.05M (Peak 38.21M) | Time:00:00.10 | Mem:0.01M, Peak:0.01M | Scene, ViewLayer | Updating Camera
Fra:1 Mem:11.05M (Peak 38.21M) | Time:00:00.10 | Mem:0.01M, Peak:0.01M | Scene, ViewLayer | Updating Meshes Flags
Fra:1 Mem:11.05M (Peak 38.21M) | Time:00:00.10 | Mem:0.01M, Peak:0.01M | Scene, ViewLayer | Updating Objects
Fra:1 Mem:11.05M (Peak 38.21M) | Time:00:00.10 | Mem:0.01M, Peak:0.01M | Scene, ViewLayer | Updating Objects | Copying Transformations to device
Fra:1 Mem:11.05M (Peak 38.21M) | Time:00:00.10 | Mem:0.01M, Peak:0.01M | Scene, ViewLayer | Updating Particle Systems
Fra:1 Mem:11.05M (Peak 38.21M) | Time:00:00.10 | Mem:0.01M, Peak:0.01M | Scene, ViewLayer | Updating Particle Systems | Copying Particles to device
Fra:1 Mem:11.05M (Peak 38.21M) | Time:00:00.10 | Mem:0.01M, Peak:0.01M | Scene, ViewLayer | Updating Meshes
Fra:1 Mem:11.05M (Peak 38.21M) | Time:00:00.10 | Mem:0.01M, Peak:0.01M | Scene, ViewLayer | Updating Objects | Applying Static Transformations
Fra:1 Mem:11.05M (Peak 38.21M) | Time:00:00.10 | Mem:0.01M, Peak:0.01M | Scene, ViewLayer | Updating Mesh | Computing attributes
Fra:1 Mem:11.08M (Peak 38.21M) | Time:00:00.10 | Mem:0.01M, Peak:0.01M | Scene, ViewLayer | Updating Mesh | Copying Attributes to device
Fra:1 Mem:11.08M (Peak 38.21M) | Time:00:00.10 | Mem:0.04M, Peak:0.04M | Scene, ViewLayer | Updating Geometry BVH light 8/7 | Building BVH
Fra:1 Mem:11.08M (Peak 38.21M) | Time:00:00.10 | Mem:0.04M, Peak:0.04M | Scene, ViewLayer | Updating Geometry BVH light 8/7 | Building OptiX acceleration structure
Fra:1 Mem:11.08M (Peak 38.21M) | Time:00:00.10 | Mem:0.04M, Peak:0.04M | Scene, ViewLayer | Updating Geometry BVH TopSoft 7/7 | Building BVH
Fra:1 Mem:11.08M (Peak 38.21M) | Time:00:00.10 | Mem:0.04M, Peak:0.04M | Scene, ViewLayer | Updating Geometry BVH TopSoft 7/7 | Building OptiX acceleration structure
Fra:1 Mem:11.08M (Peak 38.21M) | Time:00:00.10 | Mem:0.04M, Peak:0.04M | Scene, ViewLayer | Updating Geometry BVH RightFill 6/7 | Building BVH
Fra:1 Mem:11.08M (Peak 38.21M) | Time:00:00.10 | Mem:0.04M, Peak:0.04M | Scene, ViewLayer | Updating Geometry BVH 1 2/7 | Building OptiX acceleration structure
Fra:1 Mem:11.08M (Peak 38.21M) | Time:00:00.10 | Mem:0.04M, Peak:0.04M | Scene, ViewLayer | Updating Geometry BVH LeftFill 5/7 | Building BVH
Fra:1 Mem:11.08M (Peak 38.21M) | Time:00:00.10 | Mem:0.04M, Peak:0.04M | Scene, ViewLayer | Updating Geometry BVH LeftFill 5/7 | Building OptiX acceleration structure
Fra:1 Mem:11.08M (Peak 38.21M) | Time:00:00.10 | Mem:0.04M, Peak:0.04M | Scene, ViewLayer | Updating Geometry BVH FrontKey 3/7 | Building BVH
Fra:1 Mem:11.08M (Peak 38.21M) | Time:00:00.10 | Mem:0.04M, Peak:0.04M | Scene, ViewLayer | Updating Geometry BVH FrontKey 3/7 | Building OptiX acceleration structure
Fra:1 Mem:11.08M (Peak 38.21M) | Time:00:00.10 | Mem:0.15M, Peak:0.51M | Scene, ViewLayer | Updating Scene BVH | Building
Fra:1 Mem:11.08M (Peak 38.21M) | Time:00:00.10 | Mem:0.15M, Peak:0.51M | Scene, ViewLayer | Updating Scene BVH | Building OptiX acceleration structure
Fra:1 Mem:11.08M (Peak 38.21M) | Time:00:00.10 | Mem:0.16M, Peak:0.51M | Scene, ViewLayer | Updating Scene BVH | Copying BVH to device
Fra:1 Mem:11.08M (Peak 38.21M) | Time:00:00.10 | Mem:0.16M, Peak:0.51M | Scene, ViewLayer | Updating Mesh | Computing normals
Fra:1 Mem:11.21M (Peak 38.21M) | Time:00:00.10 | Mem:0.16M, Peak:0.51M | Scene, ViewLayer | Updating Mesh | Copying Mesh to device
Fra:1 Mem:11.21M (Peak 38.21M) | Time:00:00.10 | Mem:0.29M, Peak:0.51M | Scene, ViewLayer | Updating Objects Flags
Fra:1 Mem:11.21M (Peak 38.21M) | Time:00:00.10 | Mem:0.29M, Peak:0.51M | Scene, ViewLayer | Updating Primitive Offsets
Fra:1 Mem:11.21M (Peak 38.21M) | Time:00:00.10 | Mem:0.29M, Peak:0.51M | Scene, ViewLayer | Updating Images
Fra:1 Mem:11.21M (Peak 38.21M) | Time:00:00.10 | Mem:0.29M, Peak:0.51M | Scene, ViewLayer | Updating Camera Volume
Fra:1 Mem:11.21M (Peak 38.21M) | Time:00:00.10 | Mem:0.29M, Peak:0.51M | Scene, ViewLayer | Updating Lookup Tables
Fra:1 Mem:11.21M (Peak 38.21M) | Time:00:00.10 | Mem:0.37M, Peak:0.51M | Scene, ViewLayer | Updating Lights
Fra:1 Mem:11.21M (Peak 38.21M) | Time:00:00.10 | Mem:0.37M, Peak:0.51M | Scene, ViewLayer | Updating Lights | Computing tree
Fra:1 Mem:11.21M (Peak 38.21M) | Time:00:00.10 | Mem:0.37M, Peak:0.51M | Scene, ViewLayer | Updating Integrator
Fra:1 Mem:11.21M (Peak 38.21M) | Time:00:00.10 | Mem:0.37M, Peak:0.51M | Scene, ViewLayer | Updating Film
Fra:1 Mem:11.22M (Peak 38.21M) | Time:00:00.10 | Mem:0.29M, Peak:0.51M | Scene, ViewLayer | Updating Lookup Tables
Fra:1 Mem:11.22M (Peak 38.21M) | Time:00:00.10 | Mem:0.37M, Peak:0.51M | Scene, ViewLayer | Updating Baking
Fra:1 Mem:11.22M (Peak 38.21M) | Time:00:00.10 | Mem:0.37M, Peak:0.51M | Scene, ViewLayer | Updating Device | Writing constant memory
Fra:1 Mem:11.22M (Peak 38.21M) | Time:00:00.10 | Mem:0.37M, Peak:0.51M | Scene, ViewLayer | Loading denoising kernels (may take a few minutes the first time)
Fra:1 Mem:24.54M (Peak 38.21M) | Time:00:00.11 | Mem:1171.88M, Peak:1171.88M | Scene, ViewLayer | Sample 0/8
Fra:1 Mem:29.29M (Peak 38.21M) | Time:00:00.11 | Remaining:00:00.01 | Mem:1176.63M, Peak:1176.63M | Scene, ViewLayer | Sample 1/8
Fra:1 Mem:31.29M (Peak 38.21M) | Time:00:00.13 | Mem:1230.20M, Peak:1231.70M | Scene, ViewLayer | Sample 8/8
Fra:1 Mem:31.29M (Peak 38.21M) | Time:00:00.13 | Mem:1230.20M, Peak:1231.70M | Scene, ViewLayer | Finished
Saved: '/tmp/pose_1_8mpctz_a/probe.png'
Time: 00:00.18 (Saving: 00:00.00)

Fra:1 Mem:11.01M (Peak 11.01M) | Time:00:00.04 | Mem:0.00M, Peak:0.00M | Scene, ViewLayer | Synchronizing object | 1
Fra:1 Mem:11.02M (Peak 11.02M) | Time:00:00.04 | Mem:0.00M, Peak:0.00M | Scene, ViewLayer | Synchronizing object | BackFill
Fra:1 Mem:11.02M (Peak 11.02M) | Time:00:00.04 | Mem:0.00M, Peak:0.00M | Scene, ViewLayer | Synchronizing object | RightFill
Fra:1 Mem:11.02M (Peak 11.02M) | Time:00:00.04 | Mem:0.00M, Peak:0.00M | Scene, ViewLayer | Synchronizing object | TopSoft
Fra:1 Mem:11.21M (Peak 11.21M) | Time:00:00.04 | Mem:0.00M, Peak:0.00M | Scene, ViewLayer | Initializing
Fra:1 Mem:10.97M (Peak 11.21M) | Time:00:00.04 | Mem:0.00M, Peak:0.00M | Scene, ViewLayer | Waiting for render to start
Fra:1 Mem:10.97M (Peak 11.21M) | Time:00:00.04 | Mem:0.00M, Peak:0.00M | Scene, ViewLayer | Updating Scene
Fra:1 Mem:10.97M (Peak 11.21M) | Time:00:00.04 | Mem:0.00M, Peak:0.00M | Scene, ViewLayer | Updating Shaders
Fra:1 Mem:11.05M (Peak 11.21M) | Time:00:00.04 | Mem:0.00M, Peak:0.00M | Scene, ViewLayer | Loading render kernels (may take a few minutes the first time)
Fra:1 Mem:11.05M (Peak 38.21M) | Time:00:00.10 | Mem:0.01M, Peak:0.01M | Scene, ViewLayer | Updating Procedurals
Fra:1 Mem:11.05M (Peak 38.21M) | Time:00:00.10 | Mem:0.01M, Peak:0.01M | Scene, ViewLayer | Updating Background
Fra:1 Mem:11.05M (Peak 38.21M) | Time:00:00.10 | Mem:0.01M, Peak:0.01M | Scene, ViewLayer | Updating Camera
Fra:1 Mem:11.05M (Peak 38.21M) | Time:00:00.10 | Mem:0.01M, Peak:0.01M | Scene, ViewLayer | Updating Meshes Flags
Fra:1 Mem:11.05M (Peak 38.21M) | Time:00:00.10 | Mem:0.01M, Peak:0.01M | Scene, ViewLayer | Updating Objects
Fra:1 Mem:11.05M (Peak 38.21M) | Time:00:00.10 | Mem:0.01M, Peak:0.01M | Scene, ViewLayer | Updating Objects | Copying Transformations to device
Fra:1 Mem:11.05M (Peak 38.21M) | Time:00:00.10 | Mem:0.01M, Peak:0.01M | Scene, ViewLayer | Updating Particle Systems
Fra:1 Mem:11.05M (Peak 38.21M) | Time:00:00.10 | Mem:0.01M, Peak:0.01M | Scene, ViewLayer | Updating Particle Systems | Copying Particles to device
Fra:1 Mem:11.05M (Peak 38.21M) | Time:00:00.10 | Mem:0.01M, Peak:0.01M | Scene, ViewLayer | Updating Meshes
Fra:1 Mem:11.05M (Peak 38.21M) | Time:00:00.10 | Mem:0.01M, Peak:0.01M | Scene, ViewLayer | Updating Objects | Applying Static Transformations
Fra:1 Mem:11.05M (Peak 38.21M) | Time:00:00.10 | Mem:0.01M, Peak:0.01M | Scene, ViewLayer | Updating Mesh | Computing attributes
Fra:1 Mem:11.08M (Peak 38.21M) | Time:00:00.10 | Mem:0.01M, Peak:0.01M | Scene, ViewLayer | Updating Mesh | Copying Attributes to device
Fra:1 Mem:11.08M (Peak 38.21M) | Time:00:00.10 | Mem:0.04M, Peak:0.04M | Scene, ViewLayer | Updating Geometry BVH light 8/7 | Building BVH
Fra:1 Mem:11.08M (Peak 38.21M) | Time:00:00.10 | Mem:0.04M, Peak:0.04M | Scene, ViewLayer | Updating Geometry BVH light 8/7 | Building OptiX acceleration structure
Fra:1 Mem:11.08M (Peak 38.21M) | Time:00:00.10 | Mem:0.04M, Peak:0.04M | Scene, ViewLayer | Updating Geometry BVH TopSoft 7/7 | Building BVH
Fra:1 Mem:11.08M (Peak 38.21M) | Time:00:00.10 | Mem:0.04M, Peak:0.04M | Scene, ViewLayer | Updating Geometry BVH TopSoft 7/7 | Building OptiX acceleration structure
Fra:1 Mem:11.08M (Peak 38.21M) | Time:00:00.10 | Mem:0.04M, Peak:0.04M | Scene, ViewLayer | Updating Geometry BVH RightFill 6/7 | Building BVH
Fra:1 Mem:11.08M (Peak 38.21M) | Time:00:00.10 | Mem:0.04M, Peak:0.04M | Scene, ViewLayer | Updating Geometry BVH FrontKey 3/7 | Building BVH
Fra:1 Mem:11.08M (Peak 38.21M) | Time:00:00.10 | Mem:0.04M, Peak:0.04M | Scene, ViewLayer | Updating Geometry BVH LeftFill 5/7 | Building OptiX acceleration structure
Fra:1 Mem:11.08M (Peak 38.21M) | Time:00:00.10 | Mem:0.15M, Peak:0.51M | Scene, ViewLayer | Updating Scene BVH | Building
Fra:1 Mem:11.08M (Peak 38.21M) | Time:00:00.10 | Mem:0.15M, Peak:0.51M | Scene, ViewLayer | Updating Scene BVH | Building OptiX acceleration structure
Fra:1 Mem:11.08M (Peak 38.21M) | Time:00:00.10 | Mem:0.15M, Peak:0.51M | Scene, ViewLayer | Updating Scene BVH | Copying BVH to device
Fra:1 Mem:11.08M (Peak 38.21M) | Time:00:00.10 | Mem:0.15M, Peak:0.51M | Scene, ViewLayer | Updating Mesh | Computing normals
Fra:1 Mem:11.21M (Peak 38.21M) | Time:00:00.10 | Mem:0.15M, Peak:0.51M | Scene, ViewLayer | Updating Mesh | Copying Mesh to device
Fra:1 Mem:11.21M (Peak 38.21M) | Time:00:00.10 | Mem:0.29M, Peak:0.51M | Scene, ViewLayer | Updating Objects Flags
Fra:1 Mem:11.21M (Peak 38.21M) | Time:00:00.10 | Mem:0.29M, Peak:0.51M | Scene, ViewLayer | Updating Primitive Offsets
Fra:1 Mem:11.21M (Peak 38.21M) | Time:00:00.10 | Mem:0.29M, Peak:0.51M | Scene, ViewLayer | Updating Images
Fra:1 Mem:11.21M (Peak 38.21M) | Time:00:00.10 | Mem:0.29M, Peak:0.51M | Scene, ViewLayer | Updating Camera Volume
Fra:1 Mem:11.21M (Peak 38.21M) | Time:00:00.10 | Mem:0.29M, Peak:0.51M | Scene, ViewLayer | Updating Lookup Tables
Fra:1 Mem:11.21M (Peak 38.21M) | Time:00:00.10 | Mem:0.37M, Peak:0.51M | Scene, ViewLayer | Updating Lights
Fra:1 Mem:11.21M (Peak 38.21M) | Time:00:00.10 | Mem:0.37M, Peak:0.51M | Scene, ViewLayer | Updating Lights | Computing tree
Fra:1 Mem:11.21M (Peak 38.21M) | Time:00:00.10 | Mem:0.37M, Peak:0.51M | Scene, ViewLayer | Updating Integrator
Fra:1 Mem:11.21M (Peak 38.21M) | Time:00:00.10 | Mem:0.37M, Peak:0.51M | Scene, ViewLayer | Updating Film
Fra:1 Mem:11.22M (Peak 38.21M) | Time:00:00.10 | Mem:0.29M, Peak:0.51M | Scene, ViewLayer | Updating Lookup Tables
Fra:1 Mem:11.22M (Peak 38.21M) | Time:00:00.10 | Mem:0.37M, Peak:0.51M | Scene, ViewLayer | Updating Baking
Fra:1 Mem:11.22M (Peak 38.21M) | Time:00:00.10 | Mem:0.37M, Peak:0.51M | Scene, ViewLayer | Updating Device | Writing constant memory
Fra:1 Mem:11.22M (Peak 38.21M) | Time:00:00.10 | Mem:0.37M, Peak:0.51M | Scene, ViewLayer | Loading denoising kernels (may take a few minutes the first time)
Fra:1 Mem:24.54M (Peak 38.21M) | Time:00:00.11 | Mem:1171.88M, Peak:1171.88M | Scene, ViewLayer | Sample 0/8
Fra:1 Mem:29.29M (Peak 38.21M) | Time:00:00.11 | Remaining:00:00.01 | Mem:1176.63M, Peak:1176.63M | Scene, ViewLayer | Sample 1/8
Fra:1 Mem:31.29M (Peak 38.21M) | Time:00:00.13 | Mem:1230.20M, Peak:1231.70M | Scene, ViewLayer | Sample 8/8
Fra:1 Mem:31.29M (Peak 38.21M) | Time:00:00.13 | Mem:1230.20M, Peak:1231.70M | Scene, ViewLayer | Finished
Saved: '/tmp/pose_1_8mpctz_a/probe.png'
Time: 00:00.18 (Saving: 00:00.00)

Fra:1 Mem:11.27M (Peak 11.27M) | Time:00:00.04 | Mem:0.00M, Peak:0.00M | Scene, ViewLayer | Synchronizing object | 1
Fra:1 Mem:11.27M (Peak 11.27M) | Time:00:00.04 | Mem:0.00M, Peak:0.00M | Scene, ViewLayer | Synchronizing object | BackFill
Fra:1 Mem:11.28M (Peak 11.28M) | Time:00:00.04 | Mem:0.00M, Peak:0.00M | Scene, ViewLayer | Synchronizing object | RightFill
Fra:1 Mem:11.39M (Peak 11.39M) | Time:00:00.04 | Mem:0.00M, Peak:0.00M | Scene, ViewLayer | Synchronizing object | TopSoft
Fra:1 Mem:11.47M (Peak 11.47M) | Time:00:00.04 | Mem:0.00M, Peak:0.00M | Scene, ViewLayer | Initializing
Fra:1 Mem:11.15M (Peak 11.47M) | Time:00:00.04 | Mem:0.00M, Peak:0.00M | Scene, ViewLayer | Waiting for render to start
Fra:1 Mem:11.15M (Peak 11.47M) | Time:00:00.04 | Mem:0.00M, Peak:0.00M | Scene, ViewLayer | Updating Scene
Fra:1 Mem:11.15M (Peak 11.47M) | Time:00:00.04 | Mem:0.00M, Peak:0.00M | Scene, ViewLayer | Updating Shaders
Fra:1 Mem:11.24M (Peak 11.47M) | Time:00:00.04 | Mem:0.00M, Peak:0.00M | Scene, ViewLayer | Loading render kernels (may take a few minutes the first time)
Fra:1 Mem:11.24M (Peak 38.40M) | Time:00:00.10 | Mem:0.01M, Peak:0.01M | Scene, ViewLayer | Updating Procedurals
Fra:1 Mem:11.24M (Peak 38.40M) | Time:00:00.10 | Mem:0.01M, Peak:0.01M | Scene, ViewLayer | Updating Background
Fra:1 Mem:11.24M (Peak 38.40M) | Time:00:00.10 | Mem:0.01M, Peak:0.01M | Scene, ViewLayer | Updating Camera
Fra:1 Mem:11.24M (Peak 38.40M) | Time:00:00.10 | Mem:0.01M, Peak:0.01M | Scene, ViewLayer | Updating Meshes Flags
Fra:1 Mem:11.24M (Peak 38.40M) | Time:00:00.10 | Mem:0.01M, Peak:0.01M | Scene, ViewLayer | Updating Objects
Fra:1 Mem:11.24M (Peak 38.40M) | Time:00:00.10 | Mem:0.01M, Peak:0.01M | Scene, ViewLayer | Updating Objects | Copying Transformations to device
Fra:1 Mem:11.24M (Peak 38.40M) | Time:00:00.10 | Mem:0.01M, Peak:0.01M | Scene, ViewLayer | Updating Particle Systems
Fra:1 Mem:11.24M (Peak 38.40M) | Time:00:00.10 | Mem:0.01M, Peak:0.01M | Scene, ViewLayer | Updating Particle Systems | Copying Particles to device
Fra:1 Mem:11.24M (Peak 38.40M) | Time:00:00.10 | Mem:0.01M, Peak:0.01M | Scene, ViewLayer | Updating Meshes
Fra:1 Mem:11.52M (Peak 38.40M) | Time:00:00.11 | Mem:0.01M, Peak:0.01M | Scene, ViewLayer | Updating Objects | Applying Static Transformations
Fra:1 Mem:11.52M (Peak 38.40M) | Time:00:00.11 | Mem:0.01M, Peak:0.01M | Scene, ViewLayer | Updating Mesh | Computing attributes
Fra:1 Mem:11.77M (Peak 38.40M) | Time:00:00.11 | Mem:0.01M, Peak:0.01M | Scene, ViewLayer | Updating Mesh | Copying Attributes to device
Fra:1 Mem:11.77M (Peak 38.40M) | Time:00:00.11 | Mem:0.26M, Peak:0.26M | Scene, ViewLayer | Updating Geometry BVH light 8/7 | Building BVH
Fra:1 Mem:11.77M (Peak 38.40M) | Time:00:00.11 | Mem:0.26M, Peak:0.26M | Scene, ViewLayer | Updating Geometry BVH light 8/7 | Building OptiX acceleration structure
Fra:1 Mem:11.77M (Peak 38.40M) | Time:00:00.11 | Mem:0.26M, Peak:0.26M | Scene, ViewLayer | Updating Geometry BVH TopSoft 7/7 | Building BVH
Fra:1 Mem:11.77M (Peak 38.40M) | Time:00:00.11 | Mem:0.26M, Peak:0.26M | Scene, ViewLayer | Updating Geometry BVH TopSoft 7/7 | Building OptiX acceleration structure
Fra:1 Mem:11.77M (Peak 38.40M) | Time:00:00.11 | Mem:0.26M, Peak:0.26M | Scene, ViewLayer | Updating Geometry BVH RightFill 6/7 | Building BVH
Fra:1 Mem:11.77M (Peak 38.40M) | Time:00:00.11 | Mem:0.26M, Peak:0.26M | Scene, ViewLayer | Updating Geometry BVH BackFill 4/7 | Building BVH
Fra:1 Mem:11.77M (Peak 38.40M) | Time:00:00.11 | Mem:0.26M, Peak:0.26M | Scene, ViewLayer | Updating Geometry BVH LeftFill 5/7 | Building OptiX acceleration structure
Fra:1 Mem:11.77M (Peak 38.40M) | Time:00:00.11 | Mem:0.38M, Peak:0.74M | Scene, ViewLayer | Updating Scene BVH | Building
Fra:1 Mem:11.77M (Peak 38.40M) | Time:00:00.11 | Mem:0.38M, Peak:0.74M | Scene, ViewLayer | Updating Scene BVH | Building OptiX acceleration structure
Fra:1 Mem:11.77M (Peak 38.40M) | Time:00:00.11 | Mem:0.38M, Peak:0.74M | Scene, ViewLayer | Updating Scene BVH | Copying BVH to device
Fra:1 Mem:11.77M (Peak 38.40M) | Time:00:00.11 | Mem:0.38M, Peak:0.74M | Scene, ViewLayer | Updating Mesh | Computing normals
Fra:1 Mem:11.90M (Peak 38.40M) | Time:00:00.11 | Mem:0.38M, Peak:0.74M | Scene, ViewLayer | Updating Mesh | Copying Mesh to device
Fra:1 Mem:11.90M (Peak 38.40M) | Time:00:00.11 | Mem:0.52M, Peak:0.74M | Scene, ViewLayer | Updating Objects Flags
Fra:1 Mem:11.90M (Peak 38.40M) | Time:00:00.11 | Mem:0.52M, Peak:0.74M | Scene, ViewLayer | Updating Primitive Offsets
Fra:1 Mem:11.90M (Peak 38.40M) | Time:00:00.11 | Mem:0.52M, Peak:0.74M | Scene, ViewLayer | Updating Images
Fra:1 Mem:11.90M (Peak 38.40M) | Time:00:00.11 | Mem:0.52M, Peak:0.74M | Scene, ViewLayer | Updating Images | Loading Carpet008_1K-JPG_Displacement.jpg
Fra:1 Mem:12.90M (Peak 38.40M) | Time:00:00.11 | Mem:0.52M, Peak:0.74M | Scene, ViewLayer | Updating Images | Loading Carpet008_1K-JPG_AmbientOcclusion.jpg
Fra:1 Mem:12.90M (Peak 38.40M) | Time:00:00.11 | Mem:0.52M, Peak:0.74M | Scene, ViewLayer | Updating Images | Loading Carpet008_1K-JPG_NormalGL.jpg
Fra:1 Mem:22.92M (Peak 38.40M) | Time:00:00.13 | Mem:11.52M, Peak:11.52M | Scene, ViewLayer | Updating Camera Volume
Fra:1 Mem:22.92M (Peak 38.40M) | Time:00:00.13 | Mem:11.52M, Peak:11.52M | Scene, ViewLayer | Updating Lookup Tables
Fra:1 Mem:22.92M (Peak 38.40M) | Time:00:00.13 | Mem:11.60M, Peak:11.60M | Scene, ViewLayer | Updating Lights
Fra:1 Mem:22.92M (Peak 38.40M) | Time:00:00.13 | Mem:11.60M, Peak:11.60M | Scene, ViewLayer | Updating Lights | Computing tree
Fra:1 Mem:22.92M (Peak 38.40M) | Time:00:00.13 | Mem:11.60M, Peak:11.60M | Scene, ViewLayer | Updating Integrator
Fra:1 Mem:22.92M (Peak 38.40M) | Time:00:00.13 | Mem:11.60M, Peak:11.60M | Scene, ViewLayer | Updating Film
Fra:1 Mem:22.92M (Peak 38.40M) | Time:00:00.13 | Mem:11.52M, Peak:11.60M | Scene, ViewLayer | Updating Lookup Tables
Fra:1 Mem:22.92M (Peak 38.40M) | Time:00:00.13 | Mem:11.60M, Peak:11.60M | Scene, ViewLayer | Updating Baking
Fra:1 Mem:22.92M (Peak 38.40M) | Time:00:00.13 | Mem:11.60M, Peak:11.60M | Scene, ViewLayer | Updating Device | Writing constant memory
Fra:1 Mem:22.92M (Peak 38.40M) | Time:00:00.13 | Mem:11.60M, Peak:11.60M | Scene, ViewLayer | Loading denoising kernels (may take a few minutes the first time)
Fra:1 Mem:36.24M (Peak 38.40M) | Time:00:00.14 | Mem:1183.11M, Peak:1183.11M | Scene, ViewLayer | Sample 0/16
Fra:1 Mem:41.00M (Peak 41.00M) | Time:00:00.14 | Remaining:00:00.03 | Mem:1187.87M, Peak:1187.87M | Scene, ViewLayer | Sample 1/16
Fra:1 Mem:43.00M (Peak 46.00M) | Time:00:00.16 | Mem:1241.44M, Peak:1242.94M | Scene, ViewLayer | Sample 16/16
Fra:1 Mem:43.00M (Peak 46.00M) | Time:00:00.16 | Mem:1241.44M, Peak:1242.94M | Scene, ViewLayer | Finished
Saved: '/home/users/samahabd/triad-stimuli-pipeline/data/generated_stimuli/_verify/texture_grid/B_controlled_simple/Carpet008_1K-JPG/1.png'
Time: 00:00.21 (Saving: 00:00.00)

Fra:1 Mem:11.38M (Peak 11.38M) | Time:00:00.04 | Mem:0.00M, Peak:0.00M | Scene, ViewLayer | Synchronizing object | 1
Fra:1 Mem:11.39M (Peak 11.39M) | Time:00:00.04 | Mem:0.00M, Peak:0.00M | Scene, ViewLayer | Synchronizing object | BackFill
Fra:1 Mem:11.39M (Peak 11.39M) | Time:00:00.04 | Mem:0.00M, Peak:0.00M | Scene, ViewLayer | Synchronizing object | TopSoft
Fra:1 Mem:11.58M (Peak 11.58M) | Time:00:00.04 | Mem:0.00M, Peak:0.00M | Scene, ViewLayer | Initializing
Fra:1 Mem:11.26M (Peak 11.58M) | Time:00:00.04 | Mem:0.00M, Peak:0.00M | Scene, ViewLayer | Waiting for render to start
Fra:1 Mem:11.26M (Peak 11.58M) | Time:00:00.04 | Mem:0.00M, Peak:0.00M | Scene, ViewLayer | Updating Scene
Fra:1 Mem:11.26M (Peak 11.58M) | Time:00:00.04 | Mem:0.00M, Peak:0.00M | Scene, ViewLayer | Updating Shaders
Fra:1 Mem:11.35M (Peak 11.58M) | Time:00:00.04 | Mem:0.00M, Peak:0.00M | Scene, ViewLayer | Loading render kernels (may take a few minutes the first time)
Fra:1 Mem:11.35M (Peak 38.51M) | Time:00:00.10 | Mem:0.01M, Peak:0.01M | Scene, ViewLayer | Updating Procedurals
Fra:1 Mem:11.35M (Peak 38.51M) | Time:00:00.10 | Mem:0.01M, Peak:0.01M | Scene, ViewLayer | Updating Background
Fra:1 Mem:11.35M (Peak 38.51M) | Time:00:00.10 | Mem:0.01M, Peak:0.01M | Scene, ViewLayer | Updating Camera
Fra:1 Mem:11.35M (Peak 38.51M) | Time:00:00.10 | Mem:0.01M, Peak:0.01M | Scene, ViewLayer | Updating Meshes Flags
Fra:1 Mem:11.35M (Peak 38.51M) | Time:00:00.10 | Mem:0.01M, Peak:0.01M | Scene, ViewLayer | Updating Objects
Fra:1 Mem:11.35M (Peak 38.51M) | Time:00:00.10 | Mem:0.01M, Peak:0.01M | Scene, ViewLayer | Updating Objects | Copying Transformations to device
Fra:1 Mem:11.35M (Peak 38.51M) | Time:00:00.10 | Mem:0.01M, Peak:0.01M | Scene, ViewLayer | Updating Particle Systems
Fra:1 Mem:11.35M (Peak 38.51M) | Time:00:00.10 | Mem:0.01M, Peak:0.01M | Scene, ViewLayer | Updating Particle Systems | Copying Particles to device
Fra:1 Mem:11.35M (Peak 38.51M) | Time:00:00.10 | Mem:0.01M, Peak:0.01M | Scene, ViewLayer | Updating Meshes
Fra:1 Mem:11.63M (Peak 38.51M) | Time:00:00.10 | Mem:0.01M, Peak:0.01M | Scene, ViewLayer | Updating Objects | Applying Static Transformations
Fra:1 Mem:11.63M (Peak 38.51M) | Time:00:00.10 | Mem:0.01M, Peak:0.01M | Scene, ViewLayer | Updating Mesh | Computing attributes
Fra:1 Mem:11.88M (Peak 38.51M) | Time:00:00.10 | Mem:0.01M, Peak:0.01M | Scene, ViewLayer | Updating Mesh | Copying Attributes to device
Fra:1 Mem:11.88M (Peak 38.51M) | Time:00:00.10 | Mem:0.26M, Peak:0.26M | Scene, ViewLayer | Updating Geometry BVH light 8/7 | Building BVH
Fra:1 Mem:11.88M (Peak 38.51M) | Time:00:00.10 | Mem:0.26M, Peak:0.26M | Scene, ViewLayer | Updating Geometry BVH light 8/7 | Building OptiX acceleration structure
Fra:1 Mem:11.88M (Peak 38.51M) | Time:00:00.10 | Mem:0.26M, Peak:0.26M | Scene, ViewLayer | Updating Geometry BVH TopSoft 7/7 | Building BVH
Fra:1 Mem:11.88M (Peak 38.51M) | Time:00:00.10 | Mem:0.26M, Peak:0.26M | Scene, ViewLayer | Updating Geometry BVH TopSoft 7/7 | Building OptiX acceleration structure
Fra:1 Mem:11.88M (Peak 38.51M) | Time:00:00.10 | Mem:0.26M, Peak:0.26M | Scene, ViewLayer | Updating Geometry BVH RightFill 6/7 | Building BVH
Fra:1 Mem:11.88M (Peak 38.51M) | Time:00:00.10 | Mem:0.26M, Peak:0.26M | Scene, ViewLayer | Updating Geometry BVH FrontKey 3/7 | Building BVH
Fra:1 Mem:11.88M (Peak 38.51M) | Time:00:00.10 | Mem:0.26M, Peak:0.26M | Scene, ViewLayer | Updating Geometry BVH LeftFill 5/7 | Building OptiX acceleration structure
Fra:1 Mem:11.88M (Peak 38.51M) | Time:00:00.10 | Mem:0.38M, Peak:0.74M | Scene, ViewLayer | Updating Scene BVH | Building
Fra:1 Mem:11.88M (Peak 38.51M) | Time:00:00.10 | Mem:0.38M, Peak:0.74M | Scene, ViewLayer | Updating Scene BVH | Building OptiX acceleration structure
Fra:1 Mem:11.88M (Peak 38.51M) | Time:00:00.11 | Mem:0.38M, Peak:0.74M | Scene, ViewLayer | Updating Scene BVH | Copying BVH to device
Fra:1 Mem:11.88M (Peak 38.51M) | Time:00:00.11 | Mem:0.38M, Peak:0.74M | Scene, ViewLayer | Updating Mesh | Computing normals
Fra:1 Mem:12.02M (Peak 38.51M) | Time:00:00.11 | Mem:0.38M, Peak:0.74M | Scene, ViewLayer | Updating Mesh | Copying Mesh to device
Fra:1 Mem:12.02M (Peak 38.51M) | Time:00:00.11 | Mem:0.52M, Peak:0.74M | Scene, ViewLayer | Updating Objects Flags
Fra:1 Mem:12.02M (Peak 38.51M) | Time:00:00.11 | Mem:0.52M, Peak:0.74M | Scene, ViewLayer | Updating Primitive Offsets
Fra:1 Mem:12.02M (Peak 38.51M) | Time:00:00.11 | Mem:0.52M, Peak:0.74M | Scene, ViewLayer | Updating Images
Fra:1 Mem:12.02M (Peak 38.51M) | Time:00:00.11 | Mem:0.52M, Peak:0.74M | Scene, ViewLayer | Updating Images | Loading Carpet013_1K-JPG_Color.jpg
Fra:1 Mem:13.02M (Peak 38.51M) | Time:00:00.11 | Mem:0.52M, Peak:0.74M | Scene, ViewLayer | Updating Images | Loading Carpet013_1K-JPG_AmbientOcclusion.jpg
Fra:1 Mem:13.02M (Peak 38.51M) | Time:00:00.11 | Mem:0.52M, Peak:0.74M | Scene, ViewLayer | Updating Images | Loading Carpet013_1K-JPG_NormalGL.jpg
Fra:1 Mem:23.03M (Peak 38.51M) | Time:00:00.13 | Mem:11.52M, Peak:11.52M | Scene, ViewLayer | Updating Camera Volume
Fra:1 Mem:23.03M (Peak 38.51M) | Time:00:00.13 | Mem:11.52M, Peak:11.52M | Scene, ViewLayer | Updating Lookup Tables
Fra:1 Mem:23.03M (Peak 38.51M) | Time:00:00.13 | Mem:11.60M, Peak:11.60M | Scene, ViewLayer | Updating Lights
Fra:1 Mem:23.03M (Peak 38.51M) | Time:00:00.13 | Mem:11.60M, Peak:11.60M | Scene, ViewLayer | Updating Lights | Computing tree
Fra:1 Mem:23.03M (Peak 38.51M) | Time:00:00.13 | Mem:11.60M, Peak:11.60M | Scene, ViewLayer | Updating Integrator
Fra:1 Mem:23.03M (Peak 38.51M) | Time:00:00.13 | Mem:11.60M, Peak:11.60M | Scene, ViewLayer | Updating Film
Fra:1 Mem:23.03M (Peak 38.51M) | Time:00:00.13 | Mem:11.52M, Peak:11.60M | Scene, ViewLayer | Updating Lookup Tables
Fra:1 Mem:23.03M (Peak 38.51M) | Time:00:00.13 | Mem:11.60M, Peak:11.60M | Scene, ViewLayer | Updating Baking
Fra:1 Mem:23.03M (Peak 38.51M) | Time:00:00.13 | Mem:11.60M, Peak:11.60M | Scene, ViewLayer | Updating Device | Writing constant memory
Fra:1 Mem:23.04M (Peak 38.51M) | Time:00:00.13 | Mem:11.60M, Peak:11.60M | Scene, ViewLayer | Loading denoising kernels (may take a few minutes the first time)
Fra:1 Mem:36.35M (Peak 38.51M) | Time:00:00.14 | Mem:1183.11M, Peak:1183.11M | Scene, ViewLayer | Sample 0/16
Fra:1 Mem:41.11M (Peak 41.11M) | Time:00:00.14 | Remaining:00:00.02 | Mem:1187.87M, Peak:1187.87M | Scene, ViewLayer | Sample 1/16
Fra:1 Mem:43.11M (Peak 46.11M) | Time:00:00.16 | Mem:1241.44M, Peak:1242.94M | Scene, ViewLayer | Sample 16/16
Fra:1 Mem:43.11M (Peak 46.11M) | Time:00:00.16 | Mem:1241.44M, Peak:1242.94M | Scene, ViewLayer | Finished
Saved: '/home/users/samahabd/triad-stimuli-pipeline/data/generated_stimuli/_verify/texture_grid/B_controlled_simple/Carpet013_1K-JPG/1.png'
Time: 00:00.21 (Saving: 00:00.00)

Timer 'STL Import' took 10.80 ms
Fra:1 Mem:12.78M (Peak 12.78M) | Time:00:00.04 | Mem:0.00M, Peak:0.00M | Scene, ViewLayer | Synchronizing object | 2
Fra:1 Mem:12.78M (Peak 12.78M) | Time:00:00.04 | Mem:0.00M, Peak:0.00M | Scene, ViewLayer | Synchronizing object | BackFill
Fra:1 Mem:12.78M (Peak 12.78M) | Time:00:00.04 | Mem:0.00M, Peak:0.00M | Scene, ViewLayer | Synchronizing object | TopSoft
Fra:1 Mem:16.70M (Peak 16.70M) | Time:00:00.04 | Mem:0.00M, Peak:0.00M | Scene, ViewLayer | Initializing
Fra:1 Mem:16.46M (Peak 16.70M) | Time:00:00.04 | Mem:0.00M, Peak:0.00M | Scene, ViewLayer | Waiting for render to start
Fra:1 Mem:16.46M (Peak 16.70M) | Time:00:00.04 | Mem:0.00M, Peak:0.00M | Scene, ViewLayer | Updating Scene
Fra:1 Mem:16.46M (Peak 16.70M) | Time:00:00.04 | Mem:0.00M, Peak:0.00M | Scene, ViewLayer | Updating Shaders
Fra:1 Mem:16.54M (Peak 16.70M) | Time:00:00.04 | Mem:0.00M, Peak:0.00M | Scene, ViewLayer | Loading render kernels (may take a few minutes the first time)
Fra:1 Mem:16.54M (Peak 43.71M) | Time:00:00.10 | Mem:0.01M, Peak:0.01M | Scene, ViewLayer | Updating Procedurals
Fra:1 Mem:16.54M (Peak 43.71M) | Time:00:00.10 | Mem:0.01M, Peak:0.01M | Scene, ViewLayer | Updating Background
Fra:1 Mem:16.54M (Peak 43.71M) | Time:00:00.10 | Mem:0.01M, Peak:0.01M | Scene, ViewLayer | Updating Camera
Fra:1 Mem:16.54M (Peak 43.71M) | Time:00:00.10 | Mem:0.01M, Peak:0.01M | Scene, ViewLayer | Updating Meshes Flags
Fra:1 Mem:16.54M (Peak 43.71M) | Time:00:00.10 | Mem:0.01M, Peak:0.01M | Scene, ViewLayer | Updating Objects
Fra:1 Mem:16.54M (Peak 43.71M) | Time:00:00.10 | Mem:0.01M, Peak:0.01M | Scene, ViewLayer | Updating Objects | Copying Transformations to device
Fra:1 Mem:16.55M (Peak 43.71M) | Time:00:00.10 | Mem:0.01M, Peak:0.01M | Scene, ViewLayer | Updating Particle Systems
Fra:1 Mem:16.55M (Peak 43.71M) | Time:00:00.10 | Mem:0.01M, Peak:0.01M | Scene, ViewLayer | Updating Particle Systems | Copying Particles to device
Fra:1 Mem:16.55M (Peak 43.71M) | Time:00:00.10 | Mem:0.01M, Peak:0.01M | Scene, ViewLayer | Updating Meshes
Fra:1 Mem:16.55M (Peak 43.71M) | Time:00:00.10 | Mem:0.01M, Peak:0.01M | Scene, ViewLayer | Updating Objects | Applying Static Transformations
Fra:1 Mem:16.55M (Peak 43.71M) | Time:00:00.10 | Mem:0.01M, Peak:0.01M | Scene, ViewLayer | Updating Mesh | Computing attributes
Fra:1 Mem:16.81M (Peak 43.71M) | Time:00:00.10 | Mem:0.01M, Peak:0.01M | Scene, ViewLayer | Updating Mesh | Copying Attributes to device
Fra:1 Mem:16.81M (Peak 43.71M) | Time:00:00.10 | Mem:0.27M, Peak:0.27M | Scene, ViewLayer | Updating Geometry BVH light 8/7 | Building BVH
Fra:1 Mem:16.81M (Peak 43.71M) | Time:00:00.10 | Mem:0.27M, Peak:0.27M | Scene, ViewLayer | Updating Geometry BVH light 8/7 | Building OptiX acceleration structure
Fra:1 Mem:16.81M (Peak 43.71M) | Time:00:00.10 | Mem:0.27M, Peak:0.27M | Scene, ViewLayer | Updating Geometry BVH TopSoft 7/7 | Building BVH
Fra:1 Mem:16.81M (Peak 43.71M) | Time:00:00.10 | Mem:0.27M, Peak:0.27M | Scene, ViewLayer | Updating Geometry BVH TopSoft 7/7 | Building OptiX acceleration structure
Fra:1 Mem:16.81M (Peak 43.71M) | Time:00:00.10 | Mem:0.27M, Peak:0.27M | Scene, ViewLayer | Updating Geometry BVH FrontKey 3/7 | Building BVH
Fra:1 Mem:16.81M (Peak 43.71M) | Time:00:00.10 | Mem:0.27M, Peak:0.27M | Scene, ViewLayer | Updating Geometry BVH LeftFill 5/7 | Building OptiX acceleration structure
Fra:1 Mem:16.81M (Peak 43.71M) | Time:00:00.10 | Mem:0.27M, Peak:0.27M | Scene, ViewLayer | Updating Geometry BVH 2 2/7 | Building OptiX acceleration structure
Fra:1 Mem:16.81M (Peak 43.71M) | Time:00:00.10 | Mem:1.37M, Peak:4.72M | Scene, ViewLayer | Updating Scene BVH | Building
Fra:1 Mem:16.81M (Peak 43.71M) | Time:00:00.10 | Mem:1.37M, Peak:4.72M | Scene, ViewLayer | Updating Scene BVH | Building OptiX acceleration structure
Fra:1 Mem:16.81M (Peak 43.71M) | Time:00:00.10 | Mem:1.37M, Peak:4.72M | Scene, ViewLayer | Updating Scene BVH | Copying BVH to device
Fra:1 Mem:16.81M (Peak 43.71M) | Time:00:00.10 | Mem:1.37M, Peak:4.72M | Scene, ViewLayer | Updating Mesh | Computing normals
Fra:1 Mem:18.04M (Peak 43.71M) | Time:00:00.10 | Mem:1.37M, Peak:4.72M | Scene, ViewLayer | Updating Mesh | Copying Mesh to device
Fra:1 Mem:18.04M (Peak 43.71M) | Time:00:00.10 | Mem:2.60M, Peak:4.72M | Scene, ViewLayer | Updating Objects Flags
Fra:1 Mem:18.04M (Peak 43.71M) | Time:00:00.10 | Mem:2.60M, Peak:4.72M | Scene, ViewLayer | Updating Primitive Offsets
Fra:1 Mem:18.04M (Peak 43.71M) | Time:00:00.10 | Mem:2.60M, Peak:4.72M | Scene, ViewLayer | Updating Images
Fra:1 Mem:18.04M (Peak 43.71M) | Time:00:00.10 | Mem:2.60M, Peak:4.72M | Scene, ViewLayer | Updating Camera Volume
Fra:1 Mem:18.04M (Peak 43.71M) | Time:00:00.10 | Mem:2.60M, Peak:4.72M | Scene, ViewLayer | Updating Lookup Tables
Fra:1 Mem:18.04M (Peak 43.71M) | Time:00:00.10 | Mem:2.68M, Peak:4.72M | Scene, ViewLayer | Updating Lights
Fra:1 Mem:18.04M (Peak 43.71M) | Time:00:00.10 | Mem:2.68M, Peak:4.72M | Scene, ViewLayer | Updating Lights | Computing tree
Fra:1 Mem:18.05M (Peak 43.71M) | Time:00:00.10 | Mem:2.68M, Peak:4.72M | Scene, ViewLayer | Updating Integrator
Fra:1 Mem:18.05M (Peak 43.71M) | Time:00:00.10 | Mem:2.68M, Peak:4.72M | Scene, ViewLayer | Updating Film
Fra:1 Mem:18.05M (Peak 43.71M) | Time:00:00.10 | Mem:2.60M, Peak:4.72M | Scene, ViewLayer | Updating Lookup Tables
Fra:1 Mem:18.05M (Peak 43.71M) | Time:00:00.10 | Mem:2.69M, Peak:4.72M | Scene, ViewLayer | Updating Baking
Fra:1 Mem:18.05M (Peak 43.71M) | Time:00:00.10 | Mem:2.69M, Peak:4.72M | Scene, ViewLayer | Updating Device | Writing constant memory
Fra:1 Mem:18.05M (Peak 43.71M) | Time:00:00.10 | Mem:2.69M, Peak:4.72M | Scene, ViewLayer | Loading denoising kernels (may take a few minutes the first time)
Fra:1 Mem:31.37M (Peak 43.71M) | Time:00:00.11 | Mem:1174.19M, Peak:1174.19M | Scene, ViewLayer | Sample 0/8
Fra:1 Mem:36.12M (Peak 43.71M) | Time:00:00.11 | Remaining:00:00.01 | Mem:1178.94M, Peak:1178.94M | Scene, ViewLayer | Sample 1/8
Fra:1 Mem:38.13M (Peak 43.71M) | Time:00:00.13 | Mem:1232.52M, Peak:1234.02M | Scene, ViewLayer | Sample 8/8
Fra:1 Mem:38.13M (Peak 43.71M) | Time:00:00.13 | Mem:1232.52M, Peak:1234.02M | Scene, ViewLayer | Finished
Saved: '/tmp/pose_2_cjmdmjwb/probe.png'
Time: 00:00.17 (Saving: 00:00.00)

Fra:1 Mem:14.90M (Peak 14.90M) | Time:00:00.04 | Mem:0.00M, Peak:0.00M | Scene, ViewLayer | Synchronizing object | 2
Fra:1 Mem:14.90M (Peak 14.90M) | Time:00:00.04 | Mem:0.00M, Peak:0.00M | Scene, ViewLayer | Synchronizing object | FrontKey
Fra:1 Mem:14.90M (Peak 14.90M) | Time:00:00.04 | Mem:0.00M, Peak:0.00M | Scene, ViewLayer | Synchronizing object | RightFill
Fra:1 Mem:16.00M (Peak 16.00M) | Time:00:00.04 | Mem:0.00M, Peak:0.00M | Scene, ViewLayer | Synchronizing object | TopSoft
Fra:1 Mem:16.70M (Peak 17.06M) | Time:00:00.04 | Mem:0.00M, Peak:0.00M | Scene, ViewLayer | Initializing
Fra:1 Mem:16.46M (Peak 17.06M) | Time:00:00.04 | Mem:0.00M, Peak:0.00M | Scene, ViewLayer | Waiting for render to start
Fra:1 Mem:16.46M (Peak 17.06M) | Time:00:00.04 | Mem:0.00M, Peak:0.00M | Scene, ViewLayer | Updating Scene
Fra:1 Mem:16.46M (Peak 17.06M) | Time:00:00.04 | Mem:0.00M, Peak:0.00M | Scene, ViewLayer | Updating Shaders
Fra:1 Mem:16.54M (Peak 17.06M) | Time:00:00.04 | Mem:0.00M, Peak:0.00M | Scene, ViewLayer | Loading render kernels (may take a few minutes the first time)
Fra:1 Mem:16.54M (Peak 43.71M) | Time:00:00.10 | Mem:0.01M, Peak:0.01M | Scene, ViewLayer | Updating Procedurals
Fra:1 Mem:16.54M (Peak 43.71M) | Time:00:00.10 | Mem:0.01M, Peak:0.01M | Scene, ViewLayer | Updating Background
Fra:1 Mem:16.54M (Peak 43.71M) | Time:00:00.10 | Mem:0.01M, Peak:0.01M | Scene, ViewLayer | Updating Camera
Fra:1 Mem:16.54M (Peak 43.71M) | Time:00:00.10 | Mem:0.01M, Peak:0.01M | Scene, ViewLayer | Updating Meshes Flags
Fra:1 Mem:16.54M (Peak 43.71M) | Time:00:00.10 | Mem:0.01M, Peak:0.01M | Scene, ViewLayer | Updating Objects
Fra:1 Mem:16.54M (Peak 43.71M) | Time:00:00.10 | Mem:0.01M, Peak:0.01M | Scene, ViewLayer | Updating Objects | Copying Transformations to device
Fra:1 Mem:16.55M (Peak 43.71M) | Time:00:00.10 | Mem:0.01M, Peak:0.01M | Scene, ViewLayer | Updating Particle Systems
Fra:1 Mem:16.55M (Peak 43.71M) | Time:00:00.10 | Mem:0.01M, Peak:0.01M | Scene, ViewLayer | Updating Particle Systems | Copying Particles to device
Fra:1 Mem:16.55M (Peak 43.71M) | Time:00:00.10 | Mem:0.01M, Peak:0.01M | Scene, ViewLayer | Updating Meshes
Fra:1 Mem:16.55M (Peak 43.71M) | Time:00:00.10 | Mem:0.01M, Peak:0.01M | Scene, ViewLayer | Updating Objects | Applying Static Transformations
Fra:1 Mem:16.55M (Peak 43.71M) | Time:00:00.10 | Mem:0.01M, Peak:0.01M | Scene, ViewLayer | Updating Mesh | Computing attributes
Fra:1 Mem:16.81M (Peak 43.71M) | Time:00:00.10 | Mem:0.01M, Peak:0.01M | Scene, ViewLayer | Updating Mesh | Copying Attributes to device
Fra:1 Mem:16.81M (Peak 43.71M) | Time:00:00.10 | Mem:0.27M, Peak:0.27M | Scene, ViewLayer | Updating Geometry BVH light 8/7 | Building BVH
Fra:1 Mem:16.81M (Peak 43.71M) | Time:00:00.10 | Mem:0.27M, Peak:0.27M | Scene, ViewLayer | Updating Geometry BVH light 8/7 | Building OptiX acceleration structure
Fra:1 Mem:16.81M (Peak 43.71M) | Time:00:00.10 | Mem:0.27M, Peak:0.27M | Scene, ViewLayer | Updating Geometry BVH TopSoft 7/7 | Building BVH
Fra:1 Mem:16.81M (Peak 43.71M) | Time:00:00.10 | Mem:0.27M, Peak:0.27M | Scene, ViewLayer | Updating Geometry BVH TopSoft 7/7 | Building OptiX acceleration structure
Fra:1 Mem:16.81M (Peak 43.71M) | Time:00:00.10 | Mem:0.27M, Peak:0.27M | Scene, ViewLayer | Updating Geometry BVH RightFill 6/7 | Building BVH
Fra:1 Mem:16.81M (Peak 43.71M) | Time:00:00.10 | Mem:0.27M, Peak:0.27M | Scene, ViewLayer | Updating Geometry BVH LeftFill 5/7 | Building OptiX acceleration structure
Fra:1 Mem:16.81M (Peak 43.71M) | Time:00:00.10 | Mem:0.27M, Peak:0.27M | Scene, ViewLayer | Updating Geometry BVH 2 2/7 | Building BVH
Fra:1 Mem:16.81M (Peak 43.71M) | Time:00:00.10 | Mem:0.27M, Peak:0.27M | Scene, ViewLayer | Updating Geometry BVH 2 2/7 | Building OptiX acceleration structure
Fra:1 Mem:16.81M (Peak 43.71M) | Time:00:00.10 | Mem:1.39M, Peak:4.75M | Scene, ViewLayer | Updating Scene BVH | Building
Fra:1 Mem:16.81M (Peak 43.71M) | Time:00:00.10 | Mem:1.39M, Peak:4.75M | Scene, ViewLayer | Updating Scene BVH | Building OptiX acceleration structure
Fra:1 Mem:16.81M (Peak 43.71M) | Time:00:00.10 | Mem:1.39M, Peak:4.75M | Scene, ViewLayer | Updating Scene BVH | Copying BVH to device
Fra:1 Mem:16.81M (Peak 43.71M) | Time:00:00.10 | Mem:1.39M, Peak:4.75M | Scene, ViewLayer | Updating Mesh | Computing normals
Fra:1 Mem:18.04M (Peak 43.71M) | Time:00:00.10 | Mem:1.39M, Peak:4.75M | Scene, ViewLayer | Updating Mesh | Copying Mesh to device
Fra:1 Mem:18.04M (Peak 43.71M) | Time:00:00.10 | Mem:2.63M, Peak:4.75M | Scene, ViewLayer | Updating Objects Flags
Fra:1 Mem:18.04M (Peak 43.71M) | Time:00:00.10 | Mem:2.63M, Peak:4.75M | Scene, ViewLayer | Updating Primitive Offsets
Fra:1 Mem:18.04M (Peak 43.71M) | Time:00:00.10 | Mem:2.63M, Peak:4.75M | Scene, ViewLayer | Updating Images
Fra:1 Mem:18.04M (Peak 43.71M) | Time:00:00.10 | Mem:2.63M, Peak:4.75M | Scene, ViewLayer | Updating Camera Volume
Fra:1 Mem:18.04M (Peak 43.71M) | Time:00:00.10 | Mem:2.63M, Peak:4.75M | Scene, ViewLayer | Updating Lookup Tables
Fra:1 Mem:18.04M (Peak 43.71M) | Time:00:00.10 | Mem:2.71M, Peak:4.75M | Scene, ViewLayer | Updating Lights
Fra:1 Mem:18.04M (Peak 43.71M) | Time:00:00.10 | Mem:2.71M, Peak:4.75M | Scene, ViewLayer | Updating Lights | Computing tree
Fra:1 Mem:18.05M (Peak 43.71M) | Time:00:00.10 | Mem:2.71M, Peak:4.75M | Scene, ViewLayer | Updating Integrator
Fra:1 Mem:18.05M (Peak 43.71M) | Time:00:00.10 | Mem:2.71M, Peak:4.75M | Scene, ViewLayer | Updating Film
Fra:1 Mem:18.05M (Peak 43.71M) | Time:00:00.10 | Mem:2.63M, Peak:4.75M | Scene, ViewLayer | Updating Lookup Tables
Fra:1 Mem:18.05M (Peak 43.71M) | Time:00:00.10 | Mem:2.71M, Peak:4.75M | Scene, ViewLayer | Updating Baking
Fra:1 Mem:18.05M (Peak 43.71M) | Time:00:00.10 | Mem:2.71M, Peak:4.75M | Scene, ViewLayer | Updating Device | Writing constant memory
Fra:1 Mem:18.05M (Peak 43.71M) | Time:00:00.10 | Mem:2.71M, Peak:4.75M | Scene, ViewLayer | Loading denoising kernels (may take a few minutes the first time)
Fra:1 Mem:31.37M (Peak 43.71M) | Time:00:00.11 | Mem:1174.22M, Peak:1174.22M | Scene, ViewLayer | Sample 0/8
Fra:1 Mem:36.12M (Peak 43.71M) | Time:00:00.11 | Remaining:00:00.01 | Mem:1178.97M, Peak:1178.97M | Scene, ViewLayer | Sample 1/8
Fra:1 Mem:38.13M (Peak 43.71M) | Time:00:00.13 | Mem:1232.54M, Peak:1234.04M | Scene, ViewLayer | Sample 8/8
Fra:1 Mem:38.13M (Peak 43.71M) | Time:00:00.13 | Mem:1232.54M, Peak:1234.04M | Scene, ViewLayer | Finished
Saved: '/tmp/pose_2_cjmdmjwb/probe.png'
Time: 00:00.17 (Saving: 00:00.00)

Fra:1 Mem:14.90M (Peak 14.90M) | Time:00:00.04 | Mem:0.00M, Peak:0.00M | Scene, ViewLayer | Synchronizing object | 2
Fra:1 Mem:14.90M (Peak 14.90M) | Time:00:00.04 | Mem:0.00M, Peak:0.00M | Scene, ViewLayer | Synchronizing object | BackFill
Fra:1 Mem:14.90M (Peak 14.90M) | Time:00:00.04 | Mem:0.00M, Peak:0.00M | Scene, ViewLayer | Synchronizing object | RightFill
Fra:1 Mem:14.90M (Peak 14.90M) | Time:00:00.04 | Mem:0.00M, Peak:0.00M | Scene, ViewLayer | Synchronizing object | TopSoft
Fra:1 Mem:16.70M (Peak 17.06M) | Time:00:00.04 | Mem:0.00M, Peak:0.00M | Scene, ViewLayer | Initializing
Fra:1 Mem:16.46M (Peak 17.06M) | Time:00:00.04 | Mem:0.00M, Peak:0.00M | Scene, ViewLayer | Waiting for render to start
Fra:1 Mem:16.46M (Peak 17.06M) | Time:00:00.04 | Mem:0.00M, Peak:0.00M | Scene, ViewLayer | Updating Scene
Fra:1 Mem:16.46M (Peak 17.06M) | Time:00:00.04 | Mem:0.00M, Peak:0.00M | Scene, ViewLayer | Updating Shaders
Fra:1 Mem:16.54M (Peak 17.06M) | Time:00:00.04 | Mem:0.00M, Peak:0.00M | Scene, ViewLayer | Loading render kernels (may take a few minutes the first time)
Fra:1 Mem:16.54M (Peak 43.71M) | Time:00:00.10 | Mem:0.01M, Peak:0.01M | Scene, ViewLayer | Updating Procedurals
Fra:1 Mem:16.54M (Peak 43.71M) | Time:00:00.10 | Mem:0.01M, Peak:0.01M | Scene, ViewLayer | Updating Background
Fra:1 Mem:16.54M (Peak 43.71M) | Time:00:00.10 | Mem:0.01M, Peak:0.01M | Scene, ViewLayer | Updating Camera
Fra:1 Mem:16.54M (Peak 43.71M) | Time:00:00.10 | Mem:0.01M, Peak:0.01M | Scene, ViewLayer | Updating Meshes Flags
Fra:1 Mem:16.54M (Peak 43.71M) | Time:00:00.10 | Mem:0.01M, Peak:0.01M | Scene, ViewLayer | Updating Objects
Fra:1 Mem:16.54M (Peak 43.71M) | Time:00:00.10 | Mem:0.01M, Peak:0.01M | Scene, ViewLayer | Updating Objects | Copying Transformations to device
Fra:1 Mem:16.55M (Peak 43.71M) | Time:00:00.10 | Mem:0.01M, Peak:0.01M | Scene, ViewLayer | Updating Particle Systems
Fra:1 Mem:16.55M (Peak 43.71M) | Time:00:00.10 | Mem:0.01M, Peak:0.01M | Scene, ViewLayer | Updating Particle Systems | Copying Particles to device
Fra:1 Mem:16.55M (Peak 43.71M) | Time:00:00.10 | Mem:0.01M, Peak:0.01M | Scene, ViewLayer | Updating Meshes
Fra:1 Mem:16.55M (Peak 43.71M) | Time:00:00.10 | Mem:0.01M, Peak:0.01M | Scene, ViewLayer | Updating Objects | Applying Static Transformations
Fra:1 Mem:16.55M (Peak 43.71M) | Time:00:00.10 | Mem:0.01M, Peak:0.01M | Scene, ViewLayer | Updating Mesh | Computing attributes
Fra:1 Mem:16.81M (Peak 43.71M) | Time:00:00.10 | Mem:0.01M, Peak:0.01M | Scene, ViewLayer | Updating Mesh | Copying Attributes to device
Fra:1 Mem:16.81M (Peak 43.71M) | Time:00:00.10 | Mem:0.27M, Peak:0.27M | Scene, ViewLayer | Updating Geometry BVH light 8/7 | Building BVH
Fra:1 Mem:16.81M (Peak 43.71M) | Time:00:00.10 | Mem:0.27M, Peak:0.27M | Scene, ViewLayer | Updating Geometry BVH light 8/7 | Building OptiX acceleration structure
Fra:1 Mem:16.81M (Peak 43.71M) | Time:00:00.10 | Mem:0.27M, Peak:0.27M | Scene, ViewLayer | Updating Geometry BVH TopSoft 7/7 | Building BVH
Fra:1 Mem:16.81M (Peak 43.71M) | Time:00:00.10 | Mem:0.27M, Peak:0.27M | Scene, ViewLayer | Updating Geometry BVH TopSoft 7/7 | Building OptiX acceleration structure
Fra:1 Mem:16.81M (Peak 43.71M) | Time:00:00.10 | Mem:0.27M, Peak:0.27M | Scene, ViewLayer | Updating Geometry BVH FrontKey 3/7 | Building BVH
Fra:1 Mem:16.81M (Peak 43.71M) | Time:00:00.10 | Mem:0.27M, Peak:0.27M | Scene, ViewLayer | Updating Geometry BVH LeftFill 5/7 | Building OptiX acceleration structure
Fra:1 Mem:16.81M (Peak 43.71M) | Time:00:00.10 | Mem:0.27M, Peak:0.27M | Scene, ViewLayer | Updating Geometry BVH 2 2/7 | Building BVH
Fra:1 Mem:16.81M (Peak 43.71M) | Time:00:00.10 | Mem:0.27M, Peak:0.27M | Scene, ViewLayer | Updating Geometry BVH 2 2/7 | Building OptiX acceleration structure
Fra:1 Mem:16.81M (Peak 43.71M) | Time:00:00.10 | Mem:1.38M, Peak:4.73M | Scene, ViewLayer | Updating Scene BVH | Building
Fra:1 Mem:16.81M (Peak 43.71M) | Time:00:00.10 | Mem:1.38M, Peak:4.73M | Scene, ViewLayer | Updating Scene BVH | Building OptiX acceleration structure
Fra:1 Mem:16.81M (Peak 43.71M) | Time:00:00.10 | Mem:1.38M, Peak:4.73M | Scene, ViewLayer | Updating Scene BVH | Copying BVH to device
Fra:1 Mem:16.81M (Peak 43.71M) | Time:00:00.10 | Mem:1.38M, Peak:4.73M | Scene, ViewLayer | Updating Mesh | Computing normals
Fra:1 Mem:18.04M (Peak 43.71M) | Time:00:00.10 | Mem:1.38M, Peak:4.73M | Scene, ViewLayer | Updating Mesh | Copying Mesh to device
Fra:1 Mem:18.04M (Peak 43.71M) | Time:00:00.10 | Mem:2.61M, Peak:4.73M | Scene, ViewLayer | Updating Objects Flags
Fra:1 Mem:18.04M (Peak 43.71M) | Time:00:00.10 | Mem:2.61M, Peak:4.73M | Scene, ViewLayer | Updating Primitive Offsets
Fra:1 Mem:18.04M (Peak 43.71M) | Time:00:00.10 | Mem:2.61M, Peak:4.73M | Scene, ViewLayer | Updating Images
Fra:1 Mem:18.04M (Peak 43.71M) | Time:00:00.10 | Mem:2.61M, Peak:4.73M | Scene, ViewLayer | Updating Camera Volume
Fra:1 Mem:18.04M (Peak 43.71M) | Time:00:00.10 | Mem:2.61M, Peak:4.73M | Scene, ViewLayer | Updating Lookup Tables
Fra:1 Mem:18.04M (Peak 43.71M) | Time:00:00.10 | Mem:2.69M, Peak:4.73M | Scene, ViewLayer | Updating Lights
Fra:1 Mem:18.04M (Peak 43.71M) | Time:00:00.10 | Mem:2.69M, Peak:4.73M | Scene, ViewLayer | Updating Lights | Computing tree
Fra:1 Mem:18.05M (Peak 43.71M) | Time:00:00.10 | Mem:2.70M, Peak:4.73M | Scene, ViewLayer | Updating Integrator
Fra:1 Mem:18.05M (Peak 43.71M) | Time:00:00.10 | Mem:2.70M, Peak:4.73M | Scene, ViewLayer | Updating Film
Fra:1 Mem:18.05M (Peak 43.71M) | Time:00:00.10 | Mem:2.61M, Peak:4.73M | Scene, ViewLayer | Updating Lookup Tables
Fra:1 Mem:18.05M (Peak 43.71M) | Time:00:00.10 | Mem:2.70M, Peak:4.73M | Scene, ViewLayer | Updating Baking
Fra:1 Mem:18.05M (Peak 43.71M) | Time:00:00.10 | Mem:2.70M, Peak:4.73M | Scene, ViewLayer | Updating Device | Writing constant memory
Fra:1 Mem:18.05M (Peak 43.71M) | Time:00:00.10 | Mem:2.70M, Peak:4.73M | Scene, ViewLayer | Loading denoising kernels (may take a few minutes the first time)
Fra:1 Mem:31.37M (Peak 43.71M) | Time:00:00.11 | Mem:1174.20M, Peak:1174.20M | Scene, ViewLayer | Sample 0/8
Fra:1 Mem:36.12M (Peak 43.71M) | Time:00:00.11 | Remaining:00:00.01 | Mem:1178.95M, Peak:1178.95M | Scene, ViewLayer | Sample 1/8
Fra:1 Mem:38.13M (Peak 43.71M) | Time:00:00.12 | Mem:1232.53M, Peak:1234.03M | Scene, ViewLayer | Sample 8/8
Fra:1 Mem:38.13M (Peak 43.71M) | Time:00:00.12 | Mem:1232.53M, Peak:1234.03M | Scene, ViewLayer | Finished
Saved: '/tmp/pose_2_cjmdmjwb/probe.png'
Time: 00:00.17 (Saving: 00:00.00)

Fra:1 Mem:14.90M (Peak 14.90M) | Time:00:00.04 | Mem:0.00M, Peak:0.00M | Scene, ViewLayer | Synchronizing object | 2
Fra:1 Mem:14.90M (Peak 14.90M) | Time:00:00.04 | Mem:0.00M, Peak:0.00M | Scene, ViewLayer | Synchronizing object | BackFill
Fra:1 Mem:14.90M (Peak 14.90M) | Time:00:00.04 | Mem:0.00M, Peak:0.00M | Scene, ViewLayer | Synchronizing object | TopSoft
Fra:1 Mem:16.70M (Peak 17.06M) | Time:00:00.04 | Mem:0.00M, Peak:0.00M | Scene, ViewLayer | Initializing
Fra:1 Mem:16.46M (Peak 17.06M) | Time:00:00.04 | Mem:0.00M, Peak:0.00M | Scene, ViewLayer | Waiting for render to start
Fra:1 Mem:16.46M (Peak 17.06M) | Time:00:00.04 | Mem:0.00M, Peak:0.00M | Scene, ViewLayer | Updating Scene
Fra:1 Mem:16.46M (Peak 17.06M) | Time:00:00.04 | Mem:0.00M, Peak:0.00M | Scene, ViewLayer | Updating Shaders
Fra:1 Mem:16.54M (Peak 17.06M) | Time:00:00.04 | Mem:0.00M, Peak:0.00M | Scene, ViewLayer | Loading render kernels (may take a few minutes the first time)
Fra:1 Mem:16.54M (Peak 43.71M) | Time:00:00.10 | Mem:0.01M, Peak:0.01M | Scene, ViewLayer | Updating Procedurals
Fra:1 Mem:16.54M (Peak 43.71M) | Time:00:00.10 | Mem:0.01M, Peak:0.01M | Scene, ViewLayer | Updating Background
Fra:1 Mem:16.54M (Peak 43.71M) | Time:00:00.10 | Mem:0.01M, Peak:0.01M | Scene, ViewLayer | Updating Camera
Fra:1 Mem:16.54M (Peak 43.71M) | Time:00:00.10 | Mem:0.01M, Peak:0.01M | Scene, ViewLayer | Updating Meshes Flags
Fra:1 Mem:16.54M (Peak 43.71M) | Time:00:00.10 | Mem:0.01M, Peak:0.01M | Scene, ViewLayer | Updating Objects
Fra:1 Mem:16.54M (Peak 43.71M) | Time:00:00.10 | Mem:0.01M, Peak:0.01M | Scene, ViewLayer | Updating Objects | Copying Transformations to device
Fra:1 Mem:16.55M (Peak 43.71M) | Time:00:00.10 | Mem:0.01M, Peak:0.01M | Scene, ViewLayer | Updating Particle Systems
Fra:1 Mem:16.55M (Peak 43.71M) | Time:00:00.10 | Mem:0.01M, Peak:0.01M | Scene, ViewLayer | Updating Particle Systems | Copying Particles to device
Fra:1 Mem:16.55M (Peak 43.71M) | Time:00:00.10 | Mem:0.01M, Peak:0.01M | Scene, ViewLayer | Updating Meshes
Fra:1 Mem:16.55M (Peak 43.71M) | Time:00:00.10 | Mem:0.01M, Peak:0.01M | Scene, ViewLayer | Updating Objects | Applying Static Transformations
Fra:1 Mem:16.55M (Peak 43.71M) | Time:00:00.10 | Mem:0.01M, Peak:0.01M | Scene, ViewLayer | Updating Mesh | Computing attributes
Fra:1 Mem:16.81M (Peak 43.71M) | Time:00:00.10 | Mem:0.01M, Peak:0.01M | Scene, ViewLayer | Updating Mesh | Copying Attributes to device
Fra:1 Mem:16.81M (Peak 43.71M) | Time:00:00.10 | Mem:0.27M, Peak:0.27M | Scene, ViewLayer | Updating Geometry BVH light 8/7 | Building BVH
Fra:1 Mem:16.81M (Peak 43.71M) | Time:00:00.10 | Mem:0.27M, Peak:0.27M | Scene, ViewLayer | Updating Geometry BVH light 8/7 | Building OptiX acceleration structure
Fra:1 Mem:16.81M (Peak 43.71M) | Time:00:00.10 | Mem:0.27M, Peak:0.27M | Scene, ViewLayer | Updating Geometry BVH TopSoft 7/7 | Building BVH
Fra:1 Mem:16.81M (Peak 43.71M) | Time:00:00.10 | Mem:0.27M, Peak:0.27M | Scene, ViewLayer | Updating Geometry BVH TopSoft 7/7 | Building OptiX acceleration structure
Fra:1 Mem:16.81M (Peak 43.71M) | Time:00:00.10 | Mem:0.27M, Peak:0.27M | Scene, ViewLayer | Updating Geometry BVH RightFill 6/7 | Building BVH
Fra:1 Mem:16.81M (Peak 43.71M) | Time:00:00.10 | Mem:0.27M, Peak:0.27M | Scene, ViewLayer | Updating Geometry BVH 2 2/7 | Building OptiX acceleration structure
Fra:1 Mem:16.81M (Peak 43.71M) | Time:00:00.10 | Mem:1.37M, Peak:4.72M | Scene, ViewLayer | Updating Scene BVH | Building
Fra:1 Mem:16.81M (Peak 43.71M) | Time:00:00.10 | Mem:1.37M, Peak:4.72M | Scene, ViewLayer | Updating Scene BVH | Building OptiX acceleration structure
Fra:1 Mem:16.81M (Peak 43.71M) | Time:00:00.10 | Mem:1.37M, Peak:4.72M | Scene, ViewLayer | Updating Scene BVH | Copying BVH to device
Fra:1 Mem:16.81M (Peak 43.71M) | Time:00:00.10 | Mem:1.37M, Peak:4.72M | Scene, ViewLayer | Updating Mesh | Computing normals
Fra:1 Mem:18.04M (Peak 43.71M) | Time:00:00.10 | Mem:1.37M, Peak:4.72M | Scene, ViewLayer | Updating Mesh | Copying Mesh to device
Fra:1 Mem:18.04M (Peak 43.71M) | Time:00:00.10 | Mem:2.61M, Peak:4.72M | Scene, ViewLayer | Updating Objects Flags
Fra:1 Mem:18.04M (Peak 43.71M) | Time:00:00.10 | Mem:2.61M, Peak:4.72M | Scene, ViewLayer | Updating Primitive Offsets
Fra:1 Mem:18.04M (Peak 43.71M) | Time:00:00.10 | Mem:2.61M, Peak:4.72M | Scene, ViewLayer | Updating Images
Fra:1 Mem:18.04M (Peak 43.71M) | Time:00:00.10 | Mem:2.61M, Peak:4.72M | Scene, ViewLayer | Updating Camera Volume
Fra:1 Mem:18.04M (Peak 43.71M) | Time:00:00.10 | Mem:2.61M, Peak:4.72M | Scene, ViewLayer | Updating Lookup Tables
Fra:1 Mem:18.04M (Peak 43.71M) | Time:00:00.10 | Mem:2.69M, Peak:4.72M | Scene, ViewLayer | Updating Lights
Fra:1 Mem:18.04M (Peak 43.71M) | Time:00:00.10 | Mem:2.69M, Peak:4.72M | Scene, ViewLayer | Updating Lights | Computing tree
Fra:1 Mem:18.05M (Peak 43.71M) | Time:00:00.10 | Mem:2.69M, Peak:4.72M | Scene, ViewLayer | Updating Integrator
Fra:1 Mem:18.05M (Peak 43.71M) | Time:00:00.10 | Mem:2.69M, Peak:4.72M | Scene, ViewLayer | Updating Film
Fra:1 Mem:18.05M (Peak 43.71M) | Time:00:00.10 | Mem:2.61M, Peak:4.72M | Scene, ViewLayer | Updating Lookup Tables
Fra:1 Mem:18.05M (Peak 43.71M) | Time:00:00.10 | Mem:2.69M, Peak:4.72M | Scene, ViewLayer | Updating Baking
Fra:1 Mem:18.05M (Peak 43.71M) | Time:00:00.10 | Mem:2.69M, Peak:4.72M | Scene, ViewLayer | Updating Device | Writing constant memory
Fra:1 Mem:18.05M (Peak 43.71M) | Time:00:00.10 | Mem:2.69M, Peak:4.72M | Scene, ViewLayer | Loading denoising kernels (may take a few minutes the first time)
Fra:1 Mem:31.37M (Peak 43.71M) | Time:00:00.10 | Mem:1174.20M, Peak:1174.20M | Scene, ViewLayer | Sample 0/8
Fra:1 Mem:36.12M (Peak 43.71M) | Time:00:00.11 | Remaining:00:00.01 | Mem:1178.95M, Peak:1178.95M | Scene, ViewLayer | Sample 1/8
Fra:1 Mem:38.13M (Peak 43.71M) | Time:00:00.12 | Mem:1232.52M, Peak:1234.02M | Scene, ViewLayer | Sample 8/8
Fra:1 Mem:38.13M (Peak 43.71M) | Time:00:00.12 | Mem:1232.52M, Peak:1234.02M | Scene, ViewLayer | Finished
Saved: '/tmp/pose_2_cjmdmjwb/probe.png'
Time: 00:00.17 (Saving: 00:00.00)

Fra:1 Mem:14.90M (Peak 14.90M) | Time:00:00.04 | Mem:0.00M, Peak:0.00M | Scene, ViewLayer | Synchronizing object | 2
Fra:1 Mem:14.90M (Peak 14.90M) | Time:00:00.04 | Mem:0.00M, Peak:0.00M | Scene, ViewLayer | Synchronizing object | FrontKey
Fra:1 Mem:14.90M (Peak 14.90M) | Time:00:00.04 | Mem:0.00M, Peak:0.00M | Scene, ViewLayer | Synchronizing object | TopSoft
Fra:1 Mem:16.70M (Peak 17.06M) | Time:00:00.04 | Mem:0.00M, Peak:0.00M | Scene, ViewLayer | Initializing
Fra:1 Mem:16.46M (Peak 17.06M) | Time:00:00.04 | Mem:0.00M, Peak:0.00M | Scene, ViewLayer | Waiting for render to start
Fra:1 Mem:16.46M (Peak 17.06M) | Time:00:00.04 | Mem:0.00M, Peak:0.00M | Scene, ViewLayer | Updating Scene
Fra:1 Mem:16.46M (Peak 17.06M) | Time:00:00.04 | Mem:0.00M, Peak:0.00M | Scene, ViewLayer | Updating Shaders
Fra:1 Mem:16.54M (Peak 17.06M) | Time:00:00.04 | Mem:0.00M, Peak:0.00M | Scene, ViewLayer | Loading render kernels (may take a few minutes the first time)
Fra:1 Mem:16.54M (Peak 43.71M) | Time:00:00.10 | Mem:0.01M, Peak:0.01M | Scene, ViewLayer | Updating Procedurals
Fra:1 Mem:16.54M (Peak 43.71M) | Time:00:00.10 | Mem:0.01M, Peak:0.01M | Scene, ViewLayer | Updating Background
Fra:1 Mem:16.54M (Peak 43.71M) | Time:00:00.10 | Mem:0.01M, Peak:0.01M | Scene, ViewLayer | Updating Camera
Fra:1 Mem:16.54M (Peak 43.71M) | Time:00:00.10 | Mem:0.01M, Peak:0.01M | Scene, ViewLayer | Updating Meshes Flags
Fra:1 Mem:16.54M (Peak 43.71M) | Time:00:00.10 | Mem:0.01M, Peak:0.01M | Scene, ViewLayer | Updating Objects
Fra:1 Mem:16.54M (Peak 43.71M) | Time:00:00.10 | Mem:0.01M, Peak:0.01M | Scene, ViewLayer | Updating Objects | Copying Transformations to device
Fra:1 Mem:16.55M (Peak 43.71M) | Time:00:00.10 | Mem:0.01M, Peak:0.01M | Scene, ViewLayer | Updating Particle Systems
Fra:1 Mem:16.55M (Peak 43.71M) | Time:00:00.10 | Mem:0.01M, Peak:0.01M | Scene, ViewLayer | Updating Particle Systems | Copying Particles to device
Fra:1 Mem:16.55M (Peak 43.71M) | Time:00:00.10 | Mem:0.01M, Peak:0.01M | Scene, ViewLayer | Updating Meshes
Fra:1 Mem:16.55M (Peak 43.71M) | Time:00:00.10 | Mem:0.01M, Peak:0.01M | Scene, ViewLayer | Updating Objects | Applying Static Transformations
Fra:1 Mem:16.55M (Peak 43.71M) | Time:00:00.10 | Mem:0.01M, Peak:0.01M | Scene, ViewLayer | Updating Mesh | Computing attributes
Fra:1 Mem:16.81M (Peak 43.71M) | Time:00:00.10 | Mem:0.01M, Peak:0.01M | Scene, ViewLayer | Updating Mesh | Copying Attributes to device
Fra:1 Mem:16.81M (Peak 43.71M) | Time:00:00.10 | Mem:0.27M, Peak:0.27M | Scene, ViewLayer | Updating Geometry BVH light 8/7 | Building BVH
Fra:1 Mem:16.81M (Peak 43.71M) | Time:00:00.10 | Mem:0.27M, Peak:0.27M | Scene, ViewLayer | Updating Geometry BVH light 8/7 | Building OptiX acceleration structure
Fra:1 Mem:16.81M (Peak 43.71M) | Time:00:00.10 | Mem:0.27M, Peak:0.27M | Scene, ViewLayer | Updating Geometry BVH TopSoft 7/7 | Building BVH
Fra:1 Mem:16.81M (Peak 43.71M) | Time:00:00.10 | Mem:0.27M, Peak:0.27M | Scene, ViewLayer | Updating Geometry BVH TopSoft 7/7 | Building OptiX acceleration structure
Fra:1 Mem:16.81M (Peak 43.71M) | Time:00:00.10 | Mem:0.27M, Peak:0.27M | Scene, ViewLayer | Updating Geometry BVH LeftFill 5/7 | Building BVH
Fra:1 Mem:16.81M (Peak 43.71M) | Time:00:00.10 | Mem:0.27M, Peak:0.27M | Scene, ViewLayer | Updating Geometry BVH RightFill 6/7 | Building OptiX acceleration structure
Fra:1 Mem:16.81M (Peak 43.71M) | Time:00:00.10 | Mem:0.27M, Peak:0.27M | Scene, ViewLayer | Updating Geometry BVH 2 2/7 | Building BVH
Fra:1 Mem:16.81M (Peak 43.71M) | Time:00:00.10 | Mem:0.27M, Peak:0.27M | Scene, ViewLayer | Updating Geometry BVH 2 2/7 | Building OptiX acceleration structure
Fra:1 Mem:16.81M (Peak 43.71M) | Time:00:00.10 | Mem:1.38M, Peak:4.73M | Scene, ViewLayer | Updating Scene BVH | Building
Fra:1 Mem:16.81M (Peak 43.71M) | Time:00:00.10 | Mem:1.38M, Peak:4.73M | Scene, ViewLayer | Updating Scene BVH | Building OptiX acceleration structure
Fra:1 Mem:16.81M (Peak 43.71M) | Time:00:00.10 | Mem:1.38M, Peak:4.73M | Scene, ViewLayer | Updating Scene BVH | Copying BVH to device
Fra:1 Mem:16.81M (Peak 43.71M) | Time:00:00.10 | Mem:1.38M, Peak:4.73M | Scene, ViewLayer | Updating Mesh | Computing normals
Fra:1 Mem:18.04M (Peak 43.71M) | Time:00:00.10 | Mem:1.38M, Peak:4.73M | Scene, ViewLayer | Updating Mesh | Copying Mesh to device
Fra:1 Mem:18.04M (Peak 43.71M) | Time:00:00.10 | Mem:2.61M, Peak:4.73M | Scene, ViewLayer | Updating Objects Flags
Fra:1 Mem:18.04M (Peak 43.71M) | Time:00:00.10 | Mem:2.61M, Peak:4.73M | Scene, ViewLayer | Updating Primitive Offsets
Fra:1 Mem:18.04M (Peak 43.71M) | Time:00:00.10 | Mem:2.61M, Peak:4.73M | Scene, ViewLayer | Updating Images
Fra:1 Mem:18.04M (Peak 43.71M) | Time:00:00.10 | Mem:2.61M, Peak:4.73M | Scene, ViewLayer | Updating Camera Volume
Fra:1 Mem:18.04M (Peak 43.71M) | Time:00:00.10 | Mem:2.61M, Peak:4.73M | Scene, ViewLayer | Updating Lookup Tables
Fra:1 Mem:18.04M (Peak 43.71M) | Time:00:00.10 | Mem:2.70M, Peak:4.73M | Scene, ViewLayer | Updating Lights
Fra:1 Mem:18.04M (Peak 43.71M) | Time:00:00.10 | Mem:2.70M, Peak:4.73M | Scene, ViewLayer | Updating Lights | Computing tree
Fra:1 Mem:18.05M (Peak 43.71M) | Time:00:00.10 | Mem:2.70M, Peak:4.73M | Scene, ViewLayer | Updating Integrator
Fra:1 Mem:18.05M (Peak 43.71M) | Time:00:00.10 | Mem:2.70M, Peak:4.73M | Scene, ViewLayer | Updating Film
Fra:1 Mem:18.05M (Peak 43.71M) | Time:00:00.10 | Mem:2.62M, Peak:4.73M | Scene, ViewLayer | Updating Lookup Tables
Fra:1 Mem:18.05M (Peak 43.71M) | Time:00:00.10 | Mem:2.70M, Peak:4.73M | Scene, ViewLayer | Updating Baking
Fra:1 Mem:18.05M (Peak 43.71M) | Time:00:00.10 | Mem:2.70M, Peak:4.73M | Scene, ViewLayer | Updating Device | Writing constant memory
Fra:1 Mem:18.05M (Peak 43.71M) | Time:00:00.10 | Mem:2.70M, Peak:4.73M | Scene, ViewLayer | Loading denoising kernels (may take a few minutes the first time)
Fra:1 Mem:31.37M (Peak 43.71M) | Time:00:00.10 | Mem:1174.21M, Peak:1174.21M | Scene, ViewLayer | Sample 0/8
Fra:1 Mem:36.12M (Peak 43.71M) | Time:00:00.11 | Remaining:00:00.01 | Mem:1178.96M, Peak:1178.96M | Scene, ViewLayer | Sample 1/8
Fra:1 Mem:38.13M (Peak 43.71M) | Time:00:00.12 | Mem:1232.53M, Peak:1234.03M | Scene, ViewLayer | Sample 8/8
Fra:1 Mem:38.13M (Peak 43.71M) | Time:00:00.12 | Mem:1232.53M, Peak:1234.03M | Scene, ViewLayer | Finished
Saved: '/tmp/pose_2_cjmdmjwb/probe.png'
Time: 00:00.17 (Saving: 00:00.00)

Fra:1 Mem:14.90M (Peak 14.90M) | Time:00:00.04 | Mem:0.00M, Peak:0.00M | Scene, ViewLayer | Synchronizing object | 2
Fra:1 Mem:14.90M (Peak 14.90M) | Time:00:00.04 | Mem:0.00M, Peak:0.00M | Scene, ViewLayer | Synchronizing object | FrontKey
Fra:1 Mem:14.90M (Peak 14.90M) | Time:00:00.04 | Mem:0.00M, Peak:0.00M | Scene, ViewLayer | Synchronizing object | RightFill
Fra:1 Mem:14.90M (Peak 14.90M) | Time:00:00.04 | Mem:0.00M, Peak:0.00M | Scene, ViewLayer | Synchronizing object | TopSoft
Fra:1 Mem:16.70M (Peak 17.06M) | Time:00:00.04 | Mem:0.00M, Peak:0.00M | Scene, ViewLayer | Initializing
Fra:1 Mem:16.46M (Peak 17.06M) | Time:00:00.04 | Mem:0.00M, Peak:0.00M | Scene, ViewLayer | Waiting for render to start
Fra:1 Mem:16.46M (Peak 17.06M) | Time:00:00.04 | Mem:0.00M, Peak:0.00M | Scene, ViewLayer | Updating Scene
Fra:1 Mem:16.46M (Peak 17.06M) | Time:00:00.04 | Mem:0.00M, Peak:0.00M | Scene, ViewLayer | Updating Shaders
Fra:1 Mem:16.54M (Peak 17.06M) | Time:00:00.04 | Mem:0.00M, Peak:0.00M | Scene, ViewLayer | Loading render kernels (may take a few minutes the first time)
Fra:1 Mem:16.54M (Peak 43.71M) | Time:00:00.10 | Mem:0.01M, Peak:0.01M | Scene, ViewLayer | Updating Procedurals
Fra:1 Mem:16.54M (Peak 43.71M) | Time:00:00.10 | Mem:0.01M, Peak:0.01M | Scene, ViewLayer | Updating Background
Fra:1 Mem:16.54M (Peak 43.71M) | Time:00:00.10 | Mem:0.01M, Peak:0.01M | Scene, ViewLayer | Updating Camera
Fra:1 Mem:16.54M (Peak 43.71M) | Time:00:00.10 | Mem:0.01M, Peak:0.01M | Scene, ViewLayer | Updating Meshes Flags
Fra:1 Mem:16.54M (Peak 43.71M) | Time:00:00.10 | Mem:0.01M, Peak:0.01M | Scene, ViewLayer | Updating Objects
Fra:1 Mem:16.54M (Peak 43.71M) | Time:00:00.10 | Mem:0.01M, Peak:0.01M | Scene, ViewLayer | Updating Objects | Copying Transformations to device
Fra:1 Mem:16.55M (Peak 43.71M) | Time:00:00.10 | Mem:0.01M, Peak:0.01M | Scene, ViewLayer | Updating Particle Systems
Fra:1 Mem:16.55M (Peak 43.71M) | Time:00:00.10 | Mem:0.01M, Peak:0.01M | Scene, ViewLayer | Updating Particle Systems | Copying Particles to device
Fra:1 Mem:16.55M (Peak 43.71M) | Time:00:00.10 | Mem:0.01M, Peak:0.01M | Scene, ViewLayer | Updating Meshes
Fra:1 Mem:16.55M (Peak 43.71M) | Time:00:00.10 | Mem:0.01M, Peak:0.01M | Scene, ViewLayer | Updating Objects | Applying Static Transformations
Fra:1 Mem:16.55M (Peak 43.71M) | Time:00:00.10 | Mem:0.01M, Peak:0.01M | Scene, ViewLayer | Updating Mesh | Computing attributes
Fra:1 Mem:16.81M (Peak 43.71M) | Time:00:00.10 | Mem:0.01M, Peak:0.01M | Scene, ViewLayer | Updating Mesh | Copying Attributes to device
Fra:1 Mem:16.81M (Peak 43.71M) | Time:00:00.10 | Mem:0.27M, Peak:0.27M | Scene, ViewLayer | Updating Geometry BVH light 8/7 | Building BVH
Fra:1 Mem:16.81M (Peak 43.71M) | Time:00:00.10 | Mem:0.27M, Peak:0.27M | Scene, ViewLayer | Updating Geometry BVH light 8/7 | Building OptiX acceleration structure
Fra:1 Mem:16.81M (Peak 43.71M) | Time:00:00.10 | Mem:0.27M, Peak:0.27M | Scene, ViewLayer | Updating Geometry BVH TopSoft 7/7 | Building BVH
Fra:1 Mem:16.81M (Peak 43.71M) | Time:00:00.10 | Mem:0.27M, Peak:0.27M | Scene, ViewLayer | Updating Geometry BVH TopSoft 7/7 | Building OptiX acceleration structure
Fra:1 Mem:16.81M (Peak 43.71M) | Time:00:00.10 | Mem:0.27M, Peak:0.27M | Scene, ViewLayer | Updating Geometry BVH RightFill 6/7 | Building BVH
Fra:1 Mem:16.81M (Peak 43.71M) | Time:00:00.10 | Mem:0.27M, Peak:0.27M | Scene, ViewLayer | Updating Geometry BVH LeftFill 5/7 | Building BVH
Fra:1 Mem:16.81M (Peak 43.71M) | Time:00:00.10 | Mem:0.27M, Peak:0.27M | Scene, ViewLayer | Updating Geometry BVH LeftFill 5/7 | Building OptiX acceleration structure
Fra:1 Mem:16.81M (Peak 43.71M) | Time:00:00.10 | Mem:0.27M, Peak:0.27M | Scene, ViewLayer | Updating Geometry BVH 2 2/7 | Building BVH
Fra:1 Mem:16.81M (Peak 43.71M) | Time:00:00.10 | Mem:0.27M, Peak:0.27M | Scene, ViewLayer | Updating Geometry BVH 2 2/7 | Building OptiX acceleration structure
Fra:1 Mem:16.81M (Peak 43.71M) | Time:00:00.10 | Mem:1.38M, Peak:4.74M | Scene, ViewLayer | Updating Scene BVH | Building
Fra:1 Mem:16.81M (Peak 43.71M) | Time:00:00.10 | Mem:1.38M, Peak:4.74M | Scene, ViewLayer | Updating Scene BVH | Building OptiX acceleration structure
Fra:1 Mem:16.81M (Peak 43.71M) | Time:00:00.10 | Mem:1.38M, Peak:4.74M | Scene, ViewLayer | Updating Scene BVH | Copying BVH to device
Fra:1 Mem:16.81M (Peak 43.71M) | Time:00:00.10 | Mem:1.38M, Peak:4.74M | Scene, ViewLayer | Updating Mesh | Computing normals
Fra:1 Mem:18.04M (Peak 43.71M) | Time:00:00.10 | Mem:1.38M, Peak:4.74M | Scene, ViewLayer | Updating Mesh | Copying Mesh to device
Fra:1 Mem:18.04M (Peak 43.71M) | Time:00:00.10 | Mem:2.62M, Peak:4.74M | Scene, ViewLayer | Updating Objects Flags
Fra:1 Mem:18.04M (Peak 43.71M) | Time:00:00.10 | Mem:2.62M, Peak:4.74M | Scene, ViewLayer | Updating Primitive Offsets
Fra:1 Mem:18.04M (Peak 43.71M) | Time:00:00.10 | Mem:2.62M, Peak:4.74M | Scene, ViewLayer | Updating Images
Fra:1 Mem:18.04M (Peak 43.71M) | Time:00:00.10 | Mem:2.62M, Peak:4.74M | Scene, ViewLayer | Updating Camera Volume
Fra:1 Mem:18.04M (Peak 43.71M) | Time:00:00.10 | Mem:2.62M, Peak:4.74M | Scene, ViewLayer | Updating Lookup Tables
Fra:1 Mem:18.04M (Peak 43.71M) | Time:00:00.10 | Mem:2.70M, Peak:4.74M | Scene, ViewLayer | Updating Lights
Fra:1 Mem:18.04M (Peak 43.71M) | Time:00:00.10 | Mem:2.70M, Peak:4.74M | Scene, ViewLayer | Updating Lights | Computing tree
Fra:1 Mem:18.05M (Peak 43.71M) | Time:00:00.10 | Mem:2.70M, Peak:4.74M | Scene, ViewLayer | Updating Integrator
Fra:1 Mem:18.05M (Peak 43.71M) | Time:00:00.10 | Mem:2.70M, Peak:4.74M | Scene, ViewLayer | Updating Film
Fra:1 Mem:18.05M (Peak 43.71M) | Time:00:00.10 | Mem:2.62M, Peak:4.74M | Scene, ViewLayer | Updating Lookup Tables
Fra:1 Mem:18.05M (Peak 43.71M) | Time:00:00.10 | Mem:2.70M, Peak:4.74M | Scene, ViewLayer | Updating Baking
Fra:1 Mem:18.05M (Peak 43.71M) | Time:00:00.10 | Mem:2.70M, Peak:4.74M | Scene, ViewLayer | Updating Device | Writing constant memory
Fra:1 Mem:18.05M (Peak 43.71M) | Time:00:00.10 | Mem:2.70M, Peak:4.74M | Scene, ViewLayer | Loading denoising kernels (may take a few minutes the first time)
Fra:1 Mem:31.37M (Peak 43.71M) | Time:00:00.11 | Mem:1174.21M, Peak:1174.21M | Scene, ViewLayer | Sample 0/8
Fra:1 Mem:36.12M (Peak 43.71M) | Time:00:00.11 | Remaining:00:00.01 | Mem:1178.96M, Peak:1178.96M | Scene, ViewLayer | Sample 1/8
Fra:1 Mem:38.13M (Peak 43.71M) | Time:00:00.13 | Mem:1232.53M, Peak:1234.03M | Scene, ViewLayer | Sample 8/8
Fra:1 Mem:38.13M (Peak 43.71M) | Time:00:00.13 | Mem:1232.53M, Peak:1234.03M | Scene, ViewLayer | Finished
Saved: '/tmp/pose_2_cjmdmjwb/probe.png'
Time: 00:00.17 (Saving: 00:00.00)

Fra:1 Mem:14.90M (Peak 14.90M) | Time:00:00.04 | Mem:0.00M, Peak:0.00M | Scene, ViewLayer | Synchronizing object | 2
Fra:1 Mem:14.90M (Peak 14.90M) | Time:00:00.04 | Mem:0.00M, Peak:0.00M | Scene, ViewLayer | Synchronizing object | BackFill
Fra:1 Mem:14.90M (Peak 14.90M) | Time:00:00.04 | Mem:0.00M, Peak:0.00M | Scene, ViewLayer | Synchronizing object | TopSoft
Fra:1 Mem:16.70M (Peak 17.06M) | Time:00:00.04 | Mem:0.00M, Peak:0.00M | Scene, ViewLayer | Initializing
Fra:1 Mem:16.46M (Peak 17.06M) | Time:00:00.04 | Mem:0.00M, Peak:0.00M | Scene, ViewLayer | Waiting for render to start
Fra:1 Mem:16.46M (Peak 17.06M) | Time:00:00.04 | Mem:0.00M, Peak:0.00M | Scene, ViewLayer | Updating Scene
Fra:1 Mem:16.46M (Peak 17.06M) | Time:00:00.04 | Mem:0.00M, Peak:0.00M | Scene, ViewLayer | Updating Shaders
Fra:1 Mem:16.54M (Peak 17.06M) | Time:00:00.04 | Mem:0.00M, Peak:0.00M | Scene, ViewLayer | Loading render kernels (may take a few minutes the first time)
Fra:1 Mem:16.54M (Peak 43.71M) | Time:00:00.10 | Mem:0.01M, Peak:0.01M | Scene, ViewLayer | Updating Procedurals
Fra:1 Mem:16.54M (Peak 43.71M) | Time:00:00.10 | Mem:0.01M, Peak:0.01M | Scene, ViewLayer | Updating Background
Fra:1 Mem:16.54M (Peak 43.71M) | Time:00:00.10 | Mem:0.01M, Peak:0.01M | Scene, ViewLayer | Updating Camera
Fra:1 Mem:16.54M (Peak 43.71M) | Time:00:00.10 | Mem:0.01M, Peak:0.01M | Scene, ViewLayer | Updating Meshes Flags
Fra:1 Mem:16.54M (Peak 43.71M) | Time:00:00.10 | Mem:0.01M, Peak:0.01M | Scene, ViewLayer | Updating Objects
Fra:1 Mem:16.54M (Peak 43.71M) | Time:00:00.10 | Mem:0.01M, Peak:0.01M | Scene, ViewLayer | Updating Objects | Copying Transformations to device
Fra:1 Mem:16.55M (Peak 43.71M) | Time:00:00.10 | Mem:0.01M, Peak:0.01M | Scene, ViewLayer | Updating Particle Systems
Fra:1 Mem:16.55M (Peak 43.71M) | Time:00:00.10 | Mem:0.01M, Peak:0.01M | Scene, ViewLayer | Updating Particle Systems | Copying Particles to device
Fra:1 Mem:16.55M (Peak 43.71M) | Time:00:00.10 | Mem:0.01M, Peak:0.01M | Scene, ViewLayer | Updating Meshes
Fra:1 Mem:16.55M (Peak 43.71M) | Time:00:00.10 | Mem:0.01M, Peak:0.01M | Scene, ViewLayer | Updating Objects | Applying Static Transformations
Fra:1 Mem:16.55M (Peak 43.71M) | Time:00:00.10 | Mem:0.01M, Peak:0.01M | Scene, ViewLayer | Updating Mesh | Computing attributes
Fra:1 Mem:16.81M (Peak 43.71M) | Time:00:00.10 | Mem:0.01M, Peak:0.01M | Scene, ViewLayer | Updating Mesh | Copying Attributes to device
Fra:1 Mem:16.81M (Peak 43.71M) | Time:00:00.10 | Mem:0.27M, Peak:0.27M | Scene, ViewLayer | Updating Geometry BVH light 8/7 | Building BVH
Fra:1 Mem:16.81M (Peak 43.71M) | Time:00:00.10 | Mem:0.27M, Peak:0.27M | Scene, ViewLayer | Updating Geometry BVH light 8/7 | Building OptiX acceleration structure
Fra:1 Mem:16.81M (Peak 43.71M) | Time:00:00.10 | Mem:0.27M, Peak:0.27M | Scene, ViewLayer | Updating Geometry BVH TopSoft 7/7 | Building BVH
Fra:1 Mem:16.81M (Peak 43.71M) | Time:00:00.10 | Mem:0.27M, Peak:0.27M | Scene, ViewLayer | Updating Geometry BVH TopSoft 7/7 | Building OptiX acceleration structure
Fra:1 Mem:16.81M (Peak 43.71M) | Time:00:00.10 | Mem:0.27M, Peak:0.27M | Scene, ViewLayer | Updating Geometry BVH RightFill 6/7 | Building BVH
Fra:1 Mem:16.81M (Peak 43.71M) | Time:00:00.10 | Mem:0.27M, Peak:0.27M | Scene, ViewLayer | Updating Geometry BVH RightFill 6/7 | Building OptiX acceleration structure
Fra:1 Mem:16.81M (Peak 43.71M) | Time:00:00.10 | Mem:0.27M, Peak:0.27M | Scene, ViewLayer | Updating Geometry BVH BackFill 4/7 | Building BVH
Fra:1 Mem:16.81M (Peak 43.71M) | Time:00:00.10 | Mem:0.27M, Peak:0.27M | Scene, ViewLayer | Updating Geometry BVH BackFill 4/7 | Building OptiX acceleration structure
Fra:1 Mem:16.81M (Peak 43.71M) | Time:00:00.10 | Mem:0.27M, Peak:0.27M | Scene, ViewLayer | Updating Geometry BVH 2 2/7 | Building BVH
Fra:1 Mem:16.81M (Peak 43.71M) | Time:00:00.10 | Mem:0.27M, Peak:0.27M | Scene, ViewLayer | Updating Geometry BVH 2 2/7 | Building OptiX acceleration structure
Fra:1 Mem:16.81M (Peak 43.71M) | Time:00:00.10 | Mem:1.38M, Peak:4.73M | Scene, ViewLayer | Updating Scene BVH | Building
Fra:1 Mem:16.81M (Peak 43.71M) | Time:00:00.10 | Mem:1.38M, Peak:4.73M | Scene, ViewLayer | Updating Scene BVH | Building OptiX acceleration structure
Fra:1 Mem:16.81M (Peak 43.71M) | Time:00:00.10 | Mem:1.38M, Peak:4.73M | Scene, ViewLayer | Updating Scene BVH | Copying BVH to device
Fra:1 Mem:16.81M (Peak 43.71M) | Time:00:00.10 | Mem:1.38M, Peak:4.73M | Scene, ViewLayer | Updating Mesh | Computing normals
Fra:1 Mem:18.04M (Peak 43.71M) | Time:00:00.10 | Mem:1.38M, Peak:4.73M | Scene, ViewLayer | Updating Mesh | Copying Mesh to device
Fra:1 Mem:18.04M (Peak 43.71M) | Time:00:00.10 | Mem:2.61M, Peak:4.73M | Scene, ViewLayer | Updating Objects Flags
Fra:1 Mem:18.04M (Peak 43.71M) | Time:00:00.10 | Mem:2.61M, Peak:4.73M | Scene, ViewLayer | Updating Primitive Offsets
Fra:1 Mem:18.04M (Peak 43.71M) | Time:00:00.10 | Mem:2.61M, Peak:4.73M | Scene, ViewLayer | Updating Images
Fra:1 Mem:18.04M (Peak 43.71M) | Time:00:00.10 | Mem:2.61M, Peak:4.73M | Scene, ViewLayer | Updating Camera Volume
Fra:1 Mem:18.04M (Peak 43.71M) | Time:00:00.10 | Mem:2.61M, Peak:4.73M | Scene, ViewLayer | Updating Lookup Tables
Fra:1 Mem:18.04M (Peak 43.71M) | Time:00:00.10 | Mem:2.69M, Peak:4.73M | Scene, ViewLayer | Updating Lights
Fra:1 Mem:18.05M (Peak 43.71M) | Time:00:00.10 | Mem:2.70M, Peak:4.73M | Scene, ViewLayer | Updating Lights | Computing tree
Fra:1 Mem:18.05M (Peak 43.71M) | Time:00:00.11 | Mem:2.70M, Peak:4.73M | Scene, ViewLayer | Updating Integrator
Fra:1 Mem:18.05M (Peak 43.71M) | Time:00:00.11 | Mem:2.70M, Peak:4.73M | Scene, ViewLayer | Updating Film
Fra:1 Mem:18.05M (Peak 43.71M) | Time:00:00.11 | Mem:2.62M, Peak:4.73M | Scene, ViewLayer | Updating Lookup Tables
Fra:1 Mem:18.05M (Peak 43.71M) | Time:00:00.11 | Mem:2.70M, Peak:4.73M | Scene, ViewLayer | Updating Baking
Fra:1 Mem:18.05M (Peak 43.71M) | Time:00:00.11 | Mem:2.70M, Peak:4.73M | Scene, ViewLayer | Updating Device | Writing constant memory
Fra:1 Mem:18.05M (Peak 43.71M) | Time:00:00.11 | Mem:2.70M, Peak:4.73M | Scene, ViewLayer | Loading denoising kernels (may take a few minutes the first time)
Fra:1 Mem:31.37M (Peak 43.71M) | Time:00:00.11 | Mem:1174.20M, Peak:1174.20M | Scene, ViewLayer | Sample 0/8
Fra:1 Mem:36.12M (Peak 43.71M) | Time:00:00.11 | Remaining:00:00.01 | Mem:1178.95M, Peak:1178.95M | Scene, ViewLayer | Sample 1/8
Fra:1 Mem:38.13M (Peak 43.71M) | Time:00:00.13 | Mem:1232.53M, Peak:1234.03M | Scene, ViewLayer | Sample 8/8
Fra:1 Mem:38.13M (Peak 43.71M) | Time:00:00.13 | Mem:1232.53M, Peak:1234.03M | Scene, ViewLayer | Finished
Saved: '/tmp/pose_2_cjmdmjwb/probe.png'
Time: 00:00.18 (Saving: 00:00.00)

Fra:1 Mem:14.90M (Peak 14.90M) | Time:00:00.04 | Mem:0.00M, Peak:0.00M | Scene, ViewLayer | Synchronizing object | 2
Fra:1 Mem:14.90M (Peak 14.90M) | Time:00:00.04 | Mem:0.00M, Peak:0.00M | Scene, ViewLayer | Synchronizing object | BackFill
Fra:1 Mem:14.90M (Peak 14.90M) | Time:00:00.04 | Mem:0.00M, Peak:0.00M | Scene, ViewLayer | Synchronizing object | TopSoft
Fra:1 Mem:16.70M (Peak 17.06M) | Time:00:00.04 | Mem:0.00M, Peak:0.00M | Scene, ViewLayer | Initializing
Fra:1 Mem:16.46M (Peak 17.06M) | Time:00:00.04 | Mem:0.00M, Peak:0.00M | Scene, ViewLayer | Waiting for render to start
Fra:1 Mem:16.46M (Peak 17.06M) | Time:00:00.04 | Mem:0.00M, Peak:0.00M | Scene, ViewLayer | Updating Scene
Fra:1 Mem:16.46M (Peak 17.06M) | Time:00:00.04 | Mem:0.00M, Peak:0.00M | Scene, ViewLayer | Updating Shaders
Fra:1 Mem:16.54M (Peak 17.06M) | Time:00:00.04 | Mem:0.00M, Peak:0.00M | Scene, ViewLayer | Loading render kernels (may take a few minutes the first time)
Fra:1 Mem:16.54M (Peak 43.71M) | Time:00:00.10 | Mem:0.01M, Peak:0.01M | Scene, ViewLayer | Updating Procedurals
Fra:1 Mem:16.54M (Peak 43.71M) | Time:00:00.10 | Mem:0.01M, Peak:0.01M | Scene, ViewLayer | Updating Background
Fra:1 Mem:16.54M (Peak 43.71M) | Time:00:00.10 | Mem:0.01M, Peak:0.01M | Scene, ViewLayer | Updating Camera
Fra:1 Mem:16.54M (Peak 43.71M) | Time:00:00.10 | Mem:0.01M, Peak:0.01M | Scene, ViewLayer | Updating Meshes Flags
Fra:1 Mem:16.54M (Peak 43.71M) | Time:00:00.10 | Mem:0.01M, Peak:0.01M | Scene, ViewLayer | Updating Objects
Fra:1 Mem:16.54M (Peak 43.71M) | Time:00:00.10 | Mem:0.01M, Peak:0.01M | Scene, ViewLayer | Updating Objects | Copying Transformations to device
Fra:1 Mem:16.55M (Peak 43.71M) | Time:00:00.10 | Mem:0.01M, Peak:0.01M | Scene, ViewLayer | Updating Particle Systems
Fra:1 Mem:16.55M (Peak 43.71M) | Time:00:00.10 | Mem:0.01M, Peak:0.01M | Scene, ViewLayer | Updating Particle Systems | Copying Particles to device
Fra:1 Mem:16.55M (Peak 43.71M) | Time:00:00.10 | Mem:0.01M, Peak:0.01M | Scene, ViewLayer | Updating Meshes
Fra:1 Mem:16.55M (Peak 43.71M) | Time:00:00.10 | Mem:0.01M, Peak:0.01M | Scene, ViewLayer | Updating Objects | Applying Static Transformations
Fra:1 Mem:16.55M (Peak 43.71M) | Time:00:00.10 | Mem:0.01M, Peak:0.01M | Scene, ViewLayer | Updating Mesh | Computing attributes
Fra:1 Mem:16.81M (Peak 43.71M) | Time:00:00.10 | Mem:0.01M, Peak:0.01M | Scene, ViewLayer | Updating Mesh | Copying Attributes to device
Fra:1 Mem:16.81M (Peak 43.71M) | Time:00:00.10 | Mem:0.27M, Peak:0.27M | Scene, ViewLayer | Updating Geometry BVH light 8/7 | Building BVH
Fra:1 Mem:16.81M (Peak 43.71M) | Time:00:00.10 | Mem:0.27M, Peak:0.27M | Scene, ViewLayer | Updating Geometry BVH light 8/7 | Building OptiX acceleration structure
Fra:1 Mem:16.81M (Peak 43.71M) | Time:00:00.10 | Mem:0.27M, Peak:0.27M | Scene, ViewLayer | Updating Geometry BVH TopSoft 7/7 | Building BVH
Fra:1 Mem:16.81M (Peak 43.71M) | Time:00:00.10 | Mem:0.27M, Peak:0.27M | Scene, ViewLayer | Updating Geometry BVH TopSoft 7/7 | Building OptiX acceleration structure
Fra:1 Mem:16.81M (Peak 43.71M) | Time:00:00.10 | Mem:0.27M, Peak:0.27M | Scene, ViewLayer | Updating Geometry BVH RightFill 6/7 | Building BVH
Fra:1 Mem:16.81M (Peak 43.71M) | Time:00:00.10 | Mem:0.27M, Peak:0.27M | Scene, ViewLayer | Updating Geometry BVH BackFill 4/7 | Building OptiX acceleration structure
Fra:1 Mem:16.81M (Peak 43.71M) | Time:00:00.10 | Mem:0.27M, Peak:0.27M | Scene, ViewLayer | Updating Geometry BVH LeftFill 5/7 | Building OptiX acceleration structure
Fra:1 Mem:16.81M (Peak 43.71M) | Time:00:00.10 | Mem:0.27M, Peak:0.27M | Scene, ViewLayer | Updating Geometry BVH 2 2/7 | Building OptiX acceleration structure
Fra:1 Mem:16.81M (Peak 43.71M) | Time:00:00.10 | Mem:1.39M, Peak:4.74M | Scene, ViewLayer | Updating Scene BVH | Building
Fra:1 Mem:16.81M (Peak 43.71M) | Time:00:00.10 | Mem:1.39M, Peak:4.74M | Scene, ViewLayer | Updating Scene BVH | Building OptiX acceleration structure
Fra:1 Mem:16.81M (Peak 43.71M) | Time:00:00.10 | Mem:1.39M, Peak:4.74M | Scene, ViewLayer | Updating Scene BVH | Copying BVH to device
Fra:1 Mem:16.81M (Peak 43.71M) | Time:00:00.10 | Mem:1.39M, Peak:4.74M | Scene, ViewLayer | Updating Mesh | Computing normals
Fra:1 Mem:18.04M (Peak 43.71M) | Time:00:00.10 | Mem:1.39M, Peak:4.74M | Scene, ViewLayer | Updating Mesh | Copying Mesh to device
Fra:1 Mem:18.04M (Peak 43.71M) | Time:00:00.10 | Mem:2.63M, Peak:4.74M | Scene, ViewLayer | Updating Objects Flags
Fra:1 Mem:18.04M (Peak 43.71M) | Time:00:00.10 | Mem:2.63M, Peak:4.74M | Scene, ViewLayer | Updating Primitive Offsets
Fra:1 Mem:18.04M (Peak 43.71M) | Time:00:00.10 | Mem:2.63M, Peak:4.74M | Scene, ViewLayer | Updating Images
Fra:1 Mem:18.04M (Peak 43.71M) | Time:00:00.10 | Mem:2.63M, Peak:4.74M | Scene, ViewLayer | Updating Camera Volume
Fra:1 Mem:18.04M (Peak 43.71M) | Time:00:00.10 | Mem:2.63M, Peak:4.74M | Scene, ViewLayer | Updating Lookup Tables
Fra:1 Mem:18.04M (Peak 43.71M) | Time:00:00.10 | Mem:2.71M, Peak:4.74M | Scene, ViewLayer | Updating Lights
Fra:1 Mem:18.05M (Peak 43.71M) | Time:00:00.10 | Mem:2.71M, Peak:4.74M | Scene, ViewLayer | Updating Lights | Computing tree
Fra:1 Mem:18.05M (Peak 43.71M) | Time:00:00.10 | Mem:2.71M, Peak:4.74M | Scene, ViewLayer | Updating Integrator
Fra:1 Mem:18.05M (Peak 43.71M) | Time:00:00.10 | Mem:2.71M, Peak:4.74M | Scene, ViewLayer | Updating Film
Fra:1 Mem:18.05M (Peak 43.71M) | Time:00:00.10 | Mem:2.63M, Peak:4.74M | Scene, ViewLayer | Updating Lookup Tables
Fra:1 Mem:18.05M (Peak 43.71M) | Time:00:00.10 | Mem:2.71M, Peak:4.74M | Scene, ViewLayer | Updating Baking
Fra:1 Mem:18.05M (Peak 43.71M) | Time:00:00.10 | Mem:2.71M, Peak:4.74M | Scene, ViewLayer | Updating Device | Writing constant memory
Fra:1 Mem:18.05M (Peak 43.71M) | Time:00:00.10 | Mem:2.71M, Peak:4.74M | Scene, ViewLayer | Loading denoising kernels (may take a few minutes the first time)
Fra:1 Mem:31.37M (Peak 43.71M) | Time:00:00.11 | Mem:1174.22M, Peak:1174.22M | Scene, ViewLayer | Sample 0/8
Fra:1 Mem:36.12M (Peak 43.71M) | Time:00:00.11 | Remaining:00:00.01 | Mem:1178.97M, Peak:1178.97M | Scene, ViewLayer | Sample 1/8
Fra:1 Mem:38.13M (Peak 43.71M) | Time:00:00.13 | Mem:1232.54M, Peak:1234.04M | Scene, ViewLayer | Sample 8/8
Fra:1 Mem:38.13M (Peak 43.71M) | Time:00:00.13 | Mem:1232.54M, Peak:1234.04M | Scene, ViewLayer | Finished
Saved: '/tmp/pose_2_cjmdmjwb/probe.png'
Time: 00:00.18 (Saving: 00:00.00)

Fra:1 Mem:14.90M (Peak 14.90M) | Time:00:00.04 | Mem:0.00M, Peak:0.00M | Scene, ViewLayer | Synchronizing object | 2
Fra:1 Mem:14.90M (Peak 14.90M) | Time:00:00.04 | Mem:0.00M, Peak:0.00M | Scene, ViewLayer | Synchronizing object | LeftFill
Fra:1 Mem:14.90M (Peak 14.90M) | Time:00:00.04 | Mem:0.00M, Peak:0.00M | Scene, ViewLayer | Synchronizing object | TopSoft
Fra:1 Mem:16.70M (Peak 17.06M) | Time:00:00.04 | Mem:0.00M, Peak:0.00M | Scene, ViewLayer | Initializing
Fra:1 Mem:16.46M (Peak 17.06M) | Time:00:00.04 | Mem:0.00M, Peak:0.00M | Scene, ViewLayer | Waiting for render to start
Fra:1 Mem:16.46M (Peak 17.06M) | Time:00:00.04 | Mem:0.00M, Peak:0.00M | Scene, ViewLayer | Updating Scene
Fra:1 Mem:16.46M (Peak 17.06M) | Time:00:00.04 | Mem:0.00M, Peak:0.00M | Scene, ViewLayer | Updating Shaders
Fra:1 Mem:16.54M (Peak 17.06M) | Time:00:00.04 | Mem:0.00M, Peak:0.00M | Scene, ViewLayer | Loading render kernels (may take a few minutes the first time)
Fra:1 Mem:16.54M (Peak 43.71M) | Time:00:00.10 | Mem:0.01M, Peak:0.01M | Scene, ViewLayer | Updating Procedurals
Fra:1 Mem:16.54M (Peak 43.71M) | Time:00:00.10 | Mem:0.01M, Peak:0.01M | Scene, ViewLayer | Updating Background
Fra:1 Mem:16.54M (Peak 43.71M) | Time:00:00.10 | Mem:0.01M, Peak:0.01M | Scene, ViewLayer | Updating Camera
Fra:1 Mem:16.54M (Peak 43.71M) | Time:00:00.10 | Mem:0.01M, Peak:0.01M | Scene, ViewLayer | Updating Meshes Flags
Fra:1 Mem:16.54M (Peak 43.71M) | Time:00:00.10 | Mem:0.01M, Peak:0.01M | Scene, ViewLayer | Updating Objects
Fra:1 Mem:16.54M (Peak 43.71M) | Time:00:00.10 | Mem:0.01M, Peak:0.01M | Scene, ViewLayer | Updating Objects | Copying Transformations to device
Fra:1 Mem:16.55M (Peak 43.71M) | Time:00:00.10 | Mem:0.01M, Peak:0.01M | Scene, ViewLayer | Updating Particle Systems
Fra:1 Mem:16.55M (Peak 43.71M) | Time:00:00.10 | Mem:0.01M, Peak:0.01M | Scene, ViewLayer | Updating Particle Systems | Copying Particles to device
Fra:1 Mem:16.55M (Peak 43.71M) | Time:00:00.10 | Mem:0.01M, Peak:0.01M | Scene, ViewLayer | Updating Meshes
Fra:1 Mem:16.55M (Peak 43.71M) | Time:00:00.10 | Mem:0.01M, Peak:0.01M | Scene, ViewLayer | Updating Objects | Applying Static Transformations
Fra:1 Mem:16.55M (Peak 43.71M) | Time:00:00.10 | Mem:0.01M, Peak:0.01M | Scene, ViewLayer | Updating Mesh | Computing attributes
Fra:1 Mem:16.81M (Peak 43.71M) | Time:00:00.10 | Mem:0.01M, Peak:0.01M | Scene, ViewLayer | Updating Mesh | Copying Attributes to device
Fra:1 Mem:16.81M (Peak 43.71M) | Time:00:00.10 | Mem:0.27M, Peak:0.27M | Scene, ViewLayer | Updating Geometry BVH light 8/7 | Building BVH
Fra:1 Mem:16.81M (Peak 43.71M) | Time:00:00.10 | Mem:0.27M, Peak:0.27M | Scene, ViewLayer | Updating Geometry BVH light 8/7 | Building OptiX acceleration structure
Fra:1 Mem:16.81M (Peak 43.71M) | Time:00:00.10 | Mem:0.27M, Peak:0.27M | Scene, ViewLayer | Updating Geometry BVH TopSoft 7/7 | Building BVH
Fra:1 Mem:16.81M (Peak 43.71M) | Time:00:00.10 | Mem:0.27M, Peak:0.27M | Scene, ViewLayer | Updating Geometry BVH TopSoft 7/7 | Building OptiX acceleration structure
Fra:1 Mem:16.81M (Peak 43.71M) | Time:00:00.10 | Mem:0.27M, Peak:0.27M | Scene, ViewLayer | Updating Geometry BVH RightFill 6/7 | Building BVH
Fra:1 Mem:16.81M (Peak 43.71M) | Time:00:00.10 | Mem:0.27M, Peak:0.27M | Scene, ViewLayer | Updating Geometry BVH LeftFill 5/7 | Building BVH
Fra:1 Mem:16.81M (Peak 43.71M) | Time:00:00.10 | Mem:0.27M, Peak:0.27M | Scene, ViewLayer | Updating Geometry BVH LeftFill 5/7 | Building OptiX acceleration structure
Fra:1 Mem:16.81M (Peak 43.71M) | Time:00:00.10 | Mem:0.27M, Peak:0.27M | Scene, ViewLayer | Updating Geometry BVH 2 2/7 | Building BVH
Fra:1 Mem:16.81M (Peak 43.71M) | Time:00:00.10 | Mem:0.27M, Peak:0.27M | Scene, ViewLayer | Updating Geometry BVH 2 2/7 | Building OptiX acceleration structure
Fra:1 Mem:16.81M (Peak 43.71M) | Time:00:00.10 | Mem:1.37M, Peak:4.73M | Scene, ViewLayer | Updating Scene BVH | Building
Fra:1 Mem:16.81M (Peak 43.71M) | Time:00:00.10 | Mem:1.37M, Peak:4.73M | Scene, ViewLayer | Updating Scene BVH | Building OptiX acceleration structure
Fra:1 Mem:16.81M (Peak 43.71M) | Time:00:00.10 | Mem:1.38M, Peak:4.73M | Scene, ViewLayer | Updating Scene BVH | Copying BVH to device
Fra:1 Mem:16.81M (Peak 43.71M) | Time:00:00.10 | Mem:1.38M, Peak:4.73M | Scene, ViewLayer | Updating Mesh | Computing normals
Fra:1 Mem:18.04M (Peak 43.71M) | Time:00:00.10 | Mem:1.38M, Peak:4.73M | Scene, ViewLayer | Updating Mesh | Copying Mesh to device
Fra:1 Mem:18.04M (Peak 43.71M) | Time:00:00.10 | Mem:2.61M, Peak:4.73M | Scene, ViewLayer | Updating Objects Flags
Fra:1 Mem:18.04M (Peak 43.71M) | Time:00:00.10 | Mem:2.61M, Peak:4.73M | Scene, ViewLayer | Updating Primitive Offsets
Fra:1 Mem:18.04M (Peak 43.71M) | Time:00:00.10 | Mem:2.61M, Peak:4.73M | Scene, ViewLayer | Updating Images
Fra:1 Mem:18.04M (Peak 43.71M) | Time:00:00.10 | Mem:2.61M, Peak:4.73M | Scene, ViewLayer | Updating Camera Volume
Fra:1 Mem:18.04M (Peak 43.71M) | Time:00:00.10 | Mem:2.61M, Peak:4.73M | Scene, ViewLayer | Updating Lookup Tables
Fra:1 Mem:18.04M (Peak 43.71M) | Time:00:00.10 | Mem:2.69M, Peak:4.73M | Scene, ViewLayer | Updating Lights
Fra:1 Mem:18.05M (Peak 43.71M) | Time:00:00.10 | Mem:2.69M, Peak:4.73M | Scene, ViewLayer | Updating Lights | Computing tree
Fra:1 Mem:18.05M (Peak 43.71M) | Time:00:00.10 | Mem:2.69M, Peak:4.73M | Scene, ViewLayer | Updating Integrator
Fra:1 Mem:18.05M (Peak 43.71M) | Time:00:00.10 | Mem:2.69M, Peak:4.73M | Scene, ViewLayer | Updating Film
Fra:1 Mem:18.05M (Peak 43.71M) | Time:00:00.10 | Mem:2.61M, Peak:4.73M | Scene, ViewLayer | Updating Lookup Tables
Fra:1 Mem:18.05M (Peak 43.71M) | Time:00:00.10 | Mem:2.70M, Peak:4.73M | Scene, ViewLayer | Updating Baking
Fra:1 Mem:18.05M (Peak 43.71M) | Time:00:00.10 | Mem:2.70M, Peak:4.73M | Scene, ViewLayer | Updating Device | Writing constant memory
Fra:1 Mem:18.05M (Peak 43.71M) | Time:00:00.10 | Mem:2.70M, Peak:4.73M | Scene, ViewLayer | Loading denoising kernels (may take a few minutes the first time)
Fra:1 Mem:31.37M (Peak 43.71M) | Time:00:00.11 | Mem:1174.20M, Peak:1174.20M | Scene, ViewLayer | Sample 0/8
Fra:1 Mem:36.12M (Peak 43.71M) | Time:00:00.11 | Remaining:00:00.01 | Mem:1178.95M, Peak:1178.95M | Scene, ViewLayer | Sample 1/8
Fra:1 Mem:38.13M (Peak 43.71M) | Time:00:00.13 | Mem:1232.53M, Peak:1234.03M | Scene, ViewLayer | Sample 8/8
Fra:1 Mem:38.13M (Peak 43.71M) | Time:00:00.13 | Mem:1232.53M, Peak:1234.03M | Scene, ViewLayer | Finished
Saved: '/tmp/pose_2_cjmdmjwb/probe.png'
Time: 00:00.18 (Saving: 00:00.00)

Fra:1 Mem:14.90M (Peak 14.90M) | Time:00:00.04 | Mem:0.00M, Peak:0.00M | Scene, ViewLayer | Synchronizing object | 2
Fra:1 Mem:14.90M (Peak 14.90M) | Time:00:00.04 | Mem:0.00M, Peak:0.00M | Scene, ViewLayer | Synchronizing object | FrontKey
Fra:1 Mem:14.90M (Peak 14.90M) | Time:00:00.04 | Mem:0.00M, Peak:0.00M | Scene, ViewLayer | Synchronizing object | LeftFill
Fra:1 Mem:14.90M (Peak 14.90M) | Time:00:00.04 | Mem:0.00M, Peak:0.00M | Scene, ViewLayer | Synchronizing object | TopSoft
Fra:1 Mem:16.70M (Peak 17.06M) | Time:00:00.04 | Mem:0.00M, Peak:0.00M | Scene, ViewLayer | Initializing
Fra:1 Mem:16.46M (Peak 17.06M) | Time:00:00.04 | Mem:0.00M, Peak:0.00M | Scene, ViewLayer | Waiting for render to start
Fra:1 Mem:16.46M (Peak 17.06M) | Time:00:00.04 | Mem:0.00M, Peak:0.00M | Scene, ViewLayer | Updating Scene
Fra:1 Mem:16.46M (Peak 17.06M) | Time:00:00.04 | Mem:0.00M, Peak:0.00M | Scene, ViewLayer | Updating Shaders
Fra:1 Mem:16.54M (Peak 17.06M) | Time:00:00.04 | Mem:0.00M, Peak:0.00M | Scene, ViewLayer | Loading render kernels (may take a few minutes the first time)
Fra:1 Mem:16.54M (Peak 43.71M) | Time:00:00.10 | Mem:0.01M, Peak:0.01M | Scene, ViewLayer | Updating Procedurals
Fra:1 Mem:16.54M (Peak 43.71M) | Time:00:00.10 | Mem:0.01M, Peak:0.01M | Scene, ViewLayer | Updating Background
Fra:1 Mem:16.54M (Peak 43.71M) | Time:00:00.10 | Mem:0.01M, Peak:0.01M | Scene, ViewLayer | Updating Camera
Fra:1 Mem:16.54M (Peak 43.71M) | Time:00:00.10 | Mem:0.01M, Peak:0.01M | Scene, ViewLayer | Updating Meshes Flags
Fra:1 Mem:16.54M (Peak 43.71M) | Time:00:00.10 | Mem:0.01M, Peak:0.01M | Scene, ViewLayer | Updating Objects
Fra:1 Mem:16.54M (Peak 43.71M) | Time:00:00.10 | Mem:0.01M, Peak:0.01M | Scene, ViewLayer | Updating Objects | Copying Transformations to device
Fra:1 Mem:16.55M (Peak 43.71M) | Time:00:00.10 | Mem:0.01M, Peak:0.01M | Scene, ViewLayer | Updating Particle Systems
Fra:1 Mem:16.55M (Peak 43.71M) | Time:00:00.10 | Mem:0.01M, Peak:0.01M | Scene, ViewLayer | Updating Particle Systems | Copying Particles to device
Fra:1 Mem:16.55M (Peak 43.71M) | Time:00:00.10 | Mem:0.01M, Peak:0.01M | Scene, ViewLayer | Updating Meshes
Fra:1 Mem:16.55M (Peak 43.71M) | Time:00:00.10 | Mem:0.01M, Peak:0.01M | Scene, ViewLayer | Updating Objects | Applying Static Transformations
Fra:1 Mem:16.55M (Peak 43.71M) | Time:00:00.10 | Mem:0.01M, Peak:0.01M | Scene, ViewLayer | Updating Mesh | Computing attributes
Fra:1 Mem:16.81M (Peak 43.71M) | Time:00:00.10 | Mem:0.01M, Peak:0.01M | Scene, ViewLayer | Updating Mesh | Copying Attributes to device
Fra:1 Mem:16.81M (Peak 43.71M) | Time:00:00.10 | Mem:0.27M, Peak:0.27M | Scene, ViewLayer | Updating Geometry BVH light 8/7 | Building BVH
Fra:1 Mem:16.81M (Peak 43.71M) | Time:00:00.10 | Mem:0.27M, Peak:0.27M | Scene, ViewLayer | Updating Geometry BVH light 8/7 | Building OptiX acceleration structure
Fra:1 Mem:16.81M (Peak 43.71M) | Time:00:00.10 | Mem:0.27M, Peak:0.27M | Scene, ViewLayer | Updating Geometry BVH TopSoft 7/7 | Building BVH
Fra:1 Mem:16.81M (Peak 43.71M) | Time:00:00.10 | Mem:0.27M, Peak:0.27M | Scene, ViewLayer | Updating Geometry BVH TopSoft 7/7 | Building OptiX acceleration structure
Fra:1 Mem:16.81M (Peak 43.71M) | Time:00:00.10 | Mem:0.27M, Peak:0.27M | Scene, ViewLayer | Updating Geometry BVH RightFill 6/7 | Building BVH
Fra:1 Mem:16.81M (Peak 43.71M) | Time:00:00.10 | Mem:0.27M, Peak:0.27M | Scene, ViewLayer | Updating Geometry BVH FrontKey 3/7 | Building OptiX acceleration structure
Fra:1 Mem:16.81M (Peak 43.71M) | Time:00:00.10 | Mem:0.27M, Peak:0.27M | Scene, ViewLayer | Updating Geometry BVH 2 2/7 | Building BVH
Fra:1 Mem:16.81M (Peak 43.71M) | Time:00:00.10 | Mem:0.27M, Peak:0.27M | Scene, ViewLayer | Updating Geometry BVH 2 2/7 | Building OptiX acceleration structure
Fra:1 Mem:16.81M (Peak 43.71M) | Time:00:00.10 | Mem:1.37M, Peak:4.72M | Scene, ViewLayer | Updating Scene BVH | Building
Fra:1 Mem:16.81M (Peak 43.71M) | Time:00:00.10 | Mem:1.37M, Peak:4.72M | Scene, ViewLayer | Updating Scene BVH | Building OptiX acceleration structure
Fra:1 Mem:16.81M (Peak 43.71M) | Time:00:00.10 | Mem:1.37M, Peak:4.72M | Scene, ViewLayer | Updating Scene BVH | Copying BVH to device
Fra:1 Mem:16.81M (Peak 43.71M) | Time:00:00.10 | Mem:1.37M, Peak:4.72M | Scene, ViewLayer | Updating Mesh | Computing normals
Fra:1 Mem:18.04M (Peak 43.71M) | Time:00:00.10 | Mem:1.37M, Peak:4.72M | Scene, ViewLayer | Updating Mesh | Copying Mesh to device
Fra:1 Mem:18.04M (Peak 43.71M) | Time:00:00.10 | Mem:2.60M, Peak:4.72M | Scene, ViewLayer | Updating Objects Flags
Fra:1 Mem:18.04M (Peak 43.71M) | Time:00:00.10 | Mem:2.60M, Peak:4.72M | Scene, ViewLayer | Updating Primitive Offsets
Fra:1 Mem:18.04M (Peak 43.71M) | Time:00:00.10 | Mem:2.60M, Peak:4.72M | Scene, ViewLayer | Updating Images
Fra:1 Mem:18.04M (Peak 43.71M) | Time:00:00.10 | Mem:2.60M, Peak:4.72M | Scene, ViewLayer | Updating Camera Volume
Fra:1 Mem:18.04M (Peak 43.71M) | Time:00:00.10 | Mem:2.60M, Peak:4.72M | Scene, ViewLayer | Updating Lookup Tables
Fra:1 Mem:18.04M (Peak 43.71M) | Time:00:00.10 | Mem:2.68M, Peak:4.72M | Scene, ViewLayer | Updating Lights
Fra:1 Mem:18.05M (Peak 43.71M) | Time:00:00.10 | Mem:2.68M, Peak:4.72M | Scene, ViewLayer | Updating Lights | Computing tree
Fra:1 Mem:18.05M (Peak 43.71M) | Time:00:00.10 | Mem:2.69M, Peak:4.72M | Scene, ViewLayer | Updating Integrator
Fra:1 Mem:18.05M (Peak 43.71M) | Time:00:00.10 | Mem:2.69M, Peak:4.72M | Scene, ViewLayer | Updating Film
Fra:1 Mem:18.05M (Peak 43.71M) | Time:00:00.10 | Mem:2.60M, Peak:4.72M | Scene, ViewLayer | Updating Lookup Tables
Fra:1 Mem:18.05M (Peak 43.71M) | Time:00:00.10 | Mem:2.69M, Peak:4.72M | Scene, ViewLayer | Updating Baking
Fra:1 Mem:18.05M (Peak 43.71M) | Time:00:00.10 | Mem:2.69M, Peak:4.72M | Scene, ViewLayer | Updating Device | Writing constant memory
Fra:1 Mem:18.05M (Peak 43.71M) | Time:00:00.10 | Mem:2.69M, Peak:4.72M | Scene, ViewLayer | Loading denoising kernels (may take a few minutes the first time)
Fra:1 Mem:31.37M (Peak 43.71M) | Time:00:00.11 | Mem:1174.19M, Peak:1174.19M | Scene, ViewLayer | Sample 0/8
Fra:1 Mem:36.12M (Peak 43.71M) | Time:00:00.11 | Remaining:00:00.01 | Mem:1178.94M, Peak:1178.94M | Scene, ViewLayer | Sample 1/8
Fra:1 Mem:38.13M (Peak 43.71M) | Time:00:00.12 | Mem:1232.52M, Peak:1234.02M | Scene, ViewLayer | Sample 8/8
Fra:1 Mem:38.13M (Peak 43.71M) | Time:00:00.12 | Mem:1232.52M, Peak:1234.02M | Scene, ViewLayer | Finished
Saved: '/tmp/pose_2_cjmdmjwb/probe.png'
Time: 00:00.17 (Saving: 00:00.00)

Fra:1 Mem:14.90M (Peak 14.90M) | Time:00:00.04 | Mem:0.00M, Peak:0.00M | Scene, ViewLayer | Synchronizing object | 2
Fra:1 Mem:14.90M (Peak 14.90M) | Time:00:00.04 | Mem:0.00M, Peak:0.00M | Scene, ViewLayer | Synchronizing object | FrontKey
Fra:1 Mem:14.90M (Peak 14.90M) | Time:00:00.04 | Mem:0.00M, Peak:0.00M | Scene, ViewLayer | Synchronizing object | LeftFill
Fra:1 Mem:14.90M (Peak 14.90M) | Time:00:00.04 | Mem:0.00M, Peak:0.00M | Scene, ViewLayer | Synchronizing object | TopSoft
Fra:1 Mem:16.70M (Peak 16.70M) | Time:00:00.04 | Mem:0.00M, Peak:0.00M | Scene, ViewLayer | Initializing
Fra:1 Mem:16.46M (Peak 16.70M) | Time:00:00.04 | Mem:0.00M, Peak:0.00M | Scene, ViewLayer | Waiting for render to start
Fra:1 Mem:16.46M (Peak 16.70M) | Time:00:00.04 | Mem:0.00M, Peak:0.00M | Scene, ViewLayer | Updating Scene
Fra:1 Mem:16.46M (Peak 16.70M) | Time:00:00.04 | Mem:0.00M, Peak:0.00M | Scene, ViewLayer | Updating Shaders
Fra:1 Mem:16.54M (Peak 16.70M) | Time:00:00.04 | Mem:0.00M, Peak:0.00M | Scene, ViewLayer | Loading render kernels (may take a few minutes the first time)
Fra:1 Mem:16.54M (Peak 43.71M) | Time:00:00.10 | Mem:0.01M, Peak:0.01M | Scene, ViewLayer | Updating Procedurals
Fra:1 Mem:16.54M (Peak 43.71M) | Time:00:00.10 | Mem:0.01M, Peak:0.01M | Scene, ViewLayer | Updating Background
Fra:1 Mem:16.54M (Peak 43.71M) | Time:00:00.10 | Mem:0.01M, Peak:0.01M | Scene, ViewLayer | Updating Camera
Fra:1 Mem:16.54M (Peak 43.71M) | Time:00:00.10 | Mem:0.01M, Peak:0.01M | Scene, ViewLayer | Updating Meshes Flags
Fra:1 Mem:16.54M (Peak 43.71M) | Time:00:00.10 | Mem:0.01M, Peak:0.01M | Scene, ViewLayer | Updating Objects
Fra:1 Mem:16.54M (Peak 43.71M) | Time:00:00.10 | Mem:0.01M, Peak:0.01M | Scene, ViewLayer | Updating Objects | Copying Transformations to device
Fra:1 Mem:16.55M (Peak 43.71M) | Time:00:00.10 | Mem:0.01M, Peak:0.01M | Scene, ViewLayer | Updating Particle Systems
Fra:1 Mem:16.55M (Peak 43.71M) | Time:00:00.10 | Mem:0.01M, Peak:0.01M | Scene, ViewLayer | Updating Particle Systems | Copying Particles to device
Fra:1 Mem:16.55M (Peak 43.71M) | Time:00:00.10 | Mem:0.01M, Peak:0.01M | Scene, ViewLayer | Updating Meshes
Fra:1 Mem:16.55M (Peak 43.71M) | Time:00:00.10 | Mem:0.01M, Peak:0.01M | Scene, ViewLayer | Updating Objects | Applying Static Transformations
Fra:1 Mem:16.55M (Peak 43.71M) | Time:00:00.10 | Mem:0.01M, Peak:0.01M | Scene, ViewLayer | Updating Mesh | Computing attributes
Fra:1 Mem:16.81M (Peak 43.71M) | Time:00:00.10 | Mem:0.01M, Peak:0.01M | Scene, ViewLayer | Updating Mesh | Copying Attributes to device
Fra:1 Mem:16.81M (Peak 43.71M) | Time:00:00.10 | Mem:0.27M, Peak:0.27M | Scene, ViewLayer | Updating Geometry BVH light 8/7 | Building BVH
Fra:1 Mem:16.81M (Peak 43.71M) | Time:00:00.10 | Mem:0.27M, Peak:0.27M | Scene, ViewLayer | Updating Geometry BVH light 8/7 | Building OptiX acceleration structure
Fra:1 Mem:16.81M (Peak 43.71M) | Time:00:00.10 | Mem:0.27M, Peak:0.27M | Scene, ViewLayer | Updating Geometry BVH TopSoft 7/7 | Building BVH
Fra:1 Mem:16.81M (Peak 43.71M) | Time:00:00.10 | Mem:0.27M, Peak:0.27M | Scene, ViewLayer | Updating Geometry BVH TopSoft 7/7 | Building OptiX acceleration structure
Fra:1 Mem:16.81M (Peak 43.71M) | Time:00:00.10 | Mem:0.27M, Peak:0.27M | Scene, ViewLayer | Updating Geometry BVH LeftFill 5/7 | Building BVH
Fra:1 Mem:16.81M (Peak 43.71M) | Time:00:00.10 | Mem:0.27M, Peak:0.27M | Scene, ViewLayer | Updating Geometry BVH RightFill 6/7 | Building OptiX acceleration structure
Fra:1 Mem:16.81M (Peak 43.71M) | Time:00:00.10 | Mem:0.27M, Peak:0.27M | Scene, ViewLayer | Updating Geometry BVH 2 2/7 | Building BVH
Fra:1 Mem:16.81M (Peak 43.71M) | Time:00:00.10 | Mem:0.27M, Peak:0.27M | Scene, ViewLayer | Updating Geometry BVH 2 2/7 | Building OptiX acceleration structure
Fra:1 Mem:16.81M (Peak 43.71M) | Time:00:00.10 | Mem:1.38M, Peak:4.73M | Scene, ViewLayer | Updating Scene BVH | Building
Fra:1 Mem:16.81M (Peak 43.71M) | Time:00:00.10 | Mem:1.38M, Peak:4.73M | Scene, ViewLayer | Updating Scene BVH | Building OptiX acceleration structure
Fra:1 Mem:16.81M (Peak 43.71M) | Time:00:00.10 | Mem:1.38M, Peak:4.73M | Scene, ViewLayer | Updating Scene BVH | Copying BVH to device
Fra:1 Mem:16.81M (Peak 43.71M) | Time:00:00.10 | Mem:1.38M, Peak:4.73M | Scene, ViewLayer | Updating Mesh | Computing normals
Fra:1 Mem:18.04M (Peak 43.71M) | Time:00:00.10 | Mem:1.38M, Peak:4.73M | Scene, ViewLayer | Updating Mesh | Copying Mesh to device
Fra:1 Mem:18.04M (Peak 43.71M) | Time:00:00.10 | Mem:2.61M, Peak:4.73M | Scene, ViewLayer | Updating Objects Flags
Fra:1 Mem:18.04M (Peak 43.71M) | Time:00:00.10 | Mem:2.61M, Peak:4.73M | Scene, ViewLayer | Updating Primitive Offsets
Fra:1 Mem:18.04M (Peak 43.71M) | Time:00:00.10 | Mem:2.61M, Peak:4.73M | Scene, ViewLayer | Updating Images
Fra:1 Mem:18.04M (Peak 43.71M) | Time:00:00.10 | Mem:2.61M, Peak:4.73M | Scene, ViewLayer | Updating Camera Volume
Fra:1 Mem:18.04M (Peak 43.71M) | Time:00:00.10 | Mem:2.61M, Peak:4.73M | Scene, ViewLayer | Updating Lookup Tables
Fra:1 Mem:18.04M (Peak 43.71M) | Time:00:00.10 | Mem:2.69M, Peak:4.73M | Scene, ViewLayer | Updating Lights
Fra:1 Mem:18.05M (Peak 43.71M) | Time:00:00.10 | Mem:2.69M, Peak:4.73M | Scene, ViewLayer | Updating Lights | Computing tree
Fra:1 Mem:18.05M (Peak 43.71M) | Time:00:00.10 | Mem:2.69M, Peak:4.73M | Scene, ViewLayer | Updating Integrator
Fra:1 Mem:18.05M (Peak 43.71M) | Time:00:00.10 | Mem:2.69M, Peak:4.73M | Scene, ViewLayer | Updating Film
Fra:1 Mem:18.05M (Peak 43.71M) | Time:00:00.10 | Mem:2.61M, Peak:4.73M | Scene, ViewLayer | Updating Lookup Tables
Fra:1 Mem:18.05M (Peak 43.71M) | Time:00:00.10 | Mem:2.70M, Peak:4.73M | Scene, ViewLayer | Updating Baking
Fra:1 Mem:18.05M (Peak 43.71M) | Time:00:00.10 | Mem:2.70M, Peak:4.73M | Scene, ViewLayer | Updating Device | Writing constant memory
Fra:1 Mem:18.05M (Peak 43.71M) | Time:00:00.10 | Mem:2.70M, Peak:4.73M | Scene, ViewLayer | Loading denoising kernels (may take a few minutes the first time)
Fra:1 Mem:31.37M (Peak 43.71M) | Time:00:00.11 | Mem:1174.20M, Peak:1174.20M | Scene, ViewLayer | Sample 0/8
Fra:1 Mem:36.12M (Peak 43.71M) | Time:00:00.11 | Remaining:00:00.01 | Mem:1178.95M, Peak:1178.95M | Scene, ViewLayer | Sample 1/8
Fra:1 Mem:38.13M (Peak 43.71M) | Time:00:00.12 | Mem:1232.53M, Peak:1234.03M | Scene, ViewLayer | Sample 8/8
Fra:1 Mem:38.13M (Peak 43.71M) | Time:00:00.12 | Mem:1232.53M, Peak:1234.03M | Scene, ViewLayer | Finished
Saved: '/tmp/pose_2_cjmdmjwb/probe.png'
Time: 00:00.17 (Saving: 00:00.00)

Fra:1 Mem:14.90M (Peak 14.90M) | Time:00:00.04 | Mem:0.00M, Peak:0.00M | Scene, ViewLayer | Synchronizing object | 2
Fra:1 Mem:14.90M (Peak 14.90M) | Time:00:00.04 | Mem:0.00M, Peak:0.00M | Scene, ViewLayer | Synchronizing object | LeftFill
Fra:1 Mem:14.90M (Peak 14.90M) | Time:00:00.04 | Mem:0.00M, Peak:0.00M | Scene, ViewLayer | Synchronizing object | TopSoft
Fra:1 Mem:16.70M (Peak 17.06M) | Time:00:00.04 | Mem:0.00M, Peak:0.00M | Scene, ViewLayer | Initializing
Fra:1 Mem:16.46M (Peak 17.06M) | Time:00:00.04 | Mem:0.00M, Peak:0.00M | Scene, ViewLayer | Waiting for render to start
Fra:1 Mem:16.46M (Peak 17.06M) | Time:00:00.04 | Mem:0.00M, Peak:0.00M | Scene, ViewLayer | Updating Scene
Fra:1 Mem:16.46M (Peak 17.06M) | Time:00:00.04 | Mem:0.00M, Peak:0.00M | Scene, ViewLayer | Updating Shaders
Fra:1 Mem:16.54M (Peak 17.06M) | Time:00:00.04 | Mem:0.00M, Peak:0.00M | Scene, ViewLayer | Loading render kernels (may take a few minutes the first time)
Fra:1 Mem:16.54M (Peak 43.71M) | Time:00:00.10 | Mem:0.01M, Peak:0.01M | Scene, ViewLayer | Updating Procedurals
Fra:1 Mem:16.54M (Peak 43.71M) | Time:00:00.10 | Mem:0.01M, Peak:0.01M | Scene, ViewLayer | Updating Background
Fra:1 Mem:16.54M (Peak 43.71M) | Time:00:00.10 | Mem:0.01M, Peak:0.01M | Scene, ViewLayer | Updating Camera
Fra:1 Mem:16.54M (Peak 43.71M) | Time:00:00.10 | Mem:0.01M, Peak:0.01M | Scene, ViewLayer | Updating Meshes Flags
Fra:1 Mem:16.54M (Peak 43.71M) | Time:00:00.10 | Mem:0.01M, Peak:0.01M | Scene, ViewLayer | Updating Objects
Fra:1 Mem:16.54M (Peak 43.71M) | Time:00:00.10 | Mem:0.01M, Peak:0.01M | Scene, ViewLayer | Updating Objects | Copying Transformations to device
Fra:1 Mem:16.55M (Peak 43.71M) | Time:00:00.10 | Mem:0.01M, Peak:0.01M | Scene, ViewLayer | Updating Particle Systems
Fra:1 Mem:16.55M (Peak 43.71M) | Time:00:00.10 | Mem:0.01M, Peak:0.01M | Scene, ViewLayer | Updating Particle Systems | Copying Particles to device
Fra:1 Mem:16.55M (Peak 43.71M) | Time:00:00.10 | Mem:0.01M, Peak:0.01M | Scene, ViewLayer | Updating Meshes
Fra:1 Mem:16.55M (Peak 43.71M) | Time:00:00.10 | Mem:0.01M, Peak:0.01M | Scene, ViewLayer | Updating Objects | Applying Static Transformations
Fra:1 Mem:16.55M (Peak 43.71M) | Time:00:00.10 | Mem:0.01M, Peak:0.01M | Scene, ViewLayer | Updating Mesh | Computing attributes
Fra:1 Mem:16.81M (Peak 43.71M) | Time:00:00.10 | Mem:0.01M, Peak:0.01M | Scene, ViewLayer | Updating Mesh | Copying Attributes to device
Fra:1 Mem:16.81M (Peak 43.71M) | Time:00:00.10 | Mem:0.27M, Peak:0.27M | Scene, ViewLayer | Updating Geometry BVH light 8/7 | Building BVH
Fra:1 Mem:16.81M (Peak 43.71M) | Time:00:00.10 | Mem:0.27M, Peak:0.27M | Scene, ViewLayer | Updating Geometry BVH light 8/7 | Building OptiX acceleration structure
Fra:1 Mem:16.81M (Peak 43.71M) | Time:00:00.10 | Mem:0.27M, Peak:0.27M | Scene, ViewLayer | Updating Geometry BVH TopSoft 7/7 | Building BVH
Fra:1 Mem:16.81M (Peak 43.71M) | Time:00:00.10 | Mem:0.27M, Peak:0.27M | Scene, ViewLayer | Updating Geometry BVH TopSoft 7/7 | Building OptiX acceleration structure
Fra:1 Mem:16.81M (Peak 43.71M) | Time:00:00.10 | Mem:0.27M, Peak:0.27M | Scene, ViewLayer | Updating Geometry BVH RightFill 6/7 | Building BVH
Fra:1 Mem:16.81M (Peak 43.71M) | Time:00:00.10 | Mem:0.27M, Peak:0.27M | Scene, ViewLayer | Updating Geometry BVH BackFill 4/7 | Building BVH
Fra:1 Mem:16.81M (Peak 43.71M) | Time:00:00.10 | Mem:0.27M, Peak:0.27M | Scene, ViewLayer | Updating Geometry BVH LeftFill 5/7 | Building OptiX acceleration structure
Fra:1 Mem:16.81M (Peak 43.71M) | Time:00:00.10 | Mem:0.27M, Peak:0.27M | Scene, ViewLayer | Updating Geometry BVH 2 2/7 | Building BVH
Fra:1 Mem:16.81M (Peak 43.71M) | Time:00:00.10 | Mem:0.27M, Peak:0.27M | Scene, ViewLayer | Updating Geometry BVH 2 2/7 | Building OptiX acceleration structure
Fra:1 Mem:16.81M (Peak 43.71M) | Time:00:00.10 | Mem:1.37M, Peak:4.72M | Scene, ViewLayer | Updating Scene BVH | Building
Fra:1 Mem:16.81M (Peak 43.71M) | Time:00:00.10 | Mem:1.37M, Peak:4.72M | Scene, ViewLayer | Updating Scene BVH | Building OptiX acceleration structure
Fra:1 Mem:16.81M (Peak 43.71M) | Time:00:00.10 | Mem:1.37M, Peak:4.72M | Scene, ViewLayer | Updating Scene BVH | Copying BVH to device
Fra:1 Mem:16.81M (Peak 43.71M) | Time:00:00.10 | Mem:1.37M, Peak:4.72M | Scene, ViewLayer | Updating Mesh | Computing normals
Fra:1 Mem:18.04M (Peak 43.71M) | Time:00:00.10 | Mem:1.37M, Peak:4.72M | Scene, ViewLayer | Updating Mesh | Copying Mesh to device
Fra:1 Mem:18.04M (Peak 43.71M) | Time:00:00.10 | Mem:2.61M, Peak:4.72M | Scene, ViewLayer | Updating Objects Flags
Fra:1 Mem:18.04M (Peak 43.71M) | Time:00:00.10 | Mem:2.61M, Peak:4.72M | Scene, ViewLayer | Updating Primitive Offsets
Fra:1 Mem:18.04M (Peak 43.71M) | Time:00:00.10 | Mem:2.61M, Peak:4.72M | Scene, ViewLayer | Updating Images
Fra:1 Mem:18.04M (Peak 43.71M) | Time:00:00.10 | Mem:2.61M, Peak:4.72M | Scene, ViewLayer | Updating Camera Volume
Fra:1 Mem:18.04M (Peak 43.71M) | Time:00:00.10 | Mem:2.61M, Peak:4.72M | Scene, ViewLayer | Updating Lookup Tables
Fra:1 Mem:18.04M (Peak 43.71M) | Time:00:00.10 | Mem:2.69M, Peak:4.72M | Scene, ViewLayer | Updating Lights
Fra:1 Mem:18.05M (Peak 43.71M) | Time:00:00.10 | Mem:2.69M, Peak:4.72M | Scene, ViewLayer | Updating Lights | Computing tree
Fra:1 Mem:18.05M (Peak 43.71M) | Time:00:00.10 | Mem:2.69M, Peak:4.72M | Scene, ViewLayer | Updating Integrator
Fra:1 Mem:18.05M (Peak 43.71M) | Time:00:00.10 | Mem:2.69M, Peak:4.72M | Scene, ViewLayer | Updating Film
Fra:1 Mem:18.05M (Peak 43.71M) | Time:00:00.10 | Mem:2.61M, Peak:4.72M | Scene, ViewLayer | Updating Lookup Tables
Fra:1 Mem:18.05M (Peak 43.71M) | Time:00:00.10 | Mem:2.69M, Peak:4.72M | Scene, ViewLayer | Updating Baking
Fra:1 Mem:18.05M (Peak 43.71M) | Time:00:00.10 | Mem:2.69M, Peak:4.72M | Scene, ViewLayer | Updating Device | Writing constant memory
Fra:1 Mem:18.05M (Peak 43.71M) | Time:00:00.10 | Mem:2.69M, Peak:4.72M | Scene, ViewLayer | Loading denoising kernels (may take a few minutes the first time)
Fra:1 Mem:31.37M (Peak 43.71M) | Time:00:00.11 | Mem:1174.20M, Peak:1174.20M | Scene, ViewLayer | Sample 0/8
Fra:1 Mem:36.12M (Peak 43.71M) | Time:00:00.11 | Remaining:00:00.01 | Mem:1178.95M, Peak:1178.95M | Scene, ViewLayer | Sample 1/8
Fra:1 Mem:38.13M (Peak 43.71M) | Time:00:00.13 | Mem:1232.52M, Peak:1234.02M | Scene, ViewLayer | Sample 8/8
Fra:1 Mem:38.13M (Peak 43.71M) | Time:00:00.13 | Mem:1232.52M, Peak:1234.02M | Scene, ViewLayer | Finished
Saved: '/tmp/pose_2_cjmdmjwb/probe.png'
Time: 00:00.18 (Saving: 00:00.00)

Fra:1 Mem:14.90M (Peak 14.90M) | Time:00:00.04 | Mem:0.00M, Peak:0.00M | Scene, ViewLayer | Synchronizing object | 2
Fra:1 Mem:14.90M (Peak 14.90M) | Time:00:00.04 | Mem:0.00M, Peak:0.00M | Scene, ViewLayer | Synchronizing object | LeftFill
Fra:1 Mem:14.90M (Peak 14.90M) | Time:00:00.04 | Mem:0.00M, Peak:0.00M | Scene, ViewLayer | Synchronizing object | TopSoft
Fra:1 Mem:16.70M (Peak 17.06M) | Time:00:00.04 | Mem:0.00M, Peak:0.00M | Scene, ViewLayer | Initializing
Fra:1 Mem:16.46M (Peak 17.06M) | Time:00:00.04 | Mem:0.00M, Peak:0.00M | Scene, ViewLayer | Waiting for render to start
Fra:1 Mem:16.46M (Peak 17.06M) | Time:00:00.04 | Mem:0.00M, Peak:0.00M | Scene, ViewLayer | Updating Scene
Fra:1 Mem:16.46M (Peak 17.06M) | Time:00:00.04 | Mem:0.00M, Peak:0.00M | Scene, ViewLayer | Updating Shaders
Fra:1 Mem:16.54M (Peak 17.06M) | Time:00:00.04 | Mem:0.00M, Peak:0.00M | Scene, ViewLayer | Loading render kernels (may take a few minutes the first time)
Fra:1 Mem:16.54M (Peak 43.71M) | Time:00:00.10 | Mem:0.01M, Peak:0.01M | Scene, ViewLayer | Updating Procedurals
Fra:1 Mem:16.54M (Peak 43.71M) | Time:00:00.10 | Mem:0.01M, Peak:0.01M | Scene, ViewLayer | Updating Background
Fra:1 Mem:16.54M (Peak 43.71M) | Time:00:00.10 | Mem:0.01M, Peak:0.01M | Scene, ViewLayer | Updating Camera
Fra:1 Mem:16.54M (Peak 43.71M) | Time:00:00.10 | Mem:0.01M, Peak:0.01M | Scene, ViewLayer | Updating Meshes Flags
Fra:1 Mem:16.54M (Peak 43.71M) | Time:00:00.10 | Mem:0.01M, Peak:0.01M | Scene, ViewLayer | Updating Objects
Fra:1 Mem:16.54M (Peak 43.71M) | Time:00:00.10 | Mem:0.01M, Peak:0.01M | Scene, ViewLayer | Updating Objects | Copying Transformations to device
Fra:1 Mem:16.55M (Peak 43.71M) | Time:00:00.10 | Mem:0.01M, Peak:0.01M | Scene, ViewLayer | Updating Particle Systems
Fra:1 Mem:16.55M (Peak 43.71M) | Time:00:00.10 | Mem:0.01M, Peak:0.01M | Scene, ViewLayer | Updating Particle Systems | Copying Particles to device
Fra:1 Mem:16.55M (Peak 43.71M) | Time:00:00.10 | Mem:0.01M, Peak:0.01M | Scene, ViewLayer | Updating Meshes
Fra:1 Mem:16.55M (Peak 43.71M) | Time:00:00.10 | Mem:0.01M, Peak:0.01M | Scene, ViewLayer | Updating Objects | Applying Static Transformations
Fra:1 Mem:16.55M (Peak 43.71M) | Time:00:00.10 | Mem:0.01M, Peak:0.01M | Scene, ViewLayer | Updating Mesh | Computing attributes
Fra:1 Mem:16.81M (Peak 43.71M) | Time:00:00.10 | Mem:0.01M, Peak:0.01M | Scene, ViewLayer | Updating Mesh | Copying Attributes to device
Fra:1 Mem:16.81M (Peak 43.71M) | Time:00:00.10 | Mem:0.27M, Peak:0.27M | Scene, ViewLayer | Updating Geometry BVH light 8/7 | Building BVH
Fra:1 Mem:16.81M (Peak 43.71M) | Time:00:00.10 | Mem:0.27M, Peak:0.27M | Scene, ViewLayer | Updating Geometry BVH light 8/7 | Building OptiX acceleration structure
Fra:1 Mem:16.81M (Peak 43.71M) | Time:00:00.10 | Mem:0.27M, Peak:0.27M | Scene, ViewLayer | Updating Geometry BVH TopSoft 7/7 | Building BVH
Fra:1 Mem:16.81M (Peak 43.71M) | Time:00:00.10 | Mem:0.27M, Peak:0.27M | Scene, ViewLayer | Updating Geometry BVH TopSoft 7/7 | Building OptiX acceleration structure
Fra:1 Mem:16.81M (Peak 43.71M) | Time:00:00.10 | Mem:0.27M, Peak:0.27M | Scene, ViewLayer | Updating Geometry BVH RightFill 6/7 | Building BVH
Fra:1 Mem:16.81M (Peak 43.71M) | Time:00:00.10 | Mem:0.27M, Peak:0.27M | Scene, ViewLayer | Updating Geometry BVH FrontKey 3/7 | Building OptiX acceleration structure
Fra:1 Mem:16.81M (Peak 43.71M) | Time:00:00.10 | Mem:0.27M, Peak:0.27M | Scene, ViewLayer | Updating Geometry BVH LeftFill 5/7 | Building BVH
Fra:1 Mem:16.81M (Peak 43.71M) | Time:00:00.10 | Mem:0.27M, Peak:0.27M | Scene, ViewLayer | Updating Geometry BVH LeftFill 5/7 | Building OptiX acceleration structure
Fra:1 Mem:16.81M (Peak 43.71M) | Time:00:00.10 | Mem:0.27M, Peak:0.27M | Scene, ViewLayer | Updating Geometry BVH 2 2/7 | Building BVH
Fra:1 Mem:16.81M (Peak 43.71M) | Time:00:00.10 | Mem:0.27M, Peak:0.27M | Scene, ViewLayer | Updating Geometry BVH 2 2/7 | Building OptiX acceleration structure
Fra:1 Mem:16.81M (Peak 43.71M) | Time:00:00.10 | Mem:1.38M, Peak:4.74M | Scene, ViewLayer | Updating Scene BVH | Building
Fra:1 Mem:16.81M (Peak 43.71M) | Time:00:00.10 | Mem:1.38M, Peak:4.74M | Scene, ViewLayer | Updating Scene BVH | Building OptiX acceleration structure
Fra:1 Mem:16.81M (Peak 43.71M) | Time:00:00.10 | Mem:1.38M, Peak:4.74M | Scene, ViewLayer | Updating Scene BVH | Copying BVH to device
Fra:1 Mem:16.81M (Peak 43.71M) | Time:00:00.10 | Mem:1.38M, Peak:4.74M | Scene, ViewLayer | Updating Mesh | Computing normals
Fra:1 Mem:18.04M (Peak 43.71M) | Time:00:00.10 | Mem:1.38M, Peak:4.74M | Scene, ViewLayer | Updating Mesh | Copying Mesh to device
Fra:1 Mem:18.04M (Peak 43.71M) | Time:00:00.10 | Mem:2.62M, Peak:4.74M | Scene, ViewLayer | Updating Objects Flags
Fra:1 Mem:18.04M (Peak 43.71M) | Time:00:00.10 | Mem:2.62M, Peak:4.74M | Scene, ViewLayer | Updating Primitive Offsets
Fra:1 Mem:18.04M (Peak 43.71M) | Time:00:00.10 | Mem:2.62M, Peak:4.74M | Scene, ViewLayer | Updating Images
Fra:1 Mem:18.04M (Peak 43.71M) | Time:00:00.10 | Mem:2.62M, Peak:4.74M | Scene, ViewLayer | Updating Camera Volume
Fra:1 Mem:18.04M (Peak 43.71M) | Time:00:00.10 | Mem:2.62M, Peak:4.74M | Scene, ViewLayer | Updating Lookup Tables
Fra:1 Mem:18.04M (Peak 43.71M) | Time:00:00.10 | Mem:2.70M, Peak:4.74M | Scene, ViewLayer | Updating Lights
Fra:1 Mem:18.05M (Peak 43.71M) | Time:00:00.10 | Mem:2.70M, Peak:4.74M | Scene, ViewLayer | Updating Lights | Computing tree
Fra:1 Mem:18.05M (Peak 43.71M) | Time:00:00.10 | Mem:2.70M, Peak:4.74M | Scene, ViewLayer | Updating Integrator
Fra:1 Mem:18.05M (Peak 43.71M) | Time:00:00.10 | Mem:2.70M, Peak:4.74M | Scene, ViewLayer | Updating Film
Fra:1 Mem:18.05M (Peak 43.71M) | Time:00:00.10 | Mem:2.62M, Peak:4.74M | Scene, ViewLayer | Updating Lookup Tables
Fra:1 Mem:18.05M (Peak 43.71M) | Time:00:00.10 | Mem:2.70M, Peak:4.74M | Scene, ViewLayer | Updating Baking
Fra:1 Mem:18.05M (Peak 43.71M) | Time:00:00.10 | Mem:2.70M, Peak:4.74M | Scene, ViewLayer | Updating Device | Writing constant memory
Fra:1 Mem:18.05M (Peak 43.71M) | Time:00:00.10 | Mem:2.70M, Peak:4.74M | Scene, ViewLayer | Loading denoising kernels (may take a few minutes the first time)
Fra:1 Mem:31.37M (Peak 43.71M) | Time:00:00.11 | Mem:1174.21M, Peak:1174.21M | Scene, ViewLayer | Sample 0/8
Fra:1 Mem:36.12M (Peak 43.71M) | Time:00:00.11 | Remaining:00:00.01 | Mem:1178.96M, Peak:1178.96M | Scene, ViewLayer | Sample 1/8
Fra:1 Mem:38.13M (Peak 43.71M) | Time:00:00.13 | Mem:1232.53M, Peak:1234.03M | Scene, ViewLayer | Sample 8/8
Fra:1 Mem:38.13M (Peak 43.71M) | Time:00:00.13 | Mem:1232.53M, Peak:1234.03M | Scene, ViewLayer | Finished
Saved: '/tmp/pose_2_cjmdmjwb/probe.png'
Time: 00:00.18 (Saving: 00:00.00)

Fra:1 Mem:14.90M (Peak 14.90M) | Time:00:00.04 | Mem:0.00M, Peak:0.00M | Scene, ViewLayer | Synchronizing object | 2
Fra:1 Mem:14.90M (Peak 14.90M) | Time:00:00.04 | Mem:0.00M, Peak:0.00M | Scene, ViewLayer | Synchronizing object | LeftFill
Fra:1 Mem:14.90M (Peak 14.90M) | Time:00:00.04 | Mem:0.00M, Peak:0.00M | Scene, ViewLayer | Synchronizing object | TopSoft
Fra:1 Mem:16.70M (Peak 17.06M) | Time:00:00.04 | Mem:0.00M, Peak:0.00M | Scene, ViewLayer | Initializing
Fra:1 Mem:16.46M (Peak 17.06M) | Time:00:00.04 | Mem:0.00M, Peak:0.00M | Scene, ViewLayer | Waiting for render to start
Fra:1 Mem:16.46M (Peak 17.06M) | Time:00:00.04 | Mem:0.00M, Peak:0.00M | Scene, ViewLayer | Updating Scene
Fra:1 Mem:16.46M (Peak 17.06M) | Time:00:00.04 | Mem:0.00M, Peak:0.00M | Scene, ViewLayer | Updating Shaders
Fra:1 Mem:16.54M (Peak 17.06M) | Time:00:00.04 | Mem:0.00M, Peak:0.00M | Scene, ViewLayer | Loading render kernels (may take a few minutes the first time)
Fra:1 Mem:16.54M (Peak 43.71M) | Time:00:00.10 | Mem:0.01M, Peak:0.01M | Scene, ViewLayer | Updating Procedurals
Fra:1 Mem:16.54M (Peak 43.71M) | Time:00:00.10 | Mem:0.01M, Peak:0.01M | Scene, ViewLayer | Updating Background
Fra:1 Mem:16.54M (Peak 43.71M) | Time:00:00.10 | Mem:0.01M, Peak:0.01M | Scene, ViewLayer | Updating Camera
Fra:1 Mem:16.54M (Peak 43.71M) | Time:00:00.10 | Mem:0.01M, Peak:0.01M | Scene, ViewLayer | Updating Meshes Flags
Fra:1 Mem:16.54M (Peak 43.71M) | Time:00:00.10 | Mem:0.01M, Peak:0.01M | Scene, ViewLayer | Updating Objects
Fra:1 Mem:16.54M (Peak 43.71M) | Time:00:00.10 | Mem:0.01M, Peak:0.01M | Scene, ViewLayer | Updating Objects | Copying Transformations to device
Fra:1 Mem:16.55M (Peak 43.71M) | Time:00:00.10 | Mem:0.01M, Peak:0.01M | Scene, ViewLayer | Updating Particle Systems
Fra:1 Mem:16.55M (Peak 43.71M) | Time:00:00.10 | Mem:0.01M, Peak:0.01M | Scene, ViewLayer | Updating Particle Systems | Copying Particles to device
Fra:1 Mem:16.55M (Peak 43.71M) | Time:00:00.10 | Mem:0.01M, Peak:0.01M | Scene, ViewLayer | Updating Meshes
Fra:1 Mem:16.55M (Peak 43.71M) | Time:00:00.10 | Mem:0.01M, Peak:0.01M | Scene, ViewLayer | Updating Objects | Applying Static Transformations
Fra:1 Mem:16.55M (Peak 43.71M) | Time:00:00.10 | Mem:0.01M, Peak:0.01M | Scene, ViewLayer | Updating Mesh | Computing attributes
Fra:1 Mem:16.81M (Peak 43.71M) | Time:00:00.10 | Mem:0.01M, Peak:0.01M | Scene, ViewLayer | Updating Mesh | Copying Attributes to device
Fra:1 Mem:16.81M (Peak 43.71M) | Time:00:00.10 | Mem:0.27M, Peak:0.27M | Scene, ViewLayer | Updating Geometry BVH light 8/7 | Building BVH
Fra:1 Mem:16.81M (Peak 43.71M) | Time:00:00.10 | Mem:0.27M, Peak:0.27M | Scene, ViewLayer | Updating Geometry BVH light 8/7 | Building OptiX acceleration structure
Fra:1 Mem:16.81M (Peak 43.71M) | Time:00:00.10 | Mem:0.27M, Peak:0.27M | Scene, ViewLayer | Updating Geometry BVH TopSoft 7/7 | Building BVH
Fra:1 Mem:16.81M (Peak 43.71M) | Time:00:00.10 | Mem:0.27M, Peak:0.27M | Scene, ViewLayer | Updating Geometry BVH TopSoft 7/7 | Building OptiX acceleration structure
Fra:1 Mem:16.81M (Peak 43.71M) | Time:00:00.10 | Mem:0.27M, Peak:0.27M | Scene, ViewLayer | Updating Geometry BVH RightFill 6/7 | Building BVH
Fra:1 Mem:16.81M (Peak 43.71M) | Time:00:00.10 | Mem:0.27M, Peak:0.27M | Scene, ViewLayer | Updating Geometry BVH LeftFill 5/7 | Building OptiX acceleration structure
Fra:1 Mem:16.81M (Peak 43.71M) | Time:00:00.10 | Mem:0.27M, Peak:0.27M | Scene, ViewLayer | Updating Geometry BVH 2 2/7 | Building BVH
Fra:1 Mem:16.81M (Peak 43.71M) | Time:00:00.10 | Mem:0.27M, Peak:0.27M | Scene, ViewLayer | Updating Geometry BVH 2 2/7 | Building OptiX acceleration structure
Fra:1 Mem:16.81M (Peak 43.71M) | Time:00:00.10 | Mem:1.38M, Peak:4.74M | Scene, ViewLayer | Updating Scene BVH | Building
Fra:1 Mem:16.81M (Peak 43.71M) | Time:00:00.10 | Mem:1.38M, Peak:4.74M | Scene, ViewLayer | Updating Scene BVH | Building OptiX acceleration structure
Fra:1 Mem:16.81M (Peak 43.71M) | Time:00:00.10 | Mem:1.38M, Peak:4.74M | Scene, ViewLayer | Updating Scene BVH | Copying BVH to device
Fra:1 Mem:16.81M (Peak 43.71M) | Time:00:00.10 | Mem:1.38M, Peak:4.74M | Scene, ViewLayer | Updating Mesh | Computing normals
Fra:1 Mem:18.04M (Peak 43.71M) | Time:00:00.10 | Mem:1.38M, Peak:4.74M | Scene, ViewLayer | Updating Mesh | Copying Mesh to device
Fra:1 Mem:18.04M (Peak 43.71M) | Time:00:00.10 | Mem:2.62M, Peak:4.74M | Scene, ViewLayer | Updating Objects Flags
Fra:1 Mem:18.04M (Peak 43.71M) | Time:00:00.10 | Mem:2.62M, Peak:4.74M | Scene, ViewLayer | Updating Primitive Offsets
Fra:1 Mem:18.04M (Peak 43.71M) | Time:00:00.10 | Mem:2.62M, Peak:4.74M | Scene, ViewLayer | Updating Images
Fra:1 Mem:18.04M (Peak 43.71M) | Time:00:00.10 | Mem:2.62M, Peak:4.74M | Scene, ViewLayer | Updating Camera Volume
Fra:1 Mem:18.04M (Peak 43.71M) | Time:00:00.10 | Mem:2.62M, Peak:4.74M | Scene, ViewLayer | Updating Lookup Tables
Fra:1 Mem:18.04M (Peak 43.71M) | Time:00:00.10 | Mem:2.70M, Peak:4.74M | Scene, ViewLayer | Updating Lights
Fra:1 Mem:18.05M (Peak 43.71M) | Time:00:00.10 | Mem:2.70M, Peak:4.74M | Scene, ViewLayer | Updating Lights | Computing tree
Fra:1 Mem:18.05M (Peak 43.71M) | Time:00:00.10 | Mem:2.70M, Peak:4.74M | Scene, ViewLayer | Updating Integrator
Fra:1 Mem:18.05M (Peak 43.71M) | Time:00:00.10 | Mem:2.70M, Peak:4.74M | Scene, ViewLayer | Updating Film
Fra:1 Mem:18.05M (Peak 43.71M) | Time:00:00.10 | Mem:2.62M, Peak:4.74M | Scene, ViewLayer | Updating Lookup Tables
Fra:1 Mem:18.05M (Peak 43.71M) | Time:00:00.10 | Mem:2.70M, Peak:4.74M | Scene, ViewLayer | Updating Baking
Fra:1 Mem:18.05M (Peak 43.71M) | Time:00:00.10 | Mem:2.70M, Peak:4.74M | Scene, ViewLayer | Updating Device | Writing constant memory
Fra:1 Mem:18.05M (Peak 43.71M) | Time:00:00.10 | Mem:2.70M, Peak:4.74M | Scene, ViewLayer | Loading denoising kernels (may take a few minutes the first time)
Fra:1 Mem:31.37M (Peak 43.71M) | Time:00:00.11 | Mem:1174.21M, Peak:1174.21M | Scene, ViewLayer | Sample 0/8
Fra:1 Mem:36.12M (Peak 43.71M) | Time:00:00.11 | Remaining:00:00.01 | Mem:1178.96M, Peak:1178.96M | Scene, ViewLayer | Sample 1/8
Fra:1 Mem:38.13M (Peak 43.71M) | Time:00:00.13 | Mem:1232.53M, Peak:1234.03M | Scene, ViewLayer | Sample 8/8
Fra:1 Mem:38.13M (Peak 43.71M) | Time:00:00.13 | Mem:1232.53M, Peak:1234.03M | Scene, ViewLayer | Finished
Saved: '/tmp/pose_2_cjmdmjwb/probe.png'
Time: 00:00.18 (Saving: 00:00.00)

Fra:1 Mem:14.90M (Peak 14.90M) | Time:00:00.04 | Mem:0.00M, Peak:0.00M | Scene, ViewLayer | Synchronizing object | 2
Fra:1 Mem:14.90M (Peak 14.90M) | Time:00:00.04 | Mem:0.00M, Peak:0.00M | Scene, ViewLayer | Synchronizing object | BackFill
Fra:1 Mem:14.90M (Peak 14.90M) | Time:00:00.04 | Mem:0.00M, Peak:0.00M | Scene, ViewLayer | Synchronizing object | TopSoft
Fra:1 Mem:16.70M (Peak 17.06M) | Time:00:00.04 | Mem:0.00M, Peak:0.00M | Scene, ViewLayer | Initializing
Fra:1 Mem:16.46M (Peak 17.06M) | Time:00:00.04 | Mem:0.00M, Peak:0.00M | Scene, ViewLayer | Waiting for render to start
Fra:1 Mem:16.46M (Peak 17.06M) | Time:00:00.04 | Mem:0.00M, Peak:0.00M | Scene, ViewLayer | Updating Scene
Fra:1 Mem:16.46M (Peak 17.06M) | Time:00:00.04 | Mem:0.00M, Peak:0.00M | Scene, ViewLayer | Updating Shaders
Fra:1 Mem:16.54M (Peak 17.06M) | Time:00:00.04 | Mem:0.00M, Peak:0.00M | Scene, ViewLayer | Loading render kernels (may take a few minutes the first time)
Fra:1 Mem:16.54M (Peak 43.71M) | Time:00:00.10 | Mem:0.01M, Peak:0.01M | Scene, ViewLayer | Updating Procedurals
Fra:1 Mem:16.54M (Peak 43.71M) | Time:00:00.10 | Mem:0.01M, Peak:0.01M | Scene, ViewLayer | Updating Background
Fra:1 Mem:16.54M (Peak 43.71M) | Time:00:00.10 | Mem:0.01M, Peak:0.01M | Scene, ViewLayer | Updating Camera
Fra:1 Mem:16.54M (Peak 43.71M) | Time:00:00.10 | Mem:0.01M, Peak:0.01M | Scene, ViewLayer | Updating Meshes Flags
Fra:1 Mem:16.54M (Peak 43.71M) | Time:00:00.10 | Mem:0.01M, Peak:0.01M | Scene, ViewLayer | Updating Objects
Fra:1 Mem:16.54M (Peak 43.71M) | Time:00:00.10 | Mem:0.01M, Peak:0.01M | Scene, ViewLayer | Updating Objects | Copying Transformations to device
Fra:1 Mem:16.55M (Peak 43.71M) | Time:00:00.10 | Mem:0.01M, Peak:0.01M | Scene, ViewLayer | Updating Particle Systems
Fra:1 Mem:16.55M (Peak 43.71M) | Time:00:00.10 | Mem:0.01M, Peak:0.01M | Scene, ViewLayer | Updating Particle Systems | Copying Particles to device
Fra:1 Mem:16.55M (Peak 43.71M) | Time:00:00.10 | Mem:0.01M, Peak:0.01M | Scene, ViewLayer | Updating Meshes
Fra:1 Mem:16.55M (Peak 43.71M) | Time:00:00.10 | Mem:0.01M, Peak:0.01M | Scene, ViewLayer | Updating Objects | Applying Static Transformations
Fra:1 Mem:16.55M (Peak 43.71M) | Time:00:00.10 | Mem:0.01M, Peak:0.01M | Scene, ViewLayer | Updating Mesh | Computing attributes
Fra:1 Mem:16.81M (Peak 43.71M) | Time:00:00.10 | Mem:0.01M, Peak:0.01M | Scene, ViewLayer | Updating Mesh | Copying Attributes to device
Fra:1 Mem:16.81M (Peak 43.71M) | Time:00:00.10 | Mem:0.27M, Peak:0.27M | Scene, ViewLayer | Updating Geometry BVH light 8/7 | Building BVH
Fra:1 Mem:16.81M (Peak 43.71M) | Time:00:00.10 | Mem:0.27M, Peak:0.27M | Scene, ViewLayer | Updating Geometry BVH light 8/7 | Building OptiX acceleration structure
Fra:1 Mem:16.81M (Peak 43.71M) | Time:00:00.10 | Mem:0.27M, Peak:0.27M | Scene, ViewLayer | Updating Geometry BVH TopSoft 7/7 | Building BVH
Fra:1 Mem:16.81M (Peak 43.71M) | Time:00:00.10 | Mem:0.27M, Peak:0.27M | Scene, ViewLayer | Updating Geometry BVH TopSoft 7/7 | Building OptiX acceleration structure
Fra:1 Mem:16.81M (Peak 43.71M) | Time:00:00.10 | Mem:0.27M, Peak:0.27M | Scene, ViewLayer | Updating Geometry BVH RightFill 6/7 | Building BVH
Fra:1 Mem:16.81M (Peak 43.71M) | Time:00:00.10 | Mem:0.27M, Peak:0.27M | Scene, ViewLayer | Updating Geometry BVH BackFill 4/7 | Building OptiX acceleration structure
Fra:1 Mem:16.81M (Peak 43.71M) | Time:00:00.10 | Mem:0.27M, Peak:0.27M | Scene, ViewLayer | Updating Geometry BVH 2 2/7 | Building BVH
Fra:1 Mem:16.81M (Peak 43.71M) | Time:00:00.10 | Mem:0.27M, Peak:0.27M | Scene, ViewLayer | Updating Geometry BVH 2 2/7 | Building OptiX acceleration structure
Fra:1 Mem:16.81M (Peak 43.71M) | Time:00:00.10 | Mem:1.38M, Peak:4.73M | Scene, ViewLayer | Updating Scene BVH | Building
Fra:1 Mem:16.81M (Peak 43.71M) | Time:00:00.10 | Mem:1.38M, Peak:4.73M | Scene, ViewLayer | Updating Scene BVH | Building OptiX acceleration structure
Fra:1 Mem:16.81M (Peak 43.71M) | Time:00:00.10 | Mem:1.38M, Peak:4.73M | Scene, ViewLayer | Updating Scene BVH | Copying BVH to device
Fra:1 Mem:16.81M (Peak 43.71M) | Time:00:00.10 | Mem:1.38M, Peak:4.73M | Scene, ViewLayer | Updating Mesh | Computing normals
Fra:1 Mem:18.04M (Peak 43.71M) | Time:00:00.10 | Mem:1.38M, Peak:4.73M | Scene, ViewLayer | Updating Mesh | Copying Mesh to device
Fra:1 Mem:18.04M (Peak 43.71M) | Time:00:00.10 | Mem:2.61M, Peak:4.73M | Scene, ViewLayer | Updating Objects Flags
Fra:1 Mem:18.04M (Peak 43.71M) | Time:00:00.10 | Mem:2.62M, Peak:4.73M | Scene, ViewLayer | Updating Primitive Offsets
Fra:1 Mem:18.04M (Peak 43.71M) | Time:00:00.10 | Mem:2.62M, Peak:4.73M | Scene, ViewLayer | Updating Images
Fra:1 Mem:18.04M (Peak 43.71M) | Time:00:00.10 | Mem:2.62M, Peak:4.73M | Scene, ViewLayer | Updating Camera Volume
Fra:1 Mem:18.04M (Peak 43.71M) | Time:00:00.10 | Mem:2.62M, Peak:4.73M | Scene, ViewLayer | Updating Lookup Tables
Fra:1 Mem:18.04M (Peak 43.71M) | Time:00:00.10 | Mem:2.70M, Peak:4.73M | Scene, ViewLayer | Updating Lights
Fra:1 Mem:18.05M (Peak 43.71M) | Time:00:00.10 | Mem:2.70M, Peak:4.73M | Scene, ViewLayer | Updating Lights | Computing tree
Fra:1 Mem:18.05M (Peak 43.71M) | Time:00:00.10 | Mem:2.70M, Peak:4.73M | Scene, ViewLayer | Updating Integrator
Fra:1 Mem:18.05M (Peak 43.71M) | Time:00:00.10 | Mem:2.70M, Peak:4.73M | Scene, ViewLayer | Updating Film
Fra:1 Mem:18.05M (Peak 43.71M) | Time:00:00.10 | Mem:2.62M, Peak:4.73M | Scene, ViewLayer | Updating Lookup Tables
Fra:1 Mem:18.05M (Peak 43.71M) | Time:00:00.10 | Mem:2.70M, Peak:4.73M | Scene, ViewLayer | Updating Baking
Fra:1 Mem:18.05M (Peak 43.71M) | Time:00:00.10 | Mem:2.70M, Peak:4.73M | Scene, ViewLayer | Updating Device | Writing constant memory
Fra:1 Mem:18.05M (Peak 43.71M) | Time:00:00.10 | Mem:2.70M, Peak:4.73M | Scene, ViewLayer | Loading denoising kernels (may take a few minutes the first time)
Fra:1 Mem:31.37M (Peak 43.71M) | Time:00:00.11 | Mem:1174.21M, Peak:1174.21M | Scene, ViewLayer | Sample 0/8
Fra:1 Mem:36.12M (Peak 43.71M) | Time:00:00.11 | Remaining:00:00.01 | Mem:1178.96M, Peak:1178.96M | Scene, ViewLayer | Sample 1/8
Fra:1 Mem:38.13M (Peak 43.71M) | Time:00:00.12 | Mem:1232.53M, Peak:1234.03M | Scene, ViewLayer | Sample 8/8
Fra:1 Mem:38.13M (Peak 43.71M) | Time:00:00.12 | Mem:1232.53M, Peak:1234.03M | Scene, ViewLayer | Finished
Saved: '/tmp/pose_2_cjmdmjwb/probe.png'
Time: 00:00.17 (Saving: 00:00.00)

Fra:1 Mem:14.90M (Peak 14.90M) | Time:00:00.04 | Mem:0.00M, Peak:0.00M | Scene, ViewLayer | Synchronizing object | 2
Fra:1 Mem:14.90M (Peak 14.90M) | Time:00:00.04 | Mem:0.00M, Peak:0.00M | Scene, ViewLayer | Synchronizing object | BackFill
Fra:1 Mem:14.90M (Peak 14.90M) | Time:00:00.04 | Mem:0.00M, Peak:0.00M | Scene, ViewLayer | Synchronizing object | TopSoft
Fra:1 Mem:16.71M (Peak 17.06M) | Time:00:00.04 | Mem:0.00M, Peak:0.00M | Scene, ViewLayer | Initializing
Fra:1 Mem:16.46M (Peak 17.06M) | Time:00:00.04 | Mem:0.00M, Peak:0.00M | Scene, ViewLayer | Waiting for render to start
Fra:1 Mem:16.46M (Peak 17.06M) | Time:00:00.04 | Mem:0.00M, Peak:0.00M | Scene, ViewLayer | Updating Scene
Fra:1 Mem:16.46M (Peak 17.06M) | Time:00:00.04 | Mem:0.00M, Peak:0.00M | Scene, ViewLayer | Updating Shaders
Fra:1 Mem:16.54M (Peak 17.06M) | Time:00:00.04 | Mem:0.00M, Peak:0.00M | Scene, ViewLayer | Loading render kernels (may take a few minutes the first time)
Fra:1 Mem:16.54M (Peak 43.71M) | Time:00:00.10 | Mem:0.01M, Peak:0.01M | Scene, ViewLayer | Updating Procedurals
Fra:1 Mem:16.54M (Peak 43.71M) | Time:00:00.10 | Mem:0.01M, Peak:0.01M | Scene, ViewLayer | Updating Background
Fra:1 Mem:16.54M (Peak 43.71M) | Time:00:00.10 | Mem:0.01M, Peak:0.01M | Scene, ViewLayer | Updating Camera
Fra:1 Mem:16.54M (Peak 43.71M) | Time:00:00.10 | Mem:0.01M, Peak:0.01M | Scene, ViewLayer | Updating Meshes Flags
Fra:1 Mem:16.54M (Peak 43.71M) | Time:00:00.10 | Mem:0.01M, Peak:0.01M | Scene, ViewLayer | Updating Objects
Fra:1 Mem:16.54M (Peak 43.71M) | Time:00:00.10 | Mem:0.01M, Peak:0.01M | Scene, ViewLayer | Updating Objects | Copying Transformations to device
Fra:1 Mem:16.55M (Peak 43.71M) | Time:00:00.10 | Mem:0.01M, Peak:0.01M | Scene, ViewLayer | Updating Particle Systems
Fra:1 Mem:16.55M (Peak 43.71M) | Time:00:00.10 | Mem:0.01M, Peak:0.01M | Scene, ViewLayer | Updating Particle Systems | Copying Particles to device
Fra:1 Mem:16.55M (Peak 43.71M) | Time:00:00.10 | Mem:0.01M, Peak:0.01M | Scene, ViewLayer | Updating Meshes
Fra:1 Mem:16.55M (Peak 43.71M) | Time:00:00.10 | Mem:0.01M, Peak:0.01M | Scene, ViewLayer | Updating Objects | Applying Static Transformations
Fra:1 Mem:16.55M (Peak 43.71M) | Time:00:00.10 | Mem:0.01M, Peak:0.01M | Scene, ViewLayer | Updating Mesh | Computing attributes
Fra:1 Mem:16.81M (Peak 43.71M) | Time:00:00.10 | Mem:0.01M, Peak:0.01M | Scene, ViewLayer | Updating Mesh | Copying Attributes to device
Fra:1 Mem:16.81M (Peak 43.71M) | Time:00:00.10 | Mem:0.27M, Peak:0.27M | Scene, ViewLayer | Updating Geometry BVH light 8/7 | Building BVH
Fra:1 Mem:16.81M (Peak 43.71M) | Time:00:00.10 | Mem:0.27M, Peak:0.27M | Scene, ViewLayer | Updating Geometry BVH light 8/7 | Building OptiX acceleration structure
Fra:1 Mem:16.81M (Peak 43.71M) | Time:00:00.10 | Mem:0.27M, Peak:0.27M | Scene, ViewLayer | Updating Geometry BVH TopSoft 7/7 | Building BVH
Fra:1 Mem:16.81M (Peak 43.71M) | Time:00:00.10 | Mem:0.27M, Peak:0.27M | Scene, ViewLayer | Updating Geometry BVH TopSoft 7/7 | Building OptiX acceleration structure
Fra:1 Mem:16.81M (Peak 43.71M) | Time:00:00.10 | Mem:0.27M, Peak:0.27M | Scene, ViewLayer | Updating Geometry BVH FrontKey 3/7 | Building BVH
Fra:1 Mem:16.81M (Peak 43.71M) | Time:00:00.10 | Mem:0.27M, Peak:0.27M | Scene, ViewLayer | Updating Geometry BVH LeftFill 5/7 | Building OptiX acceleration structure
Fra:1 Mem:16.81M (Peak 43.71M) | Time:00:00.10 | Mem:0.27M, Peak:0.27M | Scene, ViewLayer | Updating Geometry BVH 2 2/7 | Building BVH
Fra:1 Mem:16.81M (Peak 43.71M) | Time:00:00.10 | Mem:0.27M, Peak:0.27M | Scene, ViewLayer | Updating Geometry BVH 2 2/7 | Building OptiX acceleration structure
Fra:1 Mem:16.81M (Peak 43.71M) | Time:00:00.10 | Mem:1.38M, Peak:4.73M | Scene, ViewLayer | Updating Scene BVH | Building
Fra:1 Mem:16.81M (Peak 43.71M) | Time:00:00.10 | Mem:1.38M, Peak:4.73M | Scene, ViewLayer | Updating Scene BVH | Building OptiX acceleration structure
Fra:1 Mem:16.81M (Peak 43.71M) | Time:00:00.10 | Mem:1.38M, Peak:4.73M | Scene, ViewLayer | Updating Scene BVH | Copying BVH to device
Fra:1 Mem:16.81M (Peak 43.71M) | Time:00:00.10 | Mem:1.38M, Peak:4.73M | Scene, ViewLayer | Updating Mesh | Computing normals
Fra:1 Mem:18.04M (Peak 43.71M) | Time:00:00.10 | Mem:1.38M, Peak:4.73M | Scene, ViewLayer | Updating Mesh | Copying Mesh to device
Fra:1 Mem:18.04M (Peak 43.71M) | Time:00:00.10 | Mem:2.61M, Peak:4.73M | Scene, ViewLayer | Updating Objects Flags
Fra:1 Mem:18.04M (Peak 43.71M) | Time:00:00.10 | Mem:2.61M, Peak:4.73M | Scene, ViewLayer | Updating Primitive Offsets
Fra:1 Mem:18.04M (Peak 43.71M) | Time:00:00.10 | Mem:2.61M, Peak:4.73M | Scene, ViewLayer | Updating Images
Fra:1 Mem:18.04M (Peak 43.71M) | Time:00:00.10 | Mem:2.61M, Peak:4.73M | Scene, ViewLayer | Updating Camera Volume
Fra:1 Mem:18.04M (Peak 43.71M) | Time:00:00.10 | Mem:2.61M, Peak:4.73M | Scene, ViewLayer | Updating Lookup Tables
Fra:1 Mem:18.04M (Peak 43.71M) | Time:00:00.10 | Mem:2.69M, Peak:4.73M | Scene, ViewLayer | Updating Lights
Fra:1 Mem:18.05M (Peak 43.71M) | Time:00:00.10 | Mem:2.70M, Peak:4.73M | Scene, ViewLayer | Updating Lights | Computing tree
Fra:1 Mem:18.05M (Peak 43.71M) | Time:00:00.10 | Mem:2.70M, Peak:4.73M | Scene, ViewLayer | Updating Integrator
Fra:1 Mem:18.05M (Peak 43.71M) | Time:00:00.10 | Mem:2.70M, Peak:4.73M | Scene, ViewLayer | Updating Film
Fra:1 Mem:18.05M (Peak 43.71M) | Time:00:00.10 | Mem:2.62M, Peak:4.73M | Scene, ViewLayer | Updating Lookup Tables
Fra:1 Mem:18.05M (Peak 43.71M) | Time:00:00.10 | Mem:2.70M, Peak:4.73M | Scene, ViewLayer | Updating Baking
Fra:1 Mem:18.05M (Peak 43.71M) | Time:00:00.10 | Mem:2.70M, Peak:4.73M | Scene, ViewLayer | Updating Device | Writing constant memory
Fra:1 Mem:18.05M (Peak 43.71M) | Time:00:00.10 | Mem:2.70M, Peak:4.73M | Scene, ViewLayer | Loading denoising kernels (may take a few minutes the first time)
Fra:1 Mem:31.37M (Peak 43.71M) | Time:00:00.11 | Mem:1174.20M, Peak:1174.20M | Scene, ViewLayer | Sample 0/8
Fra:1 Mem:36.12M (Peak 43.71M) | Time:00:00.11 | Remaining:00:00.01 | Mem:1178.95M, Peak:1178.95M | Scene, ViewLayer | Sample 1/8
Fra:1 Mem:38.13M (Peak 43.71M) | Time:00:00.13 | Mem:1232.53M, Peak:1234.03M | Scene, ViewLayer | Sample 8/8
Fra:1 Mem:38.13M (Peak 43.71M) | Time:00:00.13 | Mem:1232.53M, Peak:1234.03M | Scene, ViewLayer | Finished
Saved: '/tmp/pose_2_cjmdmjwb/probe.png'
Time: 00:00.17 (Saving: 00:00.00)

Fra:1 Mem:14.90M (Peak 14.90M) | Time:00:00.04 | Mem:0.00M, Peak:0.00M | Scene, ViewLayer | Synchronizing object | 2
Fra:1 Mem:14.90M (Peak 14.90M) | Time:00:00.04 | Mem:0.00M, Peak:0.00M | Scene, ViewLayer | Synchronizing object | FrontKey
Fra:1 Mem:14.90M (Peak 14.90M) | Time:00:00.04 | Mem:0.00M, Peak:0.00M | Scene, ViewLayer | Synchronizing object | TopSoft
Fra:1 Mem:16.71M (Peak 17.06M) | Time:00:00.04 | Mem:0.00M, Peak:0.00M | Scene, ViewLayer | Initializing
Fra:1 Mem:16.46M (Peak 17.06M) | Time:00:00.04 | Mem:0.00M, Peak:0.00M | Scene, ViewLayer | Waiting for render to start
Fra:1 Mem:16.46M (Peak 17.06M) | Time:00:00.04 | Mem:0.00M, Peak:0.00M | Scene, ViewLayer | Updating Scene
Fra:1 Mem:16.46M (Peak 17.06M) | Time:00:00.04 | Mem:0.00M, Peak:0.00M | Scene, ViewLayer | Updating Shaders
Fra:1 Mem:16.54M (Peak 17.06M) | Time:00:00.04 | Mem:0.00M, Peak:0.00M | Scene, ViewLayer | Loading render kernels (may take a few minutes the first time)
Fra:1 Mem:16.54M (Peak 43.71M) | Time:00:00.10 | Mem:0.01M, Peak:0.01M | Scene, ViewLayer | Updating Procedurals
Fra:1 Mem:16.54M (Peak 43.71M) | Time:00:00.10 | Mem:0.01M, Peak:0.01M | Scene, ViewLayer | Updating Background
Fra:1 Mem:16.54M (Peak 43.71M) | Time:00:00.10 | Mem:0.01M, Peak:0.01M | Scene, ViewLayer | Updating Camera
Fra:1 Mem:16.54M (Peak 43.71M) | Time:00:00.10 | Mem:0.01M, Peak:0.01M | Scene, ViewLayer | Updating Meshes Flags
Fra:1 Mem:16.54M (Peak 43.71M) | Time:00:00.10 | Mem:0.01M, Peak:0.01M | Scene, ViewLayer | Updating Objects
Fra:1 Mem:16.54M (Peak 43.71M) | Time:00:00.10 | Mem:0.01M, Peak:0.01M | Scene, ViewLayer | Updating Objects | Copying Transformations to device
Fra:1 Mem:16.55M (Peak 43.71M) | Time:00:00.10 | Mem:0.01M, Peak:0.01M | Scene, ViewLayer | Updating Particle Systems
Fra:1 Mem:16.55M (Peak 43.71M) | Time:00:00.10 | Mem:0.01M, Peak:0.01M | Scene, ViewLayer | Updating Particle Systems | Copying Particles to device
Fra:1 Mem:16.55M (Peak 43.71M) | Time:00:00.10 | Mem:0.01M, Peak:0.01M | Scene, ViewLayer | Updating Meshes
Fra:1 Mem:16.55M (Peak 43.71M) | Time:00:00.10 | Mem:0.01M, Peak:0.01M | Scene, ViewLayer | Updating Objects | Applying Static Transformations
Fra:1 Mem:16.55M (Peak 43.71M) | Time:00:00.10 | Mem:0.01M, Peak:0.01M | Scene, ViewLayer | Updating Mesh | Computing attributes
Fra:1 Mem:16.81M (Peak 43.71M) | Time:00:00.10 | Mem:0.01M, Peak:0.01M | Scene, ViewLayer | Updating Mesh | Copying Attributes to device
Fra:1 Mem:16.81M (Peak 43.71M) | Time:00:00.10 | Mem:0.27M, Peak:0.27M | Scene, ViewLayer | Updating Geometry BVH light 8/7 | Building BVH
Fra:1 Mem:16.81M (Peak 43.71M) | Time:00:00.10 | Mem:0.27M, Peak:0.27M | Scene, ViewLayer | Updating Geometry BVH light 8/7 | Building OptiX acceleration structure
Fra:1 Mem:16.81M (Peak 43.71M) | Time:00:00.10 | Mem:0.27M, Peak:0.27M | Scene, ViewLayer | Updating Geometry BVH TopSoft 7/7 | Building BVH
Fra:1 Mem:16.81M (Peak 43.71M) | Time:00:00.10 | Mem:0.27M, Peak:0.27M | Scene, ViewLayer | Updating Geometry BVH TopSoft 7/7 | Building OptiX acceleration structure
Fra:1 Mem:16.81M (Peak 43.71M) | Time:00:00.10 | Mem:0.27M, Peak:0.27M | Scene, ViewLayer | Updating Geometry BVH RightFill 6/7 | Building BVH
Fra:1 Mem:16.81M (Peak 43.71M) | Time:00:00.10 | Mem:0.27M, Peak:0.27M | Scene, ViewLayer | Updating Geometry BVH BackFill 4/7 | Building BVH
Fra:1 Mem:16.81M (Peak 43.71M) | Time:00:00.10 | Mem:0.27M, Peak:0.27M | Scene, ViewLayer | Updating Geometry BVH LeftFill 5/7 | Building OptiX acceleration structure
Fra:1 Mem:16.81M (Peak 43.71M) | Time:00:00.10 | Mem:0.27M, Peak:0.27M | Scene, ViewLayer | Updating Geometry BVH 2 2/7 | Building BVH
Fra:1 Mem:16.81M (Peak 43.71M) | Time:00:00.10 | Mem:0.27M, Peak:0.27M | Scene, ViewLayer | Updating Geometry BVH 2 2/7 | Building OptiX acceleration structure
Fra:1 Mem:16.81M (Peak 43.71M) | Time:00:00.10 | Mem:1.38M, Peak:4.73M | Scene, ViewLayer | Updating Scene BVH | Building
Fra:1 Mem:16.81M (Peak 43.71M) | Time:00:00.10 | Mem:1.38M, Peak:4.73M | Scene, ViewLayer | Updating Scene BVH | Building OptiX acceleration structure
Fra:1 Mem:16.81M (Peak 43.71M) | Time:00:00.10 | Mem:1.38M, Peak:4.73M | Scene, ViewLayer | Updating Scene BVH | Copying BVH to device
Fra:1 Mem:16.81M (Peak 43.71M) | Time:00:00.10 | Mem:1.38M, Peak:4.73M | Scene, ViewLayer | Updating Mesh | Computing normals
Fra:1 Mem:18.04M (Peak 43.71M) | Time:00:00.10 | Mem:1.38M, Peak:4.73M | Scene, ViewLayer | Updating Mesh | Copying Mesh to device
Fra:1 Mem:18.04M (Peak 43.71M) | Time:00:00.11 | Mem:2.62M, Peak:4.73M | Scene, ViewLayer | Updating Objects Flags
Fra:1 Mem:18.04M (Peak 43.71M) | Time:00:00.11 | Mem:2.62M, Peak:4.73M | Scene, ViewLayer | Updating Primitive Offsets
Fra:1 Mem:18.04M (Peak 43.71M) | Time:00:00.11 | Mem:2.62M, Peak:4.73M | Scene, ViewLayer | Updating Images
Fra:1 Mem:18.04M (Peak 43.71M) | Time:00:00.11 | Mem:2.62M, Peak:4.73M | Scene, ViewLayer | Updating Camera Volume
Fra:1 Mem:18.04M (Peak 43.71M) | Time:00:00.11 | Mem:2.62M, Peak:4.73M | Scene, ViewLayer | Updating Lookup Tables
Fra:1 Mem:18.04M (Peak 43.71M) | Time:00:00.11 | Mem:2.70M, Peak:4.73M | Scene, ViewLayer | Updating Lights
Fra:1 Mem:18.05M (Peak 43.71M) | Time:00:00.11 | Mem:2.70M, Peak:4.73M | Scene, ViewLayer | Updating Lights | Computing tree
Fra:1 Mem:18.05M (Peak 43.71M) | Time:00:00.11 | Mem:2.70M, Peak:4.73M | Scene, ViewLayer | Updating Integrator
Fra:1 Mem:18.05M (Peak 43.71M) | Time:00:00.11 | Mem:2.70M, Peak:4.73M | Scene, ViewLayer | Updating Film
Fra:1 Mem:18.05M (Peak 43.71M) | Time:00:00.11 | Mem:2.62M, Peak:4.73M | Scene, ViewLayer | Updating Lookup Tables
Fra:1 Mem:18.05M (Peak 43.71M) | Time:00:00.11 | Mem:2.70M, Peak:4.73M | Scene, ViewLayer | Updating Baking
Fra:1 Mem:18.05M (Peak 43.71M) | Time:00:00.11 | Mem:2.70M, Peak:4.73M | Scene, ViewLayer | Updating Device | Writing constant memory
Fra:1 Mem:18.05M (Peak 43.71M) | Time:00:00.11 | Mem:2.70M, Peak:4.73M | Scene, ViewLayer | Loading denoising kernels (may take a few minutes the first time)
Fra:1 Mem:31.37M (Peak 43.71M) | Time:00:00.11 | Mem:1174.21M, Peak:1174.21M | Scene, ViewLayer | Sample 0/8
Fra:1 Mem:36.12M (Peak 43.71M) | Time:00:00.11 | Remaining:00:00.01 | Mem:1178.96M, Peak:1178.96M | Scene, ViewLayer | Sample 1/8
Fra:1 Mem:38.13M (Peak 43.71M) | Time:00:00.13 | Mem:1232.53M, Peak:1234.03M | Scene, ViewLayer | Sample 8/8
Fra:1 Mem:38.13M (Peak 43.71M) | Time:00:00.13 | Mem:1232.53M, Peak:1234.03M | Scene, ViewLayer | Finished
Saved: '/tmp/pose_2_cjmdmjwb/probe.png'
Time: 00:00.18 (Saving: 00:00.00)

Fra:1 Mem:14.90M (Peak 14.90M) | Time:00:00.04 | Mem:0.00M, Peak:0.00M | Scene, ViewLayer | Synchronizing object | 2
Fra:1 Mem:14.90M (Peak 14.90M) | Time:00:00.04 | Mem:0.00M, Peak:0.00M | Scene, ViewLayer | Synchronizing object | BackFill
Fra:1 Mem:14.90M (Peak 14.90M) | Time:00:00.04 | Mem:0.00M, Peak:0.00M | Scene, ViewLayer | Synchronizing object | TopSoft
Fra:1 Mem:16.71M (Peak 17.06M) | Time:00:00.04 | Mem:0.00M, Peak:0.00M | Scene, ViewLayer | Initializing
Fra:1 Mem:16.46M (Peak 17.06M) | Time:00:00.04 | Mem:0.00M, Peak:0.00M | Scene, ViewLayer | Waiting for render to start
Fra:1 Mem:16.46M (Peak 17.06M) | Time:00:00.04 | Mem:0.00M, Peak:0.00M | Scene, ViewLayer | Updating Scene
Fra:1 Mem:16.46M (Peak 17.06M) | Time:00:00.04 | Mem:0.00M, Peak:0.00M | Scene, ViewLayer | Updating Shaders
Fra:1 Mem:16.54M (Peak 17.06M) | Time:00:00.04 | Mem:0.00M, Peak:0.00M | Scene, ViewLayer | Loading render kernels (may take a few minutes the first time)
Fra:1 Mem:16.54M (Peak 43.71M) | Time:00:00.10 | Mem:0.01M, Peak:0.01M | Scene, ViewLayer | Updating Procedurals
Fra:1 Mem:16.54M (Peak 43.71M) | Time:00:00.10 | Mem:0.01M, Peak:0.01M | Scene, ViewLayer | Updating Background
Fra:1 Mem:16.54M (Peak 43.71M) | Time:00:00.10 | Mem:0.01M, Peak:0.01M | Scene, ViewLayer | Updating Camera
Fra:1 Mem:16.54M (Peak 43.71M) | Time:00:00.10 | Mem:0.01M, Peak:0.01M | Scene, ViewLayer | Updating Meshes Flags
Fra:1 Mem:16.54M (Peak 43.71M) | Time:00:00.10 | Mem:0.01M, Peak:0.01M | Scene, ViewLayer | Updating Objects
Fra:1 Mem:16.54M (Peak 43.71M) | Time:00:00.10 | Mem:0.01M, Peak:0.01M | Scene, ViewLayer | Updating Objects | Copying Transformations to device
Fra:1 Mem:16.55M (Peak 43.71M) | Time:00:00.10 | Mem:0.01M, Peak:0.01M | Scene, ViewLayer | Updating Particle Systems
Fra:1 Mem:16.55M (Peak 43.71M) | Time:00:00.10 | Mem:0.01M, Peak:0.01M | Scene, ViewLayer | Updating Particle Systems | Copying Particles to device
Fra:1 Mem:16.55M (Peak 43.71M) | Time:00:00.10 | Mem:0.01M, Peak:0.01M | Scene, ViewLayer | Updating Meshes
Fra:1 Mem:16.55M (Peak 43.71M) | Time:00:00.10 | Mem:0.01M, Peak:0.01M | Scene, ViewLayer | Updating Objects | Applying Static Transformations
Fra:1 Mem:16.55M (Peak 43.71M) | Time:00:00.10 | Mem:0.01M, Peak:0.01M | Scene, ViewLayer | Updating Mesh | Computing attributes
Fra:1 Mem:16.81M (Peak 43.71M) | Time:00:00.10 | Mem:0.01M, Peak:0.01M | Scene, ViewLayer | Updating Mesh | Copying Attributes to device
Fra:1 Mem:16.81M (Peak 43.71M) | Time:00:00.10 | Mem:0.27M, Peak:0.27M | Scene, ViewLayer | Updating Geometry BVH light 8/7 | Building BVH
Fra:1 Mem:16.81M (Peak 43.71M) | Time:00:00.10 | Mem:0.27M, Peak:0.27M | Scene, ViewLayer | Updating Geometry BVH light 8/7 | Building OptiX acceleration structure
Fra:1 Mem:16.81M (Peak 43.71M) | Time:00:00.10 | Mem:0.27M, Peak:0.27M | Scene, ViewLayer | Updating Geometry BVH TopSoft 7/7 | Building BVH
Fra:1 Mem:16.81M (Peak 43.71M) | Time:00:00.10 | Mem:0.27M, Peak:0.27M | Scene, ViewLayer | Updating Geometry BVH TopSoft 7/7 | Building OptiX acceleration structure
Fra:1 Mem:16.81M (Peak 43.71M) | Time:00:00.10 | Mem:0.27M, Peak:0.27M | Scene, ViewLayer | Updating Geometry BVH RightFill 6/7 | Building BVH
Fra:1 Mem:16.81M (Peak 43.71M) | Time:00:00.10 | Mem:0.27M, Peak:0.27M | Scene, ViewLayer | Updating Geometry BVH BackFill 4/7 | Building BVH
Fra:1 Mem:16.81M (Peak 43.71M) | Time:00:00.10 | Mem:0.27M, Peak:0.27M | Scene, ViewLayer | Updating Geometry BVH LeftFill 5/7 | Building OptiX acceleration structure
Fra:1 Mem:16.81M (Peak 43.71M) | Time:00:00.10 | Mem:0.27M, Peak:0.27M | Scene, ViewLayer | Updating Geometry BVH 2 2/7 | Building OptiX acceleration structure
Fra:1 Mem:16.81M (Peak 43.71M) | Time:00:00.10 | Mem:1.37M, Peak:4.73M | Scene, ViewLayer | Updating Scene BVH | Building
Fra:1 Mem:16.81M (Peak 43.71M) | Time:00:00.10 | Mem:1.37M, Peak:4.73M | Scene, ViewLayer | Updating Scene BVH | Building OptiX acceleration structure
Fra:1 Mem:16.81M (Peak 43.71M) | Time:00:00.10 | Mem:1.38M, Peak:4.73M | Scene, ViewLayer | Updating Scene BVH | Copying BVH to device
Fra:1 Mem:16.81M (Peak 43.71M) | Time:00:00.10 | Mem:1.38M, Peak:4.73M | Scene, ViewLayer | Updating Mesh | Computing normals
Fra:1 Mem:18.04M (Peak 43.71M) | Time:00:00.10 | Mem:1.38M, Peak:4.73M | Scene, ViewLayer | Updating Mesh | Copying Mesh to device
Fra:1 Mem:18.04M (Peak 43.71M) | Time:00:00.10 | Mem:2.61M, Peak:4.73M | Scene, ViewLayer | Updating Objects Flags
Fra:1 Mem:18.04M (Peak 43.71M) | Time:00:00.10 | Mem:2.61M, Peak:4.73M | Scene, ViewLayer | Updating Primitive Offsets
Fra:1 Mem:18.04M (Peak 43.71M) | Time:00:00.10 | Mem:2.61M, Peak:4.73M | Scene, ViewLayer | Updating Images
Fra:1 Mem:18.04M (Peak 43.71M) | Time:00:00.10 | Mem:2.61M, Peak:4.73M | Scene, ViewLayer | Updating Camera Volume
Fra:1 Mem:18.04M (Peak 43.71M) | Time:00:00.10 | Mem:2.61M, Peak:4.73M | Scene, ViewLayer | Updating Lookup Tables
Fra:1 Mem:18.04M (Peak 43.71M) | Time:00:00.10 | Mem:2.69M, Peak:4.73M | Scene, ViewLayer | Updating Lights
Fra:1 Mem:18.05M (Peak 43.71M) | Time:00:00.10 | Mem:2.69M, Peak:4.73M | Scene, ViewLayer | Updating Lights | Computing tree
Fra:1 Mem:18.05M (Peak 43.71M) | Time:00:00.10 | Mem:2.69M, Peak:4.73M | Scene, ViewLayer | Updating Integrator
Fra:1 Mem:18.05M (Peak 43.71M) | Time:00:00.10 | Mem:2.69M, Peak:4.73M | Scene, ViewLayer | Updating Film
Fra:1 Mem:18.05M (Peak 43.71M) | Time:00:00.10 | Mem:2.61M, Peak:4.73M | Scene, ViewLayer | Updating Lookup Tables
Fra:1 Mem:18.05M (Peak 43.71M) | Time:00:00.10 | Mem:2.70M, Peak:4.73M | Scene, ViewLayer | Updating Baking
Fra:1 Mem:18.05M (Peak 43.71M) | Time:00:00.10 | Mem:2.70M, Peak:4.73M | Scene, ViewLayer | Updating Device | Writing constant memory
Fra:1 Mem:18.05M (Peak 43.71M) | Time:00:00.10 | Mem:2.70M, Peak:4.73M | Scene, ViewLayer | Loading denoising kernels (may take a few minutes the first time)
Fra:1 Mem:31.37M (Peak 43.71M) | Time:00:00.11 | Mem:1174.20M, Peak:1174.20M | Scene, ViewLayer | Sample 0/8
Fra:1 Mem:36.12M (Peak 43.71M) | Time:00:00.11 | Remaining:00:00.01 | Mem:1178.95M, Peak:1178.95M | Scene, ViewLayer | Sample 1/8
Fra:1 Mem:38.13M (Peak 43.71M) | Time:00:00.13 | Mem:1232.53M, Peak:1234.03M | Scene, ViewLayer | Sample 8/8
Fra:1 Mem:38.13M (Peak 43.71M) | Time:00:00.13 | Mem:1232.53M, Peak:1234.03M | Scene, ViewLayer | Finished
Saved: '/tmp/pose_2_cjmdmjwb/probe.png'
Time: 00:00.18 (Saving: 00:00.00)

Fra:1 Mem:15.14M (Peak 15.14M) | Time:00:00.04 | Mem:0.00M, Peak:0.00M | Scene, ViewLayer | Synchronizing object | 2
Fra:1 Mem:15.14M (Peak 15.14M) | Time:00:00.04 | Mem:0.00M, Peak:0.00M | Scene, ViewLayer | Synchronizing object | BackFill
Fra:1 Mem:15.14M (Peak 15.14M) | Time:00:00.04 | Mem:0.00M, Peak:0.00M | Scene, ViewLayer | Synchronizing object | LeftFill
Fra:1 Mem:15.50M (Peak 15.50M) | Time:00:00.04 | Mem:0.00M, Peak:0.00M | Scene, ViewLayer | Synchronizing object | TopSoft
Fra:1 Mem:16.95M (Peak 16.95M) | Time:00:00.04 | Mem:0.00M, Peak:0.00M | Scene, ViewLayer | Initializing
Fra:1 Mem:16.63M (Peak 16.95M) | Time:00:00.04 | Mem:0.00M, Peak:0.00M | Scene, ViewLayer | Waiting for render to start
Fra:1 Mem:16.63M (Peak 16.95M) | Time:00:00.04 | Mem:0.00M, Peak:0.00M | Scene, ViewLayer | Updating Scene
Fra:1 Mem:16.63M (Peak 16.95M) | Time:00:00.04 | Mem:0.00M, Peak:0.00M | Scene, ViewLayer | Updating Shaders
Fra:1 Mem:16.72M (Peak 16.95M) | Time:00:00.04 | Mem:0.00M, Peak:0.00M | Scene, ViewLayer | Loading render kernels (may take a few minutes the first time)
Fra:1 Mem:16.72M (Peak 43.88M) | Time:00:00.10 | Mem:0.01M, Peak:0.01M | Scene, ViewLayer | Updating Procedurals
Fra:1 Mem:16.72M (Peak 43.88M) | Time:00:00.10 | Mem:0.01M, Peak:0.01M | Scene, ViewLayer | Updating Background
Fra:1 Mem:16.72M (Peak 43.88M) | Time:00:00.10 | Mem:0.01M, Peak:0.01M | Scene, ViewLayer | Updating Camera
Fra:1 Mem:16.72M (Peak 43.88M) | Time:00:00.10 | Mem:0.01M, Peak:0.01M | Scene, ViewLayer | Updating Meshes Flags
Fra:1 Mem:16.72M (Peak 43.88M) | Time:00:00.10 | Mem:0.01M, Peak:0.01M | Scene, ViewLayer | Updating Objects
Fra:1 Mem:16.72M (Peak 43.88M) | Time:00:00.10 | Mem:0.01M, Peak:0.01M | Scene, ViewLayer | Updating Objects | Copying Transformations to device
Fra:1 Mem:16.72M (Peak 43.88M) | Time:00:00.10 | Mem:0.01M, Peak:0.01M | Scene, ViewLayer | Updating Particle Systems
Fra:1 Mem:16.72M (Peak 43.88M) | Time:00:00.10 | Mem:0.01M, Peak:0.01M | Scene, ViewLayer | Updating Particle Systems | Copying Particles to device
Fra:1 Mem:16.72M (Peak 43.88M) | Time:00:00.10 | Mem:0.01M, Peak:0.01M | Scene, ViewLayer | Updating Meshes
Fra:1 Mem:19.36M (Peak 43.88M) | Time:00:00.15 | Mem:0.01M, Peak:0.01M | Scene, ViewLayer | Updating Objects | Applying Static Transformations
Fra:1 Mem:19.36M (Peak 43.88M) | Time:00:00.15 | Mem:0.01M, Peak:0.01M | Scene, ViewLayer | Updating Mesh | Computing attributes
Fra:1 Mem:21.74M (Peak 43.88M) | Time:00:00.15 | Mem:0.01M, Peak:0.01M | Scene, ViewLayer | Updating Mesh | Copying Attributes to device
Fra:1 Mem:21.74M (Peak 43.88M) | Time:00:00.15 | Mem:2.39M, Peak:2.39M | Scene, ViewLayer | Updating Geometry BVH light 8/7 | Building BVH
Fra:1 Mem:21.74M (Peak 43.88M) | Time:00:00.15 | Mem:2.39M, Peak:2.39M | Scene, ViewLayer | Updating Geometry BVH light 8/7 | Building OptiX acceleration structure
Fra:1 Mem:21.74M (Peak 43.88M) | Time:00:00.15 | Mem:2.39M, Peak:2.39M | Scene, ViewLayer | Updating Geometry BVH TopSoft 7/7 | Building BVH
Fra:1 Mem:21.74M (Peak 43.88M) | Time:00:00.15 | Mem:2.39M, Peak:2.39M | Scene, ViewLayer | Updating Geometry BVH LeftFill 5/7 | Building BVH
Fra:1 Mem:21.74M (Peak 43.88M) | Time:00:00.15 | Mem:2.39M, Peak:2.39M | Scene, ViewLayer | Updating Geometry BVH RightFill 6/7 | Building OptiX acceleration structure
Fra:1 Mem:21.74M (Peak 43.88M) | Time:00:00.15 | Mem:2.39M, Peak:2.39M | Scene, ViewLayer | Updating Geometry BVH 2 2/7 | Building BVH
Fra:1 Mem:21.74M (Peak 43.88M) | Time:00:00.15 | Mem:2.39M, Peak:2.39M | Scene, ViewLayer | Updating Geometry BVH 2 2/7 | Building OptiX acceleration structure
Fra:1 Mem:21.74M (Peak 43.88M) | Time:00:00.15 | Mem:3.50M, Peak:6.85M | Scene, ViewLayer | Updating Scene BVH | Building
Fra:1 Mem:21.74M (Peak 43.88M) | Time:00:00.15 | Mem:3.50M, Peak:6.85M | Scene, ViewLayer | Updating Scene BVH | Building OptiX acceleration structure
Fra:1 Mem:21.74M (Peak 43.88M) | Time:00:00.15 | Mem:3.50M, Peak:6.85M | Scene, ViewLayer | Updating Scene BVH | Copying BVH to device
Fra:1 Mem:21.74M (Peak 43.88M) | Time:00:00.15 | Mem:3.50M, Peak:6.85M | Scene, ViewLayer | Updating Mesh | Computing normals
Fra:1 Mem:22.98M (Peak 43.88M) | Time:00:00.15 | Mem:3.50M, Peak:6.85M | Scene, ViewLayer | Updating Mesh | Copying Mesh to device
Fra:1 Mem:22.98M (Peak 43.88M) | Time:00:00.15 | Mem:4.73M, Peak:6.85M | Scene, ViewLayer | Updating Objects Flags
Fra:1 Mem:22.98M (Peak 43.88M) | Time:00:00.15 | Mem:4.73M, Peak:6.85M | Scene, ViewLayer | Updating Primitive Offsets
Fra:1 Mem:22.98M (Peak 43.88M) | Time:00:00.15 | Mem:4.73M, Peak:6.85M | Scene, ViewLayer | Updating Images
Fra:1 Mem:22.98M (Peak 43.88M) | Time:00:00.15 | Mem:4.73M, Peak:6.85M | Scene, ViewLayer | Updating Images | Loading Carpet008_1K-JPG_Displacement.jpg
Fra:1 Mem:23.98M (Peak 43.88M) | Time:00:00.15 | Mem:4.73M, Peak:6.85M | Scene, ViewLayer | Updating Images | Loading Carpet008_1K-JPG_AmbientOcclusion.jpg
Fra:1 Mem:23.98M (Peak 43.88M) | Time:00:00.15 | Mem:4.73M, Peak:6.85M | Scene, ViewLayer | Updating Images | Loading Carpet008_1K-JPG_Roughness.jpg
Fra:1 Mem:23.98M (Peak 43.88M) | Time:00:00.15 | Mem:4.73M, Peak:6.85M | Scene, ViewLayer | Updating Images | Loading Carpet008_1K-JPG_NormalGL.jpg
Fra:1 Mem:33.99M (Peak 43.88M) | Time:00:00.18 | Mem:15.73M, Peak:15.73M | Scene, ViewLayer | Updating Camera Volume
Fra:1 Mem:33.99M (Peak 43.88M) | Time:00:00.18 | Mem:15.73M, Peak:15.73M | Scene, ViewLayer | Updating Lookup Tables
Fra:1 Mem:33.99M (Peak 43.88M) | Time:00:00.18 | Mem:15.81M, Peak:15.81M | Scene, ViewLayer | Updating Lights
Fra:1 Mem:33.99M (Peak 43.88M) | Time:00:00.18 | Mem:15.81M, Peak:15.81M | Scene, ViewLayer | Updating Lights | Computing tree
Fra:1 Mem:33.99M (Peak 43.88M) | Time:00:00.18 | Mem:15.81M, Peak:15.81M | Scene, ViewLayer | Updating Integrator
Fra:1 Mem:33.99M (Peak 43.88M) | Time:00:00.18 | Mem:15.81M, Peak:15.81M | Scene, ViewLayer | Updating Film
Fra:1 Mem:33.99M (Peak 43.88M) | Time:00:00.18 | Mem:15.73M, Peak:15.81M | Scene, ViewLayer | Updating Lookup Tables
Fra:1 Mem:33.99M (Peak 43.88M) | Time:00:00.18 | Mem:15.82M, Peak:15.82M | Scene, ViewLayer | Updating Baking
Fra:1 Mem:33.99M (Peak 43.88M) | Time:00:00.18 | Mem:15.82M, Peak:15.82M | Scene, ViewLayer | Updating Device | Writing constant memory
Fra:1 Mem:34.00M (Peak 43.88M) | Time:00:00.18 | Mem:15.82M, Peak:15.82M | Scene, ViewLayer | Loading denoising kernels (may take a few minutes the first time)
Fra:1 Mem:47.31M (Peak 47.31M) | Time:00:00.19 | Mem:1187.32M, Peak:1187.32M | Scene, ViewLayer | Sample 0/16
Fra:1 Mem:52.07M (Peak 52.07M) | Time:00:00.19 | Remaining:00:00.02 | Mem:1192.08M, Peak:1192.08M | Scene, ViewLayer | Sample 1/16
Fra:1 Mem:54.07M (Peak 57.07M) | Time:00:00.20 | Mem:1245.66M, Peak:1247.16M | Scene, ViewLayer | Sample 16/16
Fra:1 Mem:54.07M (Peak 57.07M) | Time:00:00.20 | Mem:1245.66M, Peak:1247.16M | Scene, ViewLayer | Finished
Saved: '/home/users/samahabd/triad-stimuli-pipeline/data/generated_stimuli/_verify/texture_grid/B_controlled_simple/Carpet008_1K-JPG/2.png'
Time: 00:00.26 (Saving: 00:00.00)

Fra:1 Mem:15.24M (Peak 15.24M) | Time:00:00.04 | Mem:0.00M, Peak:0.00M | Scene, ViewLayer | Synchronizing object | 2
Fra:1 Mem:15.24M (Peak 15.24M) | Time:00:00.04 | Mem:0.00M, Peak:0.00M | Scene, ViewLayer | Synchronizing object | BackFill
Fra:1 Mem:15.24M (Peak 15.24M) | Time:00:00.04 | Mem:0.00M, Peak:0.00M | Scene, ViewLayer | Synchronizing object | TopSoft
Fra:1 Mem:17.05M (Peak 17.40M) | Time:00:00.04 | Mem:0.00M, Peak:0.00M | Scene, ViewLayer | Initializing
Fra:1 Mem:16.73M (Peak 17.40M) | Time:00:00.04 | Mem:0.00M, Peak:0.00M | Scene, ViewLayer | Waiting for render to start
Fra:1 Mem:16.73M (Peak 17.40M) | Time:00:00.04 | Mem:0.00M, Peak:0.00M | Scene, ViewLayer | Updating Scene
Fra:1 Mem:16.73M (Peak 17.40M) | Time:00:00.04 | Mem:0.00M, Peak:0.00M | Scene, ViewLayer | Updating Shaders
Fra:1 Mem:16.82M (Peak 17.40M) | Time:00:00.04 | Mem:0.00M, Peak:0.00M | Scene, ViewLayer | Loading render kernels (may take a few minutes the first time)
Fra:1 Mem:16.82M (Peak 43.98M) | Time:00:00.10 | Mem:0.01M, Peak:0.01M | Scene, ViewLayer | Updating Procedurals
Fra:1 Mem:16.82M (Peak 43.98M) | Time:00:00.10 | Mem:0.01M, Peak:0.01M | Scene, ViewLayer | Updating Background
Fra:1 Mem:16.82M (Peak 43.98M) | Time:00:00.10 | Mem:0.01M, Peak:0.01M | Scene, ViewLayer | Updating Camera
Fra:1 Mem:16.82M (Peak 43.98M) | Time:00:00.10 | Mem:0.01M, Peak:0.01M | Scene, ViewLayer | Updating Meshes Flags
Fra:1 Mem:16.82M (Peak 43.98M) | Time:00:00.10 | Mem:0.01M, Peak:0.01M | Scene, ViewLayer | Updating Objects
Fra:1 Mem:16.82M (Peak 43.98M) | Time:00:00.10 | Mem:0.01M, Peak:0.01M | Scene, ViewLayer | Updating Objects | Copying Transformations to device
Fra:1 Mem:16.82M (Peak 43.98M) | Time:00:00.10 | Mem:0.01M, Peak:0.01M | Scene, ViewLayer | Updating Particle Systems
Fra:1 Mem:16.82M (Peak 43.98M) | Time:00:00.10 | Mem:0.01M, Peak:0.01M | Scene, ViewLayer | Updating Particle Systems | Copying Particles to device
Fra:1 Mem:16.82M (Peak 43.98M) | Time:00:00.10 | Mem:0.01M, Peak:0.01M | Scene, ViewLayer | Updating Meshes
Fra:1 Mem:19.46M (Peak 43.98M) | Time:00:00.14 | Mem:0.01M, Peak:0.01M | Scene, ViewLayer | Updating Objects | Applying Static Transformations
Fra:1 Mem:19.46M (Peak 43.98M) | Time:00:00.14 | Mem:0.01M, Peak:0.01M | Scene, ViewLayer | Updating Mesh | Computing attributes
Fra:1 Mem:21.84M (Peak 43.98M) | Time:00:00.15 | Mem:0.01M, Peak:0.01M | Scene, ViewLayer | Updating Mesh | Copying Attributes to device
Fra:1 Mem:21.84M (Peak 43.98M) | Time:00:00.15 | Mem:2.39M, Peak:2.39M | Scene, ViewLayer | Updating Geometry BVH light 8/7 | Building BVH
Fra:1 Mem:21.84M (Peak 43.98M) | Time:00:00.15 | Mem:2.39M, Peak:2.39M | Scene, ViewLayer | Updating Geometry BVH light 8/7 | Building OptiX acceleration structure
Fra:1 Mem:21.84M (Peak 43.98M) | Time:00:00.15 | Mem:2.39M, Peak:2.39M | Scene, ViewLayer | Updating Geometry BVH TopSoft 7/7 | Building BVH
Fra:1 Mem:21.84M (Peak 43.98M) | Time:00:00.15 | Mem:2.39M, Peak:2.39M | Scene, ViewLayer | Updating Geometry BVH BackFill 4/7 | Building BVH
Fra:1 Mem:21.84M (Peak 43.98M) | Time:00:00.15 | Mem:2.39M, Peak:2.39M | Scene, ViewLayer | Updating Geometry BVH RightFill 6/7 | Building OptiX acceleration structure
Fra:1 Mem:21.84M (Peak 43.98M) | Time:00:00.15 | Mem:2.39M, Peak:2.39M | Scene, ViewLayer | Updating Geometry BVH 2 2/7 | Building OptiX acceleration structure
Fra:1 Mem:21.84M (Peak 43.98M) | Time:00:00.15 | Mem:3.50M, Peak:6.85M | Scene, ViewLayer | Updating Scene BVH | Building
Fra:1 Mem:21.84M (Peak 43.98M) | Time:00:00.15 | Mem:3.50M, Peak:6.85M | Scene, ViewLayer | Updating Scene BVH | Building OptiX acceleration structure
Fra:1 Mem:21.84M (Peak 43.98M) | Time:00:00.15 | Mem:3.50M, Peak:6.85M | Scene, ViewLayer | Updating Scene BVH | Copying BVH to device
Fra:1 Mem:21.84M (Peak 43.98M) | Time:00:00.15 | Mem:3.50M, Peak:6.85M | Scene, ViewLayer | Updating Mesh | Computing normals
Fra:1 Mem:23.08M (Peak 43.98M) | Time:00:00.15 | Mem:3.50M, Peak:6.85M | Scene, ViewLayer | Updating Mesh | Copying Mesh to device
Fra:1 Mem:23.08M (Peak 43.98M) | Time:00:00.15 | Mem:4.73M, Peak:6.85M | Scene, ViewLayer | Updating Objects Flags
Fra:1 Mem:23.08M (Peak 43.98M) | Time:00:00.15 | Mem:4.73M, Peak:6.85M | Scene, ViewLayer | Updating Primitive Offsets
Fra:1 Mem:23.08M (Peak 43.98M) | Time:00:00.15 | Mem:4.73M, Peak:6.85M | Scene, ViewLayer | Updating Images
Fra:1 Mem:23.08M (Peak 43.98M) | Time:00:00.15 | Mem:4.73M, Peak:6.85M | Scene, ViewLayer | Updating Images | Loading Carpet013_1K-JPG_Color.jpg
Fra:1 Mem:23.08M (Peak 43.98M) | Time:00:00.15 | Mem:4.73M, Peak:6.85M | Scene, ViewLayer | Updating Images | Loading Carpet013_1K-JPG_Roughness.jpg
Fra:1 Mem:23.08M (Peak 43.98M) | Time:00:00.15 | Mem:4.73M, Peak:6.85M | Scene, ViewLayer | Updating Images | Loading Carpet013_1K-JPG_NormalGL.jpg
Fra:1 Mem:34.09M (Peak 43.98M) | Time:00:00.17 | Mem:15.73M, Peak:15.73M | Scene, ViewLayer | Updating Camera Volume
Fra:1 Mem:34.09M (Peak 43.98M) | Time:00:00.17 | Mem:15.73M, Peak:15.73M | Scene, ViewLayer | Updating Lookup Tables
Fra:1 Mem:34.09M (Peak 43.98M) | Time:00:00.17 | Mem:15.81M, Peak:15.81M | Scene, ViewLayer | Updating Lights
Fra:1 Mem:34.09M (Peak 43.98M) | Time:00:00.17 | Mem:15.81M, Peak:15.81M | Scene, ViewLayer | Updating Lights | Computing tree
Fra:1 Mem:34.09M (Peak 43.98M) | Time:00:00.17 | Mem:15.81M, Peak:15.81M | Scene, ViewLayer | Updating Integrator
Fra:1 Mem:34.09M (Peak 43.98M) | Time:00:00.17 | Mem:15.81M, Peak:15.81M | Scene, ViewLayer | Updating Film
Fra:1 Mem:34.09M (Peak 43.98M) | Time:00:00.17 | Mem:15.73M, Peak:15.81M | Scene, ViewLayer | Updating Lookup Tables
Fra:1 Mem:34.09M (Peak 43.98M) | Time:00:00.17 | Mem:15.82M, Peak:15.82M | Scene, ViewLayer | Updating Baking
Fra:1 Mem:34.09M (Peak 43.98M) | Time:00:00.17 | Mem:15.82M, Peak:15.82M | Scene, ViewLayer | Updating Device | Writing constant memory
Fra:1 Mem:34.10M (Peak 43.98M) | Time:00:00.17 | Mem:15.82M, Peak:15.82M | Scene, ViewLayer | Loading denoising kernels (may take a few minutes the first time)
Fra:1 Mem:47.41M (Peak 47.41M) | Time:00:00.18 | Mem:1187.32M, Peak:1187.32M | Scene, ViewLayer | Sample 0/16
Fra:1 Mem:52.17M (Peak 52.17M) | Time:00:00.18 | Remaining:00:00.03 | Mem:1192.08M, Peak:1192.08M | Scene, ViewLayer | Sample 1/16
Fra:1 Mem:54.17M (Peak 57.17M) | Time:00:00.20 | Mem:1245.66M, Peak:1247.16M | Scene, ViewLayer | Sample 16/16
Fra:1 Mem:54.17M (Peak 57.17M) | Time:00:00.20 | Mem:1245.66M, Peak:1247.16M | Scene, ViewLayer | Finished
Saved: '/home/users/samahabd/triad-stimuli-pipeline/data/generated_stimuli/_verify/texture_grid/B_controlled_simple/Carpet013_1K-JPG/2.png'
Time: 00:00.25 (Saving: 00:00.00)

grid: 1 modes x 2 shapes x 2 textures = 4 cells -> /home/users/samahabd/triad-stimuli-pipeline/data/generated_stimuli/_verify/texture_grid
cycles device: GPU (OPTIX) -> NVIDIA L40S
[pose] stl=1 z=210.0 deg IoU=0.922
[1/4] mode=B_controlled_simple stl=1 texture=Carpet008_1K-JPG
[stimulus] mode=B_controlled_simple stem_seed=661863214 variant=1 texture_set=Carpet008_1K-JPG used_pbr=True
[2/4] mode=B_controlled_simple stl=1 texture=Carpet013_1K-JPG
[stimulus] mode=B_controlled_simple stem_seed=4069784284 variant=1 texture_set=Carpet013_1K-JPG used_pbr=True
cycles device: GPU (OPTIX) -> NVIDIA L40S
[pose] stl=2 z=55.0 deg IoU=0.876
[3/4] mode=B_controlled_simple stl=2 texture=Carpet008_1K-JPG
[stimulus] mode=B_controlled_simple stem_seed=661863214 variant=1 texture_set=Carpet008_1K-JPG used_pbr=True
[4/4] mode=B_controlled_simple stl=2 texture=Carpet013_1K-JPG
[stimulus] mode=B_controlled_simple stem_seed=4069784284 variant=1 texture_set=Carpet013_1K-JPG used_pbr=True
grid done: rendered=4 skipped=0 failed=0 -> /home/users/samahabd/triad-stimuli-pipeline/data/generated_stimuli/_verify/texture_grid

Blender quit
plan: 2 shapes x 2 textures x 1 modes
      4 grid cells to render (0 already on disk)
      8 packages across 2 versions = 4 trials per mode per version
      plan -> /home/users/samahabd/triad-stimuli-pipeline/data/generated_stimuli/_verify/grid_plan.json

$ STIM_GRID_PLAN=/home/users/samahabd/triad-stimuli-pipeline/data/generated_stimuli/_verify/grid_plan.json STIM_RES=256 STIM_SAMPLES=16 STIM_CYCLES_DEVICE=OPTIX STIM_USE_IMAGE_TEXTURES=1 bash ./run_blender.sh -b -P render_texture_grid.py
assemble: 4 packages -> stimuli_unique_texture_per_stl_v1/stimuli_B_controlled_simple
assemble: 4 packages -> stimuli_unique_texture_per_stl_v2/stimuli_B_controlled_simple
manifest: 4 rows -> stimuli_unique_texture_per_stl_v1/stimuli_B_controlled_simple/manifest.csv
manifest: 4 rows -> stimuli_unique_texture_per_stl_v1/combined_benchmark_manifest.csv
manifest: 4 rows -> stimuli_unique_texture_per_stl_v2/stimuli_B_controlled_simple/manifest.csv
manifest: 4 rows -> stimuli_unique_texture_per_stl_v2/combined_benchmark_manifest.csv

All requested stages complete.
=== render_stimuli.py path ===
Blender 4.5.0 (hash 8cb6b388974a built 2025-07-15 01:36:28)
Timer 'STL Import' took 3.85 ms
Fra:1 Mem:10.79M (Peak 10.79M) | Time:00:00.14 | Mem:0.00M, Peak:0.00M | Scene, ViewLayer | Synchronizing object | 1
Fra:1 Mem:10.79M (Peak 10.79M) | Time:00:00.14 | Mem:0.00M, Peak:0.00M | Scene, ViewLayer | Synchronizing object | BackFill
Fra:1 Mem:10.85M (Peak 10.85M) | Time:00:00.14 | Mem:0.00M, Peak:0.00M | Scene, ViewLayer | Synchronizing object | TopSoft
Fra:1 Mem:11.21M (Peak 11.21M) | Time:00:00.14 | Mem:0.00M, Peak:0.00M | Scene, ViewLayer | Initializing
Fra:1 Mem:10.97M (Peak 11.21M) | Time:00:00.14 | Mem:0.00M, Peak:0.00M | Scene, ViewLayer | Waiting for render to start
Fra:1 Mem:10.97M (Peak 11.21M) | Time:00:00.14 | Mem:0.00M, Peak:0.00M | Scene, ViewLayer | Updating Scene
Fra:1 Mem:10.97M (Peak 11.21M) | Time:00:00.14 | Mem:0.00M, Peak:0.00M | Scene, ViewLayer | Updating Shaders
Fra:1 Mem:11.05M (Peak 11.21M) | Time:00:00.14 | Mem:0.00M, Peak:0.00M | Scene, ViewLayer | Loading render kernels (may take a few minutes the first time)
Fra:1 Mem:11.05M (Peak 38.21M) | Time:00:00.21 | Mem:0.01M, Peak:0.01M | Scene, ViewLayer | Updating Procedurals
Fra:1 Mem:11.05M (Peak 38.21M) | Time:00:00.21 | Mem:0.01M, Peak:0.01M | Scene, ViewLayer | Updating Background
Fra:1 Mem:11.05M (Peak 38.21M) | Time:00:00.21 | Mem:0.01M, Peak:0.01M | Scene, ViewLayer | Updating Camera
Fra:1 Mem:11.05M (Peak 38.21M) | Time:00:00.21 | Mem:0.01M, Peak:0.01M | Scene, ViewLayer | Updating Meshes Flags
Fra:1 Mem:11.05M (Peak 38.21M) | Time:00:00.21 | Mem:0.01M, Peak:0.01M | Scene, ViewLayer | Updating Objects
Fra:1 Mem:11.05M (Peak 38.21M) | Time:00:00.21 | Mem:0.01M, Peak:0.01M | Scene, ViewLayer | Updating Objects | Copying Transformations to device
Fra:1 Mem:11.05M (Peak 38.21M) | Time:00:00.21 | Mem:0.01M, Peak:0.01M | Scene, ViewLayer | Updating Particle Systems
Fra:1 Mem:11.05M (Peak 38.21M) | Time:00:00.21 | Mem:0.01M, Peak:0.01M | Scene, ViewLayer | Updating Particle Systems | Copying Particles to device
Fra:1 Mem:11.05M (Peak 38.21M) | Time:00:00.21 | Mem:0.01M, Peak:0.01M | Scene, ViewLayer | Updating Meshes
Fra:1 Mem:11.05M (Peak 38.21M) | Time:00:00.21 | Mem:0.01M, Peak:0.01M | Scene, ViewLayer | Updating Objects | Applying Static Transformations
Fra:1 Mem:11.05M (Peak 38.21M) | Time:00:00.21 | Mem:0.01M, Peak:0.01M | Scene, ViewLayer | Updating Mesh | Computing attributes
Fra:1 Mem:11.08M (Peak 38.21M) | Time:00:00.21 | Mem:0.01M, Peak:0.01M | Scene, ViewLayer | Updating Mesh | Copying Attributes to device
Fra:1 Mem:11.08M (Peak 38.21M) | Time:00:00.21 | Mem:0.04M, Peak:0.04M | Scene, ViewLayer | Updating Geometry BVH light 8/7 | Building BVH
Fra:1 Mem:11.08M (Peak 38.21M) | Time:00:00.21 | Mem:0.04M, Peak:0.04M | Scene, ViewLayer | Updating Geometry BVH light 8/7 | Building OptiX acceleration structure
Fra:1 Mem:11.08M (Peak 38.21M) | Time:00:00.21 | Mem:0.04M, Peak:0.04M | Scene, ViewLayer | Updating Geometry BVH TopSoft 7/7 | Building BVH
Fra:1 Mem:11.08M (Peak 38.21M) | Time:00:00.21 | Mem:0.04M, Peak:0.04M | Scene, ViewLayer | Updating Geometry BVH BackFill 4/7 | Building BVH
Fra:1 Mem:11.08M (Peak 38.21M) | Time:00:00.21 | Mem:0.04M, Peak:0.04M | Scene, ViewLayer | Updating Geometry BVH LeftFill 5/7 | Building OptiX acceleration structure
Fra:1 Mem:11.08M (Peak 38.21M) | Time:00:00.21 | Mem:0.15M, Peak:0.51M | Scene, ViewLayer | Updating Scene BVH | Building
Fra:1 Mem:11.08M (Peak 38.21M) | Time:00:00.21 | Mem:0.15M, Peak:0.51M | Scene, ViewLayer | Updating Scene BVH | Building OptiX acceleration structure
Fra:1 Mem:11.08M (Peak 38.21M) | Time:00:00.21 | Mem:0.15M, Peak:0.51M | Scene, ViewLayer | Updating Scene BVH | Copying BVH to device
Fra:1 Mem:11.08M (Peak 38.21M) | Time:00:00.21 | Mem:0.15M, Peak:0.51M | Scene, ViewLayer | Updating Mesh | Computing normals
Fra:1 Mem:11.21M (Peak 38.21M) | Time:00:00.21 | Mem:0.15M, Peak:0.51M | Scene, ViewLayer | Updating Mesh | Copying Mesh to device
Fra:1 Mem:11.21M (Peak 38.21M) | Time:00:00.21 | Mem:0.29M, Peak:0.51M | Scene, ViewLayer | Updating Objects Flags
Fra:1 Mem:11.21M (Peak 38.21M) | Time:00:00.21 | Mem:0.29M, Peak:0.51M | Scene, ViewLayer | Updating Primitive Offsets
Fra:1 Mem:11.21M (Peak 38.21M) | Time:00:00.21 | Mem:0.29M, Peak:0.51M | Scene, ViewLayer | Updating Images
Fra:1 Mem:11.21M (Peak 38.21M) | Time:00:00.21 | Mem:0.29M, Peak:0.51M | Scene, ViewLayer | Updating Camera Volume
Fra:1 Mem:11.21M (Peak 38.21M) | Time:00:00.21 | Mem:0.29M, Peak:0.51M | Scene, ViewLayer | Updating Lookup Tables
Fra:1 Mem:11.21M (Peak 38.21M) | Time:00:00.21 | Mem:0.37M, Peak:0.51M | Scene, ViewLayer | Updating Lights
Fra:1 Mem:11.21M (Peak 38.21M) | Time:00:00.21 | Mem:0.37M, Peak:0.51M | Scene, ViewLayer | Updating Lights | Computing tree
Fra:1 Mem:11.21M (Peak 38.21M) | Time:00:00.21 | Mem:0.37M, Peak:0.51M | Scene, ViewLayer | Updating Integrator
Fra:1 Mem:11.21M (Peak 38.21M) | Time:00:00.21 | Mem:0.37M, Peak:0.51M | Scene, ViewLayer | Updating Film
Fra:1 Mem:11.22M (Peak 38.21M) | Time:00:00.21 | Mem:0.29M, Peak:0.51M | Scene, ViewLayer | Updating Lookup Tables
Fra:1 Mem:11.22M (Peak 38.21M) | Time:00:00.21 | Mem:0.37M, Peak:0.51M | Scene, ViewLayer | Updating Baking
Fra:1 Mem:11.22M (Peak 38.21M) | Time:00:00.21 | Mem:0.37M, Peak:0.51M | Scene, ViewLayer | Updating Device | Writing constant memory
Fra:1 Mem:11.22M (Peak 38.21M) | Time:00:00.21 | Mem:0.37M, Peak:0.51M | Scene, ViewLayer | Loading denoising kernels (may take a few minutes the first time)
Fra:1 Mem:24.54M (Peak 38.21M) | Time:00:00.21 | Mem:1171.88M, Peak:1171.88M | Scene, ViewLayer | Sample 0/8
Fra:1 Mem:29.29M (Peak 38.21M) | Time:00:00.22 | Remaining:00:00.01 | Mem:1176.63M, Peak:1176.63M | Scene, ViewLayer | Sample 1/8
Fra:1 Mem:31.29M (Peak 38.21M) | Time:00:00.24 | Mem:1230.20M, Peak:1231.70M | Scene, ViewLayer | Sample 8/8
Fra:1 Mem:31.29M (Peak 38.21M) | Time:00:00.24 | Mem:1230.20M, Peak:1231.70M | Scene, ViewLayer | Finished
Saved: '/tmp/pose_1_4tdt9bkv/probe.png'
Time: 00:00.30 (Saving: 00:00.02)

Fra:1 Mem:11.01M (Peak 11.01M) | Time:00:00.04 | Mem:0.00M, Peak:0.00M | Scene, ViewLayer | Synchronizing object | 1
Fra:1 Mem:11.02M (Peak 11.02M) | Time:00:00.04 | Mem:0.00M, Peak:0.00M | Scene, ViewLayer | Synchronizing object | LeftFill
Fra:1 Mem:11.13M (Peak 11.13M) | Time:00:00.04 | Mem:0.00M, Peak:0.00M | Scene, ViewLayer | Synchronizing object | TopSoft
Fra:1 Mem:11.21M (Peak 11.21M) | Time:00:00.04 | Mem:0.00M, Peak:0.00M | Scene, ViewLayer | Initializing
Fra:1 Mem:10.97M (Peak 11.21M) | Time:00:00.04 | Mem:0.00M, Peak:0.00M | Scene, ViewLayer | Waiting for render to start
Fra:1 Mem:10.97M (Peak 11.21M) | Time:00:00.04 | Mem:0.00M, Peak:0.00M | Scene, ViewLayer | Updating Scene
Fra:1 Mem:10.97M (Peak 11.21M) | Time:00:00.04 | Mem:0.00M, Peak:0.00M | Scene, ViewLayer | Updating Shaders
Fra:1 Mem:11.05M (Peak 11.21M) | Time:00:00.04 | Mem:0.00M, Peak:0.00M | Scene, ViewLayer | Loading render kernels (may take a few minutes the first time)
Fra:1 Mem:11.05M (Peak 38.21M) | Time:00:00.10 | Mem:0.01M, Peak:0.01M | Scene, ViewLayer | Updating Procedurals
Fra:1 Mem:11.05M (Peak 38.21M) | Time:00:00.10 | Mem:0.01M, Peak:0.01M | Scene, ViewLayer | Updating Background
Fra:1 Mem:11.05M (Peak 38.21M) | Time:00:00.10 | Mem:0.01M, Peak:0.01M | Scene, ViewLayer | Updating Camera
Fra:1 Mem:11.05M (Peak 38.21M) | Time:00:00.10 | Mem:0.01M, Peak:0.01M | Scene, ViewLayer | Updating Meshes Flags
Fra:1 Mem:11.05M (Peak 38.21M) | Time:00:00.10 | Mem:0.01M, Peak:0.01M | Scene, ViewLayer | Updating Objects
Fra:1 Mem:11.05M (Peak 38.21M) | Time:00:00.10 | Mem:0.01M, Peak:0.01M | Scene, ViewLayer | Updating Objects | Copying Transformations to device
Fra:1 Mem:11.05M (Peak 38.21M) | Time:00:00.10 | Mem:0.01M, Peak:0.01M | Scene, ViewLayer | Updating Particle Systems
Fra:1 Mem:11.05M (Peak 38.21M) | Time:00:00.10 | Mem:0.01M, Peak:0.01M | Scene, ViewLayer | Updating Particle Systems | Copying Particles to device
Fra:1 Mem:11.05M (Peak 38.21M) | Time:00:00.10 | Mem:0.01M, Peak:0.01M | Scene, ViewLayer | Updating Meshes
Fra:1 Mem:11.05M (Peak 38.21M) | Time:00:00.10 | Mem:0.01M, Peak:0.01M | Scene, ViewLayer | Updating Objects | Applying Static Transformations
Fra:1 Mem:11.05M (Peak 38.21M) | Time:00:00.10 | Mem:0.01M, Peak:0.01M | Scene, ViewLayer | Updating Mesh | Computing attributes
Fra:1 Mem:11.08M (Peak 38.21M) | Time:00:00.10 | Mem:0.01M, Peak:0.01M | Scene, ViewLayer | Updating Mesh | Copying Attributes to device
Fra:1 Mem:11.08M (Peak 38.21M) | Time:00:00.10 | Mem:0.04M, Peak:0.04M | Scene, ViewLayer | Updating Geometry BVH light 8/7 | Building BVH
Fra:1 Mem:11.08M (Peak 38.21M) | Time:00:00.10 | Mem:0.04M, Peak:0.04M | Scene, ViewLayer | Updating Geometry BVH light 8/7 | Building OptiX acceleration structure
Fra:1 Mem:11.08M (Peak 38.21M) | Time:00:00.10 | Mem:0.04M, Peak:0.04M | Scene, ViewLayer | Updating Geometry BVH TopSoft 7/7 | Building BVH
Fra:1 Mem:11.08M (Peak 38.21M) | Time:00:00.10 | Mem:0.04M, Peak:0.04M | Scene, ViewLayer | Updating Geometry BVH TopSoft 7/7 | Building OptiX acceleration structure
Fra:1 Mem:11.08M (Peak 38.21M) | Time:00:00.10 | Mem:0.04M, Peak:0.04M | Scene, ViewLayer | Updating Geometry BVH FrontKey 3/7 | Building BVH
Fra:1 Mem:11.08M (Peak 38.21M) | Time:00:00.10 | Mem:0.04M, Peak:0.04M | Scene, ViewLayer | Updating Geometry BVH RightFill 6/7 | Building BVH
Fra:1 Mem:11.08M (Peak 38.21M) | Time:00:00.10 | Mem:0.04M, Peak:0.04M | Scene, ViewLayer | Updating Geometry BVH RightFill 6/7 | Building OptiX acceleration structure
Fra:1 Mem:11.08M (Peak 38.21M) | Time:00:00.10 | Mem:0.16M, Peak:0.52M | Scene, ViewLayer | Updating Scene BVH | Building
Fra:1 Mem:11.08M (Peak 38.21M) | Time:00:00.10 | Mem:0.16M, Peak:0.52M | Scene, ViewLayer | Updating Scene BVH | Building OptiX acceleration structure
Fra:1 Mem:11.08M (Peak 38.21M) | Time:00:00.10 | Mem:0.16M, Peak:0.52M | Scene, ViewLayer | Updating Scene BVH | Copying BVH to device
Fra:1 Mem:11.08M (Peak 38.21M) | Time:00:00.10 | Mem:0.16M, Peak:0.52M | Scene, ViewLayer | Updating Mesh | Computing normals
Fra:1 Mem:11.21M (Peak 38.21M) | Time:00:00.10 | Mem:0.16M, Peak:0.52M | Scene, ViewLayer | Updating Mesh | Copying Mesh to device
Fra:1 Mem:11.21M (Peak 38.21M) | Time:00:00.10 | Mem:0.29M, Peak:0.52M | Scene, ViewLayer | Updating Objects Flags
Fra:1 Mem:11.21M (Peak 38.21M) | Time:00:00.10 | Mem:0.29M, Peak:0.52M | Scene, ViewLayer | Updating Primitive Offsets
Fra:1 Mem:11.21M (Peak 38.21M) | Time:00:00.10 | Mem:0.29M, Peak:0.52M | Scene, ViewLayer | Updating Images
Fra:1 Mem:11.21M (Peak 38.21M) | Time:00:00.10 | Mem:0.29M, Peak:0.52M | Scene, ViewLayer | Updating Camera Volume
Fra:1 Mem:11.21M (Peak 38.21M) | Time:00:00.10 | Mem:0.29M, Peak:0.52M | Scene, ViewLayer | Updating Lookup Tables
Fra:1 Mem:11.21M (Peak 38.21M) | Time:00:00.10 | Mem:0.37M, Peak:0.52M | Scene, ViewLayer | Updating Lights
Fra:1 Mem:11.21M (Peak 38.21M) | Time:00:00.10 | Mem:0.37M, Peak:0.52M | Scene, ViewLayer | Updating Lights | Computing tree
Fra:1 Mem:11.21M (Peak 38.21M) | Time:00:00.10 | Mem:0.37M, Peak:0.52M | Scene, ViewLayer | Updating Integrator
Fra:1 Mem:11.21M (Peak 38.21M) | Time:00:00.10 | Mem:0.37M, Peak:0.52M | Scene, ViewLayer | Updating Film
Fra:1 Mem:11.22M (Peak 38.21M) | Time:00:00.10 | Mem:0.29M, Peak:0.52M | Scene, ViewLayer | Updating Lookup Tables
Fra:1 Mem:11.22M (Peak 38.21M) | Time:00:00.10 | Mem:0.38M, Peak:0.52M | Scene, ViewLayer | Updating Baking
Fra:1 Mem:11.22M (Peak 38.21M) | Time:00:00.10 | Mem:0.38M, Peak:0.52M | Scene, ViewLayer | Updating Device | Writing constant memory
Fra:1 Mem:11.22M (Peak 38.21M) | Time:00:00.10 | Mem:0.38M, Peak:0.52M | Scene, ViewLayer | Loading denoising kernels (may take a few minutes the first time)
Fra:1 Mem:24.54M (Peak 38.21M) | Time:00:00.11 | Mem:1171.88M, Peak:1171.88M | Scene, ViewLayer | Sample 0/8
Fra:1 Mem:29.29M (Peak 38.21M) | Time:00:00.11 | Remaining:00:00.01 | Mem:1176.63M, Peak:1176.63M | Scene, ViewLayer | Sample 1/8
Fra:1 Mem:31.29M (Peak 38.21M) | Time:00:00.13 | Mem:1230.21M, Peak:1231.71M | Scene, ViewLayer | Sample 8/8
Fra:1 Mem:31.29M (Peak 38.21M) | Time:00:00.13 | Mem:1230.21M, Peak:1231.71M | Scene, ViewLayer | Finished
Saved: '/tmp/pose_1_4tdt9bkv/probe.png'
Time: 00:00.17 (Saving: 00:00.00)

Fra:1 Mem:11.01M (Peak 11.01M) | Time:00:00.04 | Mem:0.00M, Peak:0.00M | Scene, ViewLayer | Synchronizing object | 1
Fra:1 Mem:11.02M (Peak 11.02M) | Time:00:00.04 | Mem:0.00M, Peak:0.00M | Scene, ViewLayer | Synchronizing object | BackFill
Fra:1 Mem:11.02M (Peak 11.02M) | Time:00:00.04 | Mem:0.00M, Peak:0.00M | Scene, ViewLayer | Synchronizing object | TopSoft
Fra:1 Mem:11.21M (Peak 11.21M) | Time:00:00.04 | Mem:0.00M, Peak:0.00M | Scene, ViewLayer | Initializing
Fra:1 Mem:10.97M (Peak 11.21M) | Time:00:00.04 | Mem:0.00M, Peak:0.00M | Scene, ViewLayer | Waiting for render to start
Fra:1 Mem:10.97M (Peak 11.21M) | Time:00:00.04 | Mem:0.00M, Peak:0.00M | Scene, ViewLayer | Updating Scene
Fra:1 Mem:10.97M (Peak 11.21M) | Time:00:00.04 | Mem:0.00M, Peak:0.00M | Scene, ViewLayer | Updating Shaders
Fra:1 Mem:11.05M (Peak 11.21M) | Time:00:00.04 | Mem:0.00M, Peak:0.00M | Scene, ViewLayer | Loading render kernels (may take a few minutes the first time)
Fra:1 Mem:11.05M (Peak 38.21M) | Time:00:00.10 | Mem:0.01M, Peak:0.01M | Scene, ViewLayer | Updating Procedurals
Fra:1 Mem:11.05M (Peak 38.21M) | Time:00:00.10 | Mem:0.01M, Peak:0.01M | Scene, ViewLayer | Updating Background
Fra:1 Mem:11.05M (Peak 38.21M) | Time:00:00.10 | Mem:0.01M, Peak:0.01M | Scene, ViewLayer | Updating Camera
Fra:1 Mem:11.05M (Peak 38.21M) | Time:00:00.10 | Mem:0.01M, Peak:0.01M | Scene, ViewLayer | Updating Meshes Flags
Fra:1 Mem:11.05M (Peak 38.21M) | Time:00:00.10 | Mem:0.01M, Peak:0.01M | Scene, ViewLayer | Updating Objects
Fra:1 Mem:11.05M (Peak 38.21M) | Time:00:00.10 | Mem:0.01M, Peak:0.01M | Scene, ViewLayer | Updating Objects | Copying Transformations to device
Fra:1 Mem:11.05M (Peak 38.21M) | Time:00:00.10 | Mem:0.01M, Peak:0.01M | Scene, ViewLayer | Updating Particle Systems
Fra:1 Mem:11.05M (Peak 38.21M) | Time:00:00.10 | Mem:0.01M, Peak:0.01M | Scene, ViewLayer | Updating Particle Systems | Copying Particles to device
Fra:1 Mem:11.05M (Peak 38.21M) | Time:00:00.10 | Mem:0.01M, Peak:0.01M | Scene, ViewLayer | Updating Meshes
Fra:1 Mem:11.05M (Peak 38.21M) | Time:00:00.10 | Mem:0.01M, Peak:0.01M | Scene, ViewLayer | Updating Objects | Applying Static Transformations
Fra:1 Mem:11.05M (Peak 38.21M) | Time:00:00.10 | Mem:0.01M, Peak:0.01M | Scene, ViewLayer | Updating Mesh | Computing attributes
Fra:1 Mem:11.08M (Peak 38.21M) | Time:00:00.10 | Mem:0.01M, Peak:0.01M | Scene, ViewLayer | Updating Mesh | Copying Attributes to device
Fra:1 Mem:11.08M (Peak 38.21M) | Time:00:00.10 | Mem:0.04M, Peak:0.04M | Scene, ViewLayer | Updating Geometry BVH light 8/7 | Building BVH
Fra:1 Mem:11.08M (Peak 38.21M) | Time:00:00.10 | Mem:0.04M, Peak:0.04M | Scene, ViewLayer | Updating Geometry BVH light 8/7 | Building OptiX acceleration structure
Fra:1 Mem:11.08M (Peak 38.21M) | Time:00:00.10 | Mem:0.04M, Peak:0.04M | Scene, ViewLayer | Updating Geometry BVH TopSoft 7/7 | Building BVH
Fra:1 Mem:11.08M (Peak 38.21M) | Time:00:00.10 | Mem:0.04M, Peak:0.04M | Scene, ViewLayer | Updating Geometry BVH TopSoft 7/7 | Building OptiX acceleration structure
Fra:1 Mem:11.08M (Peak 38.21M) | Time:00:00.10 | Mem:0.04M, Peak:0.04M | Scene, ViewLayer | Updating Geometry BVH FrontKey 3/7 | Building BVH
Fra:1 Mem:11.08M (Peak 38.21M) | Time:00:00.10 | Mem:0.04M, Peak:0.04M | Scene, ViewLayer | Updating Geometry BVH BackFill 4/7 | Building OptiX acceleration structure
Fra:1 Mem:11.08M (Peak 38.21M) | Time:00:00.10 | Mem:0.16M, Peak:0.52M | Scene, ViewLayer | Updating Scene BVH | Building
Fra:1 Mem:11.08M (Peak 38.21M) | Time:00:00.10 | Mem:0.16M, Peak:0.52M | Scene, ViewLayer | Updating Scene BVH | Building OptiX acceleration structure
Fra:1 Mem:11.08M (Peak 38.21M) | Time:00:00.10 | Mem:0.16M, Peak:0.52M | Scene, ViewLayer | Updating Scene BVH | Copying BVH to device
Fra:1 Mem:11.08M (Peak 38.21M) | Time:00:00.10 | Mem:0.16M, Peak:0.52M | Scene, ViewLayer | Updating Mesh | Computing normals
Fra:1 Mem:11.21M (Peak 38.21M) | Time:00:00.10 | Mem:0.16M, Peak:0.52M | Scene, ViewLayer | Updating Mesh | Copying Mesh to device
Fra:1 Mem:11.21M (Peak 38.21M) | Time:00:00.10 | Mem:0.29M, Peak:0.52M | Scene, ViewLayer | Updating Objects Flags
Fra:1 Mem:11.21M (Peak 38.21M) | Time:00:00.10 | Mem:0.29M, Peak:0.52M | Scene, ViewLayer | Updating Primitive Offsets
Fra:1 Mem:11.21M (Peak 38.21M) | Time:00:00.10 | Mem:0.29M, Peak:0.52M | Scene, ViewLayer | Updating Images
Fra:1 Mem:11.21M (Peak 38.21M) | Time:00:00.10 | Mem:0.29M, Peak:0.52M | Scene, ViewLayer | Updating Camera Volume
Fra:1 Mem:11.21M (Peak 38.21M) | Time:00:00.10 | Mem:0.29M, Peak:0.52M | Scene, ViewLayer | Updating Lookup Tables
Fra:1 Mem:11.21M (Peak 38.21M) | Time:00:00.10 | Mem:0.37M, Peak:0.52M | Scene, ViewLayer | Updating Lights
Fra:1 Mem:11.21M (Peak 38.21M) | Time:00:00.10 | Mem:0.37M, Peak:0.52M | Scene, ViewLayer | Updating Lights | Computing tree
Fra:1 Mem:11.21M (Peak 38.21M) | Time:00:00.10 | Mem:0.37M, Peak:0.52M | Scene, ViewLayer | Updating Integrator
Fra:1 Mem:11.21M (Peak 38.21M) | Time:00:00.10 | Mem:0.37M, Peak:0.52M | Scene, ViewLayer | Updating Film
Fra:1 Mem:11.22M (Peak 38.21M) | Time:00:00.10 | Mem:0.29M, Peak:0.52M | Scene, ViewLayer | Updating Lookup Tables
Fra:1 Mem:11.22M (Peak 38.21M) | Time:00:00.10 | Mem:0.38M, Peak:0.52M | Scene, ViewLayer | Updating Baking
Fra:1 Mem:11.22M (Peak 38.21M) | Time:00:00.10 | Mem:0.38M, Peak:0.52M | Scene, ViewLayer | Updating Device | Writing constant memory
Fra:1 Mem:11.22M (Peak 38.21M) | Time:00:00.10 | Mem:0.38M, Peak:0.52M | Scene, ViewLayer | Loading denoising kernels (may take a few minutes the first time)
Fra:1 Mem:24.54M (Peak 38.21M) | Time:00:00.11 | Mem:1171.88M, Peak:1171.88M | Scene, ViewLayer | Sample 0/8
Fra:1 Mem:29.29M (Peak 38.21M) | Time:00:00.11 | Remaining:00:00.01 | Mem:1176.63M, Peak:1176.63M | Scene, ViewLayer | Sample 1/8
Fra:1 Mem:31.29M (Peak 38.21M) | Time:00:00.13 | Mem:1230.21M, Peak:1231.71M | Scene, ViewLayer | Sample 8/8
Fra:1 Mem:31.29M (Peak 38.21M) | Time:00:00.13 | Mem:1230.21M, Peak:1231.71M | Scene, ViewLayer | Finished
Saved: '/tmp/pose_1_4tdt9bkv/probe.png'
Time: 00:00.17 (Saving: 00:00.00)

Fra:1 Mem:11.01M (Peak 11.01M) | Time:00:00.03 | Mem:0.00M, Peak:0.00M | Scene, ViewLayer | Synchronizing object | 1
Fra:1 Mem:11.02M (Peak 11.02M) | Time:00:00.03 | Mem:0.00M, Peak:0.00M | Scene, ViewLayer | Synchronizing object | FrontKey
Fra:1 Mem:11.02M (Peak 11.02M) | Time:00:00.03 | Mem:0.00M, Peak:0.00M | Scene, ViewLayer | Synchronizing object | RightFill
Fra:1 Mem:11.13M (Peak 11.13M) | Time:00:00.03 | Mem:0.00M, Peak:0.00M | Scene, ViewLayer | Synchronizing object | TopSoft
Fra:1 Mem:11.21M (Peak 11.21M) | Time:00:00.03 | Mem:0.00M, Peak:0.00M | Scene, ViewLayer | Initializing
Fra:1 Mem:10.97M (Peak 11.21M) | Time:00:00.04 | Mem:0.00M, Peak:0.00M | Scene, ViewLayer | Waiting for render to start
Fra:1 Mem:10.97M (Peak 11.21M) | Time:00:00.04 | Mem:0.00M, Peak:0.00M | Scene, ViewLayer | Updating Scene
Fra:1 Mem:10.97M (Peak 11.21M) | Time:00:00.04 | Mem:0.00M, Peak:0.00M | Scene, ViewLayer | Updating Shaders
Fra:1 Mem:11.05M (Peak 11.21M) | Time:00:00.04 | Mem:0.00M, Peak:0.00M | Scene, ViewLayer | Loading render kernels (may take a few minutes the first time)
Fra:1 Mem:11.05M (Peak 38.21M) | Time:00:00.10 | Mem:0.01M, Peak:0.01M | Scene, ViewLayer | Updating Procedurals
Fra:1 Mem:11.05M (Peak 38.21M) | Time:00:00.10 | Mem:0.01M, Peak:0.01M | Scene, ViewLayer | Updating Background
Fra:1 Mem:11.05M (Peak 38.21M) | Time:00:00.10 | Mem:0.01M, Peak:0.01M | Scene, ViewLayer | Updating Camera
Fra:1 Mem:11.05M (Peak 38.21M) | Time:00:00.10 | Mem:0.01M, Peak:0.01M | Scene, ViewLayer | Updating Meshes Flags
Fra:1 Mem:11.05M (Peak 38.21M) | Time:00:00.10 | Mem:0.01M, Peak:0.01M | Scene, ViewLayer | Updating Objects
Fra:1 Mem:11.05M (Peak 38.21M) | Time:00:00.10 | Mem:0.01M, Peak:0.01M | Scene, ViewLayer | Updating Objects | Copying Transformations to device
Fra:1 Mem:11.05M (Peak 38.21M) | Time:00:00.10 | Mem:0.01M, Peak:0.01M | Scene, ViewLayer | Updating Particle Systems
Fra:1 Mem:11.05M (Peak 38.21M) | Time:00:00.10 | Mem:0.01M, Peak:0.01M | Scene, ViewLayer | Updating Particle Systems | Copying Particles to device
Fra:1 Mem:11.05M (Peak 38.21M) | Time:00:00.10 | Mem:0.01M, Peak:0.01M | Scene, ViewLayer | Updating Meshes
Fra:1 Mem:11.05M (Peak 38.21M) | Time:00:00.10 | Mem:0.01M, Peak:0.01M | Scene, ViewLayer | Updating Objects | Applying Static Transformations
Fra:1 Mem:11.05M (Peak 38.21M) | Time:00:00.10 | Mem:0.01M, Peak:0.01M | Scene, ViewLayer | Updating Mesh | Computing attributes
Fra:1 Mem:11.08M (Peak 38.21M) | Time:00:00.10 | Mem:0.01M, Peak:0.01M | Scene, ViewLayer | Updating Mesh | Copying Attributes to device
Fra:1 Mem:11.08M (Peak 38.21M) | Time:00:00.10 | Mem:0.04M, Peak:0.04M | Scene, ViewLayer | Updating Geometry BVH light 8/7 | Building BVH
Fra:1 Mem:11.08M (Peak 38.21M) | Time:00:00.10 | Mem:0.04M, Peak:0.04M | Scene, ViewLayer | Updating Geometry BVH light 8/7 | Building OptiX acceleration structure
Fra:1 Mem:11.08M (Peak 38.21M) | Time:00:00.10 | Mem:0.04M, Peak:0.04M | Scene, ViewLayer | Updating Geometry BVH TopSoft 7/7 | Building BVH
Fra:1 Mem:11.08M (Peak 38.21M) | Time:00:00.10 | Mem:0.04M, Peak:0.04M | Scene, ViewLayer | Updating Geometry BVH TopSoft 7/7 | Building OptiX acceleration structure
Fra:1 Mem:11.08M (Peak 38.21M) | Time:00:00.10 | Mem:0.04M, Peak:0.04M | Scene, ViewLayer | Updating Geometry BVH 1 2/7 | Building BVH
Fra:1 Mem:11.08M (Peak 38.21M) | Time:00:00.10 | Mem:0.04M, Peak:0.04M | Scene, ViewLayer | Updating Geometry BVH LeftFill 5/7 | Building OptiX acceleration structure
Fra:1 Mem:11.08M (Peak 38.21M) | Time:00:00.10 | Mem:0.15M, Peak:0.51M | Scene, ViewLayer | Updating Scene BVH | Building
Fra:1 Mem:11.08M (Peak 38.21M) | Time:00:00.10 | Mem:0.15M, Peak:0.51M | Scene, ViewLayer | Updating Scene BVH | Building OptiX acceleration structure
Fra:1 Mem:11.08M (Peak 38.21M) | Time:00:00.10 | Mem:0.15M, Peak:0.51M | Scene, ViewLayer | Updating Scene BVH | Copying BVH to device
Fra:1 Mem:11.08M (Peak 38.21M) | Time:00:00.10 | Mem:0.15M, Peak:0.51M | Scene, ViewLayer | Updating Mesh | Computing normals
Fra:1 Mem:11.21M (Peak 38.21M) | Time:00:00.10 | Mem:0.15M, Peak:0.51M | Scene, ViewLayer | Updating Mesh | Copying Mesh to device
Fra:1 Mem:11.21M (Peak 38.21M) | Time:00:00.10 | Mem:0.29M, Peak:0.51M | Scene, ViewLayer | Updating Objects Flags
Fra:1 Mem:11.21M (Peak 38.21M) | Time:00:00.10 | Mem:0.29M, Peak:0.51M | Scene, ViewLayer | Updating Primitive Offsets
Fra:1 Mem:11.21M (Peak 38.21M) | Time:00:00.10 | Mem:0.29M, Peak:0.51M | Scene, ViewLayer | Updating Images
Fra:1 Mem:11.21M (Peak 38.21M) | Time:00:00.10 | Mem:0.29M, Peak:0.51M | Scene, ViewLayer | Updating Camera Volume
Fra:1 Mem:11.21M (Peak 38.21M) | Time:00:00.10 | Mem:0.29M, Peak:0.51M | Scene, ViewLayer | Updating Lookup Tables
Fra:1 Mem:11.21M (Peak 38.21M) | Time:00:00.10 | Mem:0.37M, Peak:0.51M | Scene, ViewLayer | Updating Lights
Fra:1 Mem:11.21M (Peak 38.21M) | Time:00:00.10 | Mem:0.37M, Peak:0.51M | Scene, ViewLayer | Updating Lights | Computing tree
Fra:1 Mem:11.21M (Peak 38.21M) | Time:00:00.10 | Mem:0.37M, Peak:0.51M | Scene, ViewLayer | Updating Integrator
Fra:1 Mem:11.21M (Peak 38.21M) | Time:00:00.10 | Mem:0.37M, Peak:0.51M | Scene, ViewLayer | Updating Film
Fra:1 Mem:11.22M (Peak 38.21M) | Time:00:00.10 | Mem:0.29M, Peak:0.51M | Scene, ViewLayer | Updating Lookup Tables
Fra:1 Mem:11.22M (Peak 38.21M) | Time:00:00.10 | Mem:0.37M, Peak:0.51M | Scene, ViewLayer | Updating Baking
Fra:1 Mem:11.22M (Peak 38.21M) | Time:00:00.10 | Mem:0.37M, Peak:0.51M | Scene, ViewLayer | Updating Device | Writing constant memory
Fra:1 Mem:11.22M (Peak 38.21M) | Time:00:00.10 | Mem:0.37M, Peak:0.51M | Scene, ViewLayer | Loading denoising kernels (may take a few minutes the first time)
Fra:1 Mem:24.54M (Peak 38.21M) | Time:00:00.10 | Mem:1171.88M, Peak:1171.88M | Scene, ViewLayer | Sample 0/8
Fra:1 Mem:29.29M (Peak 38.21M) | Time:00:00.11 | Remaining:00:00.01 | Mem:1176.63M, Peak:1176.63M | Scene, ViewLayer | Sample 1/8
Fra:1 Mem:31.29M (Peak 38.21M) | Time:00:00.12 | Mem:1230.20M, Peak:1231.70M | Scene, ViewLayer | Sample 8/8
Fra:1 Mem:31.29M (Peak 38.21M) | Time:00:00.12 | Mem:1230.20M, Peak:1231.70M | Scene, ViewLayer | Finished
Saved: '/tmp/pose_1_4tdt9bkv/probe.png'
Time: 00:00.17 (Saving: 00:00.00)

Fra:1 Mem:11.01M (Peak 11.01M) | Time:00:00.04 | Mem:0.00M, Peak:0.00M | Scene, ViewLayer | Synchronizing object | 1
Fra:1 Mem:11.02M (Peak 11.02M) | Time:00:00.04 | Mem:0.00M, Peak:0.00M | Scene, ViewLayer | Synchronizing object | BackFill
Fra:1 Mem:11.02M (Peak 11.02M) | Time:00:00.04 | Mem:0.00M, Peak:0.00M | Scene, ViewLayer | Synchronizing object | TopSoft
Fra:1 Mem:11.21M (Peak 11.21M) | Time:00:00.04 | Mem:0.00M, Peak:0.00M | Scene, ViewLayer | Initializing
Fra:1 Mem:10.97M (Peak 11.21M) | Time:00:00.04 | Mem:0.00M, Peak:0.00M | Scene, ViewLayer | Waiting for render to start
Fra:1 Mem:10.97M (Peak 11.21M) | Time:00:00.04 | Mem:0.00M, Peak:0.00M | Scene, ViewLayer | Updating Scene
Fra:1 Mem:10.97M (Peak 11.21M) | Time:00:00.04 | Mem:0.00M, Peak:0.00M | Scene, ViewLayer | Updating Shaders
Fra:1 Mem:11.05M (Peak 11.21M) | Time:00:00.04 | Mem:0.00M, Peak:0.00M | Scene, ViewLayer | Loading render kernels (may take a few minutes the first time)
Fra:1 Mem:11.05M (Peak 38.21M) | Time:00:00.10 | Mem:0.01M, Peak:0.01M | Scene, ViewLayer | Updating Procedurals
Fra:1 Mem:11.05M (Peak 38.21M) | Time:00:00.10 | Mem:0.01M, Peak:0.01M | Scene, ViewLayer | Updating Background
Fra:1 Mem:11.05M (Peak 38.21M) | Time:00:00.10 | Mem:0.01M, Peak:0.01M | Scene, ViewLayer | Updating Camera
Fra:1 Mem:11.05M (Peak 38.21M) | Time:00:00.10 | Mem:0.01M, Peak:0.01M | Scene, ViewLayer | Updating Meshes Flags
Fra:1 Mem:11.05M (Peak 38.21M) | Time:00:00.10 | Mem:0.01M, Peak:0.01M | Scene, ViewLayer | Updating Objects
Fra:1 Mem:11.05M (Peak 38.21M) | Time:00:00.10 | Mem:0.01M, Peak:0.01M | Scene, ViewLayer | Updating Objects | Copying Transformations to device
Fra:1 Mem:11.05M (Peak 38.21M) | Time:00:00.10 | Mem:0.01M, Peak:0.01M | Scene, ViewLayer | Updating Particle Systems
Fra:1 Mem:11.05M (Peak 38.21M) | Time:00:00.10 | Mem:0.01M, Peak:0.01M | Scene, ViewLayer | Updating Particle Systems | Copying Particles to device
Fra:1 Mem:11.05M (Peak 38.21M) | Time:00:00.10 | Mem:0.01M, Peak:0.01M | Scene, ViewLayer | Updating Meshes
Fra:1 Mem:11.05M (Peak 38.21M) | Time:00:00.10 | Mem:0.01M, Peak:0.01M | Scene, ViewLayer | Updating Objects | Applying Static Transformations
Fra:1 Mem:11.05M (Peak 38.21M) | Time:00:00.10 | Mem:0.01M, Peak:0.01M | Scene, ViewLayer | Updating Mesh | Computing attributes
Fra:1 Mem:11.08M (Peak 38.21M) | Time:00:00.10 | Mem:0.01M, Peak:0.01M | Scene, ViewLayer | Updating Mesh | Copying Attributes to device
Fra:1 Mem:11.08M (Peak 38.21M) | Time:00:00.10 | Mem:0.04M, Peak:0.04M | Scene, ViewLayer | Updating Geometry BVH light 8/7 | Building BVH
Fra:1 Mem:11.08M (Peak 38.21M) | Time:00:00.10 | Mem:0.04M, Peak:0.04M | Scene, ViewLayer | Updating Geometry BVH light 8/7 | Building OptiX acceleration structure
Fra:1 Mem:11.08M (Peak 38.21M) | Time:00:00.10 | Mem:0.04M, Peak:0.04M | Scene, ViewLayer | Updating Geometry BVH TopSoft 7/7 | Building BVH
Fra:1 Mem:11.08M (Peak 38.21M) | Time:00:00.10 | Mem:0.04M, Peak:0.04M | Scene, ViewLayer | Updating Geometry BVH TopSoft 7/7 | Building OptiX acceleration structure
Fra:1 Mem:11.08M (Peak 38.21M) | Time:00:00.10 | Mem:0.04M, Peak:0.04M | Scene, ViewLayer | Updating Geometry BVH RightFill 6/7 | Building BVH
Fra:1 Mem:11.08M (Peak 38.21M) | Time:00:00.10 | Mem:0.04M, Peak:0.04M | Scene, ViewLayer | Updating Geometry BVH FrontKey 3/7 | Building OptiX acceleration structure
Fra:1 Mem:11.08M (Peak 38.21M) | Time:00:00.10 | Mem:0.04M, Peak:0.04M | Scene, ViewLayer | Updating Geometry BVH BackFill 4/7 | Building BVH
Fra:1 Mem:11.08M (Peak 38.21M) | Time:00:00.10 | Mem:0.04M, Peak:0.04M | Scene, ViewLayer | Updating Geometry BVH BackFill 4/7 | Building OptiX acceleration structure
Fra:1 Mem:11.08M (Peak 38.21M) | Time:00:00.10 | Mem:0.16M, Peak:0.52M | Scene, ViewLayer | Updating Scene BVH | Building
Fra:1 Mem:11.08M (Peak 38.21M) | Time:00:00.10 | Mem:0.16M, Peak:0.52M | Scene, ViewLayer | Updating Scene BVH | Building OptiX acceleration structure
Fra:1 Mem:11.08M (Peak 38.21M) | Time:00:00.10 | Mem:0.16M, Peak:0.52M | Scene, ViewLayer | Updating Scene BVH | Copying BVH to device
Fra:1 Mem:11.08M (Peak 38.21M) | Time:00:00.10 | Mem:0.16M, Peak:0.52M | Scene, ViewLayer | Updating Mesh | Computing normals
Fra:1 Mem:11.21M (Peak 38.21M) | Time:00:00.10 | Mem:0.16M, Peak:0.52M | Scene, ViewLayer | Updating Mesh | Copying Mesh to device
Fra:1 Mem:11.21M (Peak 38.21M) | Time:00:00.10 | Mem:0.29M, Peak:0.52M | Scene, ViewLayer | Updating Objects Flags
Fra:1 Mem:11.21M (Peak 38.21M) | Time:00:00.10 | Mem:0.29M, Peak:0.52M | Scene, ViewLayer | Updating Primitive Offsets
Fra:1 Mem:11.21M (Peak 38.21M) | Time:00:00.10 | Mem:0.29M, Peak:0.52M | Scene, ViewLayer | Updating Images
Fra:1 Mem:11.21M (Peak 38.21M) | Time:00:00.10 | Mem:0.29M, Peak:0.52M | Scene, ViewLayer | Updating Camera Volume
Fra:1 Mem:11.21M (Peak 38.21M) | Time:00:00.10 | Mem:0.29M, Peak:0.52M | Scene, ViewLayer | Updating Lookup Tables
Fra:1 Mem:11.21M (Peak 38.21M) | Time:00:00.10 | Mem:0.37M, Peak:0.52M | Scene, ViewLayer | Updating Lights
Fra:1 Mem:11.21M (Peak 38.21M) | Time:00:00.10 | Mem:0.37M, Peak:0.52M | Scene, ViewLayer | Updating Lights | Computing tree
Fra:1 Mem:11.21M (Peak 38.21M) | Time:00:00.10 | Mem:0.37M, Peak:0.52M | Scene, ViewLayer | Updating Integrator
Fra:1 Mem:11.21M (Peak 38.21M) | Time:00:00.10 | Mem:0.37M, Peak:0.52M | Scene, ViewLayer | Updating Film
Fra:1 Mem:11.22M (Peak 38.21M) | Time:00:00.10 | Mem:0.29M, Peak:0.52M | Scene, ViewLayer | Updating Lookup Tables
Fra:1 Mem:11.22M (Peak 38.21M) | Time:00:00.10 | Mem:0.38M, Peak:0.52M | Scene, ViewLayer | Updating Baking
Fra:1 Mem:11.22M (Peak 38.21M) | Time:00:00.10 | Mem:0.38M, Peak:0.52M | Scene, ViewLayer | Updating Device | Writing constant memory
Fra:1 Mem:11.22M (Peak 38.21M) | Time:00:00.10 | Mem:0.38M, Peak:0.52M | Scene, ViewLayer | Loading denoising kernels (may take a few minutes the first time)
Fra:1 Mem:24.54M (Peak 38.21M) | Time:00:00.11 | Mem:1171.88M, Peak:1171.88M | Scene, ViewLayer | Sample 0/8
Fra:1 Mem:29.29M (Peak 38.21M) | Time:00:00.11 | Remaining:00:00.01 | Mem:1176.63M, Peak:1176.63M | Scene, ViewLayer | Sample 1/8
Fra:1 Mem:31.29M (Peak 38.21M) | Time:00:00.13 | Mem:1230.21M, Peak:1231.71M | Scene, ViewLayer | Sample 8/8
Fra:1 Mem:31.29M (Peak 38.21M) | Time:00:00.13 | Mem:1230.21M, Peak:1231.71M | Scene, ViewLayer | Finished
Saved: '/tmp/pose_1_4tdt9bkv/probe.png'
Time: 00:00.18 (Saving: 00:00.00)

Fra:1 Mem:11.01M (Peak 11.01M) | Time:00:00.04 | Mem:0.00M, Peak:0.00M | Scene, ViewLayer | Synchronizing object | 1
Fra:1 Mem:11.02M (Peak 11.02M) | Time:00:00.04 | Mem:0.00M, Peak:0.00M | Scene, ViewLayer | Synchronizing object | BackFill
Fra:1 Mem:11.02M (Peak 11.02M) | Time:00:00.04 | Mem:0.00M, Peak:0.00M | Scene, ViewLayer | Synchronizing object | TopSoft
Fra:1 Mem:11.21M (Peak 11.21M) | Time:00:00.04 | Mem:0.00M, Peak:0.00M | Scene, ViewLayer | Initializing
Fra:1 Mem:10.97M (Peak 11.21M) | Time:00:00.04 | Mem:0.00M, Peak:0.00M | Scene, ViewLayer | Waiting for render to start
Fra:1 Mem:10.97M (Peak 11.21M) | Time:00:00.04 | Mem:0.00M, Peak:0.00M | Scene, ViewLayer | Updating Scene
Fra:1 Mem:10.97M (Peak 11.21M) | Time:00:00.04 | Mem:0.00M, Peak:0.00M | Scene, ViewLayer | Updating Shaders
Fra:1 Mem:11.05M (Peak 11.21M) | Time:00:00.04 | Mem:0.00M, Peak:0.00M | Scene, ViewLayer | Loading render kernels (may take a few minutes the first time)
Fra:1 Mem:11.05M (Peak 38.21M) | Time:00:00.10 | Mem:0.01M, Peak:0.01M | Scene, ViewLayer | Updating Procedurals
Fra:1 Mem:11.05M (Peak 38.21M) | Time:00:00.10 | Mem:0.01M, Peak:0.01M | Scene, ViewLayer | Updating Background
Fra:1 Mem:11.05M (Peak 38.21M) | Time:00:00.10 | Mem:0.01M, Peak:0.01M | Scene, ViewLayer | Updating Camera
Fra:1 Mem:11.05M (Peak 38.21M) | Time:00:00.10 | Mem:0.01M, Peak:0.01M | Scene, ViewLayer | Updating Meshes Flags
Fra:1 Mem:11.05M (Peak 38.21M) | Time:00:00.10 | Mem:0.01M, Peak:0.01M | Scene, ViewLayer | Updating Objects
Fra:1 Mem:11.05M (Peak 38.21M) | Time:00:00.10 | Mem:0.01M, Peak:0.01M | Scene, ViewLayer | Updating Objects | Copying Transformations to device
Fra:1 Mem:11.05M (Peak 38.21M) | Time:00:00.10 | Mem:0.01M, Peak:0.01M | Scene, ViewLayer | Updating Particle Systems
Fra:1 Mem:11.05M (Peak 38.21M) | Time:00:00.10 | Mem:0.01M, Peak:0.01M | Scene, ViewLayer | Updating Particle Systems | Copying Particles to device
Fra:1 Mem:11.05M (Peak 38.21M) | Time:00:00.10 | Mem:0.01M, Peak:0.01M | Scene, ViewLayer | Updating Meshes
Fra:1 Mem:11.05M (Peak 38.21M) | Time:00:00.10 | Mem:0.01M, Peak:0.01M | Scene, ViewLayer | Updating Objects | Applying Static Transformations
Fra:1 Mem:11.05M (Peak 38.21M) | Time:00:00.10 | Mem:0.01M, Peak:0.01M | Scene, ViewLayer | Updating Mesh | Computing attributes
Fra:1 Mem:11.08M (Peak 38.21M) | Time:00:00.10 | Mem:0.01M, Peak:0.01M | Scene, ViewLayer | Updating Mesh | Copying Attributes to device
Fra:1 Mem:11.08M (Peak 38.21M) | Time:00:00.10 | Mem:0.04M, Peak:0.04M | Scene, ViewLayer | Updating Geometry BVH light 8/7 | Building BVH
Fra:1 Mem:11.08M (Peak 38.21M) | Time:00:00.10 | Mem:0.04M, Peak:0.04M | Scene, ViewLayer | Updating Geometry BVH light 8/7 | Building OptiX acceleration structure
Fra:1 Mem:11.08M (Peak 38.21M) | Time:00:00.10 | Mem:0.04M, Peak:0.04M | Scene, ViewLayer | Updating Geometry BVH TopSoft 7/7 | Building BVH
Fra:1 Mem:11.08M (Peak 38.21M) | Time:00:00.10 | Mem:0.04M, Peak:0.04M | Scene, ViewLayer | Updating Geometry BVH TopSoft 7/7 | Building OptiX acceleration structure
Fra:1 Mem:11.08M (Peak 38.21M) | Time:00:00.10 | Mem:0.04M, Peak:0.04M | Scene, ViewLayer | Updating Geometry BVH RightFill 6/7 | Building BVH
Fra:1 Mem:11.08M (Peak 38.21M) | Time:00:00.10 | Mem:0.04M, Peak:0.04M | Scene, ViewLayer | Updating Geometry BVH RightFill 6/7 | Building OptiX acceleration structure
Fra:1 Mem:11.08M (Peak 38.21M) | Time:00:00.10 | Mem:0.04M, Peak:0.04M | Scene, ViewLayer | Updating Geometry BVH BackFill 4/7 | Building BVH
Fra:1 Mem:11.08M (Peak 38.21M) | Time:00:00.10 | Mem:0.04M, Peak:0.04M | Scene, ViewLayer | Updating Geometry BVH LeftFill 5/7 | Building OptiX acceleration structure
Fra:1 Mem:11.08M (Peak 38.21M) | Time:00:00.10 | Mem:0.15M, Peak:0.51M | Scene, ViewLayer | Updating Scene BVH | Building
Fra:1 Mem:11.08M (Peak 38.21M) | Time:00:00.10 | Mem:0.15M, Peak:0.51M | Scene, ViewLayer | Updating Scene BVH | Building OptiX acceleration structure
Fra:1 Mem:11.08M (Peak 38.21M) | Time:00:00.10 | Mem:0.16M, Peak:0.51M | Scene, ViewLayer | Updating Scene BVH | Copying BVH to device
Fra:1 Mem:11.08M (Peak 38.21M) | Time:00:00.10 | Mem:0.16M, Peak:0.51M | Scene, ViewLayer | Updating Mesh | Computing normals
Fra:1 Mem:11.21M (Peak 38.21M) | Time:00:00.10 | Mem:0.16M, Peak:0.51M | Scene, ViewLayer | Updating Mesh | Copying Mesh to device
Fra:1 Mem:11.21M (Peak 38.21M) | Time:00:00.10 | Mem:0.29M, Peak:0.51M | Scene, ViewLayer | Updating Objects Flags
Fra:1 Mem:11.21M (Peak 38.21M) | Time:00:00.10 | Mem:0.29M, Peak:0.51M | Scene, ViewLayer | Updating Primitive Offsets
Fra:1 Mem:11.21M (Peak 38.21M) | Time:00:00.10 | Mem:0.29M, Peak:0.51M | Scene, ViewLayer | Updating Images
Fra:1 Mem:11.21M (Peak 38.21M) | Time:00:00.10 | Mem:0.29M, Peak:0.51M | Scene, ViewLayer | Updating Camera Volume
Fra:1 Mem:11.21M (Peak 38.21M) | Time:00:00.10 | Mem:0.29M, Peak:0.51M | Scene, ViewLayer | Updating Lookup Tables
Fra:1 Mem:11.21M (Peak 38.21M) | Time:00:00.10 | Mem:0.37M, Peak:0.51M | Scene, ViewLayer | Updating Lights
Fra:1 Mem:11.21M (Peak 38.21M) | Time:00:00.10 | Mem:0.37M, Peak:0.51M | Scene, ViewLayer | Updating Lights | Computing tree
Fra:1 Mem:11.21M (Peak 38.21M) | Time:00:00.10 | Mem:0.37M, Peak:0.51M | Scene, ViewLayer | Updating Integrator
Fra:1 Mem:11.21M (Peak 38.21M) | Time:00:00.10 | Mem:0.37M, Peak:0.51M | Scene, ViewLayer | Updating Film
Fra:1 Mem:11.22M (Peak 38.21M) | Time:00:00.10 | Mem:0.29M, Peak:0.51M | Scene, ViewLayer | Updating Lookup Tables
Fra:1 Mem:11.22M (Peak 38.21M) | Time:00:00.10 | Mem:0.37M, Peak:0.51M | Scene, ViewLayer | Updating Baking
Fra:1 Mem:11.22M (Peak 38.21M) | Time:00:00.10 | Mem:0.37M, Peak:0.51M | Scene, ViewLayer | Updating Device | Writing constant memory
Fra:1 Mem:11.22M (Peak 38.21M) | Time:00:00.10 | Mem:0.37M, Peak:0.51M | Scene, ViewLayer | Loading denoising kernels (may take a few minutes the first time)
Fra:1 Mem:24.54M (Peak 38.21M) | Time:00:00.11 | Mem:1171.88M, Peak:1171.88M | Scene, ViewLayer | Sample 0/8
Fra:1 Mem:29.29M (Peak 38.21M) | Time:00:00.11 | Remaining:00:00.01 | Mem:1176.63M, Peak:1176.63M | Scene, ViewLayer | Sample 1/8
Fra:1 Mem:31.29M (Peak 38.21M) | Time:00:00.13 | Mem:1230.20M, Peak:1231.70M | Scene, ViewLayer | Sample 8/8
Fra:1 Mem:31.29M (Peak 38.21M) | Time:00:00.13 | Mem:1230.20M, Peak:1231.70M | Scene, ViewLayer | Finished
Saved: '/tmp/pose_1_4tdt9bkv/probe.png'
Time: 00:00.18 (Saving: 00:00.00)

Fra:1 Mem:11.01M (Peak 11.01M) | Time:00:00.04 | Mem:0.00M, Peak:0.00M | Scene, ViewLayer | Synchronizing object | 1
Fra:1 Mem:11.02M (Peak 11.02M) | Time:00:00.04 | Mem:0.00M, Peak:0.00M | Scene, ViewLayer | Synchronizing object | LeftFill
Fra:1 Mem:11.02M (Peak 11.02M) | Time:00:00.04 | Mem:0.00M, Peak:0.00M | Scene, ViewLayer | Synchronizing object | TopSoft
Fra:1 Mem:11.21M (Peak 11.21M) | Time:00:00.04 | Mem:0.00M, Peak:0.00M | Scene, ViewLayer | Initializing
Fra:1 Mem:10.97M (Peak 11.21M) | Time:00:00.04 | Mem:0.00M, Peak:0.00M | Scene, ViewLayer | Waiting for render to start
Fra:1 Mem:10.97M (Peak 11.21M) | Time:00:00.04 | Mem:0.00M, Peak:0.00M | Scene, ViewLayer | Updating Scene
Fra:1 Mem:10.97M (Peak 11.21M) | Time:00:00.04 | Mem:0.00M, Peak:0.00M | Scene, ViewLayer | Updating Shaders
Fra:1 Mem:11.05M (Peak 11.21M) | Time:00:00.04 | Mem:0.00M, Peak:0.00M | Scene, ViewLayer | Loading render kernels (may take a few minutes the first time)
Fra:1 Mem:11.05M (Peak 38.21M) | Time:00:00.10 | Mem:0.01M, Peak:0.01M | Scene, ViewLayer | Updating Procedurals
Fra:1 Mem:11.05M (Peak 38.21M) | Time:00:00.10 | Mem:0.01M, Peak:0.01M | Scene, ViewLayer | Updating Background
Fra:1 Mem:11.05M (Peak 38.21M) | Time:00:00.10 | Mem:0.01M, Peak:0.01M | Scene, ViewLayer | Updating Camera
Fra:1 Mem:11.05M (Peak 38.21M) | Time:00:00.10 | Mem:0.01M, Peak:0.01M | Scene, ViewLayer | Updating Meshes Flags
Fra:1 Mem:11.05M (Peak 38.21M) | Time:00:00.10 | Mem:0.01M, Peak:0.01M | Scene, ViewLayer | Updating Objects
Fra:1 Mem:11.05M (Peak 38.21M) | Time:00:00.10 | Mem:0.01M, Peak:0.01M | Scene, ViewLayer | Updating Objects | Copying Transformations to device
Fra:1 Mem:11.05M (Peak 38.21M) | Time:00:00.10 | Mem:0.01M, Peak:0.01M | Scene, ViewLayer | Updating Particle Systems
Fra:1 Mem:11.05M (Peak 38.21M) | Time:00:00.10 | Mem:0.01M, Peak:0.01M | Scene, ViewLayer | Updating Particle Systems | Copying Particles to device
Fra:1 Mem:11.05M (Peak 38.21M) | Time:00:00.10 | Mem:0.01M, Peak:0.01M | Scene, ViewLayer | Updating Meshes
Fra:1 Mem:11.05M (Peak 38.21M) | Time:00:00.10 | Mem:0.01M, Peak:0.01M | Scene, ViewLayer | Updating Objects | Applying Static Transformations
Fra:1 Mem:11.05M (Peak 38.21M) | Time:00:00.10 | Mem:0.01M, Peak:0.01M | Scene, ViewLayer | Updating Mesh | Computing attributes
Fra:1 Mem:11.08M (Peak 38.21M) | Time:00:00.10 | Mem:0.01M, Peak:0.01M | Scene, ViewLayer | Updating Mesh | Copying Attributes to device
Fra:1 Mem:11.08M (Peak 38.21M) | Time:00:00.10 | Mem:0.04M, Peak:0.04M | Scene, ViewLayer | Updating Geometry BVH light 8/7 | Building BVH
Fra:1 Mem:11.08M (Peak 38.21M) | Time:00:00.10 | Mem:0.04M, Peak:0.04M | Scene, ViewLayer | Updating Geometry BVH light 8/7 | Building OptiX acceleration structure
Fra:1 Mem:11.08M (Peak 38.21M) | Time:00:00.10 | Mem:0.04M, Peak:0.04M | Scene, ViewLayer | Updating Geometry BVH TopSoft 7/7 | Building BVH
Fra:1 Mem:11.08M (Peak 38.21M) | Time:00:00.10 | Mem:0.04M, Peak:0.04M | Scene, ViewLayer | Updating Geometry BVH TopSoft 7/7 | Building OptiX acceleration structure
Fra:1 Mem:11.08M (Peak 38.21M) | Time:00:00.10 | Mem:0.04M, Peak:0.04M | Scene, ViewLayer | Updating Geometry BVH RightFill 6/7 | Building BVH
Fra:1 Mem:11.08M (Peak 38.21M) | Time:00:00.10 | Mem:0.04M, Peak:0.04M | Scene, ViewLayer | Updating Geometry BVH FrontKey 3/7 | Building OptiX acceleration structure
Fra:1 Mem:11.08M (Peak 38.21M) | Time:00:00.10 | Mem:0.04M, Peak:0.04M | Scene, ViewLayer | Updating Geometry BVH LeftFill 5/7 | Building BVH
Fra:1 Mem:11.08M (Peak 38.21M) | Time:00:00.10 | Mem:0.04M, Peak:0.04M | Scene, ViewLayer | Updating Geometry BVH LeftFill 5/7 | Building OptiX acceleration structure
Fra:1 Mem:11.08M (Peak 38.21M) | Time:00:00.10 | Mem:0.15M, Peak:0.51M | Scene, ViewLayer | Updating Scene BVH | Building
Fra:1 Mem:11.08M (Peak 38.21M) | Time:00:00.10 | Mem:0.15M, Peak:0.51M | Scene, ViewLayer | Updating Scene BVH | Building OptiX acceleration structure
Fra:1 Mem:11.08M (Peak 38.21M) | Time:00:00.10 | Mem:0.15M, Peak:0.51M | Scene, ViewLayer | Updating Scene BVH | Copying BVH to device
Fra:1 Mem:11.08M (Peak 38.21M) | Time:00:00.10 | Mem:0.15M, Peak:0.51M | Scene, ViewLayer | Updating Mesh | Computing normals
Fra:1 Mem:11.21M (Peak 38.21M) | Time:00:00.10 | Mem:0.15M, Peak:0.51M | Scene, ViewLayer | Updating Mesh | Copying Mesh to device
Fra:1 Mem:11.21M (Peak 38.21M) | Time:00:00.10 | Mem:0.29M, Peak:0.51M | Scene, ViewLayer | Updating Objects Flags
Fra:1 Mem:11.21M (Peak 38.21M) | Time:00:00.10 | Mem:0.29M, Peak:0.51M | Scene, ViewLayer | Updating Primitive Offsets
Fra:1 Mem:11.21M (Peak 38.21M) | Time:00:00.10 | Mem:0.29M, Peak:0.51M | Scene, ViewLayer | Updating Images
Fra:1 Mem:11.21M (Peak 38.21M) | Time:00:00.10 | Mem:0.29M, Peak:0.51M | Scene, ViewLayer | Updating Camera Volume
Fra:1 Mem:11.21M (Peak 38.21M) | Time:00:00.10 | Mem:0.29M, Peak:0.51M | Scene, ViewLayer | Updating Lookup Tables
Fra:1 Mem:11.21M (Peak 38.21M) | Time:00:00.10 | Mem:0.37M, Peak:0.51M | Scene, ViewLayer | Updating Lights
Fra:1 Mem:11.21M (Peak 38.21M) | Time:00:00.10 | Mem:0.37M, Peak:0.51M | Scene, ViewLayer | Updating Lights | Computing tree
Fra:1 Mem:11.21M (Peak 38.21M) | Time:00:00.10 | Mem:0.37M, Peak:0.51M | Scene, ViewLayer | Updating Integrator
Fra:1 Mem:11.21M (Peak 38.21M) | Time:00:00.10 | Mem:0.37M, Peak:0.51M | Scene, ViewLayer | Updating Film
Fra:1 Mem:11.22M (Peak 38.21M) | Time:00:00.10 | Mem:0.29M, Peak:0.51M | Scene, ViewLayer | Updating Lookup Tables
Fra:1 Mem:11.22M (Peak 38.21M) | Time:00:00.10 | Mem:0.37M, Peak:0.51M | Scene, ViewLayer | Updating Baking
Fra:1 Mem:11.22M (Peak 38.21M) | Time:00:00.10 | Mem:0.37M, Peak:0.51M | Scene, ViewLayer | Updating Device | Writing constant memory
Fra:1 Mem:11.22M (Peak 38.21M) | Time:00:00.10 | Mem:0.37M, Peak:0.51M | Scene, ViewLayer | Loading denoising kernels (may take a few minutes the first time)
Fra:1 Mem:24.54M (Peak 38.21M) | Time:00:00.11 | Mem:1171.88M, Peak:1171.88M | Scene, ViewLayer | Sample 0/8
Fra:1 Mem:29.29M (Peak 38.21M) | Time:00:00.11 | Remaining:00:00.01 | Mem:1176.63M, Peak:1176.63M | Scene, ViewLayer | Sample 1/8
Fra:1 Mem:31.29M (Peak 38.21M) | Time:00:00.13 | Mem:1230.20M, Peak:1231.70M | Scene, ViewLayer | Sample 8/8
Fra:1 Mem:31.29M (Peak 38.21M) | Time:00:00.13 | Mem:1230.20M, Peak:1231.70M | Scene, ViewLayer | Finished
Saved: '/tmp/pose_1_4tdt9bkv/probe.png'
Time: 00:00.18 (Saving: 00:00.00)

Fra:1 Mem:11.01M (Peak 11.01M) | Time:00:00.04 | Mem:0.00M, Peak:0.00M | Scene, ViewLayer | Synchronizing object | 1
Fra:1 Mem:11.02M (Peak 11.02M) | Time:00:00.04 | Mem:0.00M, Peak:0.00M | Scene, ViewLayer | Synchronizing object | BackFill
Fra:1 Mem:11.02M (Peak 11.02M) | Time:00:00.04 | Mem:0.00M, Peak:0.00M | Scene, ViewLayer | Synchronizing object | TopSoft
Fra:1 Mem:11.21M (Peak 11.21M) | Time:00:00.04 | Mem:0.00M, Peak:0.00M | Scene, ViewLayer | Initializing
Fra:1 Mem:10.97M (Peak 11.21M) | Time:00:00.04 | Mem:0.00M, Peak:0.00M | Scene, ViewLayer | Waiting for render to start
Fra:1 Mem:10.97M (Peak 11.21M) | Time:00:00.04 | Mem:0.00M, Peak:0.00M | Scene, ViewLayer | Updating Scene
Fra:1 Mem:10.97M (Peak 11.21M) | Time:00:00.04 | Mem:0.00M, Peak:0.00M | Scene, ViewLayer | Updating Shaders
Fra:1 Mem:11.05M (Peak 11.21M) | Time:00:00.04 | Mem:0.00M, Peak:0.00M | Scene, ViewLayer | Loading render kernels (may take a few minutes the first time)
Fra:1 Mem:11.05M (Peak 38.21M) | Time:00:00.10 | Mem:0.01M, Peak:0.01M | Scene, ViewLayer | Updating Procedurals
Fra:1 Mem:11.05M (Peak 38.21M) | Time:00:00.10 | Mem:0.01M, Peak:0.01M | Scene, ViewLayer | Updating Background
Fra:1 Mem:11.05M (Peak 38.21M) | Time:00:00.10 | Mem:0.01M, Peak:0.01M | Scene, ViewLayer | Updating Camera
Fra:1 Mem:11.05M (Peak 38.21M) | Time:00:00.10 | Mem:0.01M, Peak:0.01M | Scene, ViewLayer | Updating Meshes Flags
Fra:1 Mem:11.05M (Peak 38.21M) | Time:00:00.10 | Mem:0.01M, Peak:0.01M | Scene, ViewLayer | Updating Objects
Fra:1 Mem:11.05M (Peak 38.21M) | Time:00:00.10 | Mem:0.01M, Peak:0.01M | Scene, ViewLayer | Updating Objects | Copying Transformations to device
Fra:1 Mem:11.05M (Peak 38.21M) | Time:00:00.10 | Mem:0.01M, Peak:0.01M | Scene, ViewLayer | Updating Particle Systems
Fra:1 Mem:11.05M (Peak 38.21M) | Time:00:00.10 | Mem:0.01M, Peak:0.01M | Scene, ViewLayer | Updating Particle Systems | Copying Particles to device
Fra:1 Mem:11.05M (Peak 38.21M) | Time:00:00.10 | Mem:0.01M, Peak:0.01M | Scene, ViewLayer | Updating Meshes
Fra:1 Mem:11.05M (Peak 38.21M) | Time:00:00.10 | Mem:0.01M, Peak:0.01M | Scene, ViewLayer | Updating Objects | Applying Static Transformations
Fra:1 Mem:11.05M (Peak 38.21M) | Time:00:00.10 | Mem:0.01M, Peak:0.01M | Scene, ViewLayer | Updating Mesh | Computing attributes
Fra:1 Mem:11.08M (Peak 38.21M) | Time:00:00.10 | Mem:0.01M, Peak:0.01M | Scene, ViewLayer | Updating Mesh | Copying Attributes to device
Fra:1 Mem:11.08M (Peak 38.21M) | Time:00:00.10 | Mem:0.04M, Peak:0.04M | Scene, ViewLayer | Updating Geometry BVH light 8/7 | Building BVH
Fra:1 Mem:11.08M (Peak 38.21M) | Time:00:00.10 | Mem:0.04M, Peak:0.04M | Scene, ViewLayer | Updating Geometry BVH light 8/7 | Building OptiX acceleration structure
Fra:1 Mem:11.08M (Peak 38.21M) | Time:00:00.10 | Mem:0.04M, Peak:0.04M | Scene, ViewLayer | Updating Geometry BVH TopSoft 7/7 | Building BVH
Fra:1 Mem:11.08M (Peak 38.21M) | Time:00:00.10 | Mem:0.04M, Peak:0.04M | Scene, ViewLayer | Updating Geometry BVH TopSoft 7/7 | Building OptiX acceleration structure
Fra:1 Mem:11.08M (Peak 38.21M) | Time:00:00.10 | Mem:0.04M, Peak:0.04M | Scene, ViewLayer | Updating Geometry BVH RightFill 6/7 | Building BVH
Fra:1 Mem:11.08M (Peak 38.21M) | Time:00:00.10 | Mem:0.04M, Peak:0.04M | Scene, ViewLayer | Updating Geometry BVH BackFill 4/7 | Building BVH
Fra:1 Mem:11.08M (Peak 38.21M) | Time:00:00.10 | Mem:0.04M, Peak:0.04M | Scene, ViewLayer | Updating Geometry BVH BackFill 4/7 | Building OptiX acceleration structure
Fra:1 Mem:11.08M (Peak 38.21M) | Time:00:00.10 | Mem:0.16M, Peak:0.52M | Scene, ViewLayer | Updating Scene BVH | Building
Fra:1 Mem:11.08M (Peak 38.21M) | Time:00:00.10 | Mem:0.16M, Peak:0.52M | Scene, ViewLayer | Updating Scene BVH | Building OptiX acceleration structure
Fra:1 Mem:11.08M (Peak 38.21M) | Time:00:00.10 | Mem:0.16M, Peak:0.52M | Scene, ViewLayer | Updating Scene BVH | Copying BVH to device
Fra:1 Mem:11.08M (Peak 38.21M) | Time:00:00.10 | Mem:0.16M, Peak:0.52M | Scene, ViewLayer | Updating Mesh | Computing normals
Fra:1 Mem:11.21M (Peak 38.21M) | Time:00:00.10 | Mem:0.16M, Peak:0.52M | Scene, ViewLayer | Updating Mesh | Copying Mesh to device
Fra:1 Mem:11.21M (Peak 38.21M) | Time:00:00.10 | Mem:0.29M, Peak:0.52M | Scene, ViewLayer | Updating Objects Flags
Fra:1 Mem:11.21M (Peak 38.21M) | Time:00:00.10 | Mem:0.29M, Peak:0.52M | Scene, ViewLayer | Updating Primitive Offsets
Fra:1 Mem:11.21M (Peak 38.21M) | Time:00:00.10 | Mem:0.29M, Peak:0.52M | Scene, ViewLayer | Updating Images
Fra:1 Mem:11.21M (Peak 38.21M) | Time:00:00.10 | Mem:0.29M, Peak:0.52M | Scene, ViewLayer | Updating Camera Volume
Fra:1 Mem:11.21M (Peak 38.21M) | Time:00:00.10 | Mem:0.29M, Peak:0.52M | Scene, ViewLayer | Updating Lookup Tables
Fra:1 Mem:11.21M (Peak 38.21M) | Time:00:00.10 | Mem:0.37M, Peak:0.52M | Scene, ViewLayer | Updating Lights
Fra:1 Mem:11.21M (Peak 38.21M) | Time:00:00.10 | Mem:0.37M, Peak:0.52M | Scene, ViewLayer | Updating Lights | Computing tree
Fra:1 Mem:11.21M (Peak 38.21M) | Time:00:00.10 | Mem:0.37M, Peak:0.52M | Scene, ViewLayer | Updating Integrator
Fra:1 Mem:11.21M (Peak 38.21M) | Time:00:00.10 | Mem:0.37M, Peak:0.52M | Scene, ViewLayer | Updating Film
Fra:1 Mem:11.22M (Peak 38.21M) | Time:00:00.10 | Mem:0.29M, Peak:0.52M | Scene, ViewLayer | Updating Lookup Tables
Fra:1 Mem:11.22M (Peak 38.21M) | Time:00:00.10 | Mem:0.38M, Peak:0.52M | Scene, ViewLayer | Updating Baking
Fra:1 Mem:11.22M (Peak 38.21M) | Time:00:00.10 | Mem:0.38M, Peak:0.52M | Scene, ViewLayer | Updating Device | Writing constant memory
Fra:1 Mem:11.22M (Peak 38.21M) | Time:00:00.10 | Mem:0.38M, Peak:0.52M | Scene, ViewLayer | Loading denoising kernels (may take a few minutes the first time)
Fra:1 Mem:24.54M (Peak 38.21M) | Time:00:00.11 | Mem:1171.88M, Peak:1171.88M | Scene, ViewLayer | Sample 0/8
Fra:1 Mem:29.29M (Peak 38.21M) | Time:00:00.11 | Remaining:00:00.01 | Mem:1176.63M, Peak:1176.63M | Scene, ViewLayer | Sample 1/8
Fra:1 Mem:31.29M (Peak 38.21M) | Time:00:00.13 | Mem:1230.21M, Peak:1231.71M | Scene, ViewLayer | Sample 8/8
Fra:1 Mem:31.29M (Peak 38.21M) | Time:00:00.13 | Mem:1230.21M, Peak:1231.71M | Scene, ViewLayer | Finished
Saved: '/tmp/pose_1_4tdt9bkv/probe.png'
Time: 00:00.17 (Saving: 00:00.00)

Fra:1 Mem:11.01M (Peak 11.01M) | Time:00:00.04 | Mem:0.00M, Peak:0.00M | Scene, ViewLayer | Synchronizing object | 1
Fra:1 Mem:11.02M (Peak 11.02M) | Time:00:00.04 | Mem:0.00M, Peak:0.00M | Scene, ViewLayer | Synchronizing object | BackFill
Fra:1 Mem:11.02M (Peak 11.02M) | Time:00:00.04 | Mem:0.00M, Peak:0.00M | Scene, ViewLayer | Synchronizing object | TopSoft
Fra:1 Mem:11.21M (Peak 11.21M) | Time:00:00.04 | Mem:0.00M, Peak:0.00M | Scene, ViewLayer | Initializing
Fra:1 Mem:10.97M (Peak 11.21M) | Time:00:00.04 | Mem:0.00M, Peak:0.00M | Scene, ViewLayer | Waiting for render to start
Fra:1 Mem:10.97M (Peak 11.21M) | Time:00:00.04 | Mem:0.00M, Peak:0.00M | Scene, ViewLayer | Updating Scene
Fra:1 Mem:10.97M (Peak 11.21M) | Time:00:00.04 | Mem:0.00M, Peak:0.00M | Scene, ViewLayer | Updating Shaders
Fra:1 Mem:11.05M (Peak 11.21M) | Time:00:00.04 | Mem:0.00M, Peak:0.00M | Scene, ViewLayer | Loading render kernels (may take a few minutes the first time)
Fra:1 Mem:11.05M (Peak 38.21M) | Time:00:00.10 | Mem:0.01M, Peak:0.01M | Scene, ViewLayer | Updating Procedurals
Fra:1 Mem:11.05M (Peak 38.21M) | Time:00:00.10 | Mem:0.01M, Peak:0.01M | Scene, ViewLayer | Updating Background
Fra:1 Mem:11.05M (Peak 38.21M) | Time:00:00.10 | Mem:0.01M, Peak:0.01M | Scene, ViewLayer | Updating Camera
Fra:1 Mem:11.05M (Peak 38.21M) | Time:00:00.10 | Mem:0.01M, Peak:0.01M | Scene, ViewLayer | Updating Meshes Flags
Fra:1 Mem:11.05M (Peak 38.21M) | Time:00:00.10 | Mem:0.01M, Peak:0.01M | Scene, ViewLayer | Updating Objects
Fra:1 Mem:11.05M (Peak 38.21M) | Time:00:00.10 | Mem:0.01M, Peak:0.01M | Scene, ViewLayer | Updating Objects | Copying Transformations to device
Fra:1 Mem:11.05M (Peak 38.21M) | Time:00:00.10 | Mem:0.01M, Peak:0.01M | Scene, ViewLayer | Updating Particle Systems
Fra:1 Mem:11.05M (Peak 38.21M) | Time:00:00.10 | Mem:0.01M, Peak:0.01M | Scene, ViewLayer | Updating Particle Systems | Copying Particles to device
Fra:1 Mem:11.05M (Peak 38.21M) | Time:00:00.10 | Mem:0.01M, Peak:0.01M | Scene, ViewLayer | Updating Meshes
Fra:1 Mem:11.05M (Peak 38.21M) | Time:00:00.10 | Mem:0.01M, Peak:0.01M | Scene, ViewLayer | Updating Objects | Applying Static Transformations
Fra:1 Mem:11.05M (Peak 38.21M) | Time:00:00.10 | Mem:0.01M, Peak:0.01M | Scene, ViewLayer | Updating Mesh | Computing attributes
Fra:1 Mem:11.08M (Peak 38.21M) | Time:00:00.10 | Mem:0.01M, Peak:0.01M | Scene, ViewLayer | Updating Mesh | Copying Attributes to device
Fra:1 Mem:11.08M (Peak 38.21M) | Time:00:00.10 | Mem:0.04M, Peak:0.04M | Scene, ViewLayer | Updating Geometry BVH light 8/7 | Building BVH
Fra:1 Mem:11.08M (Peak 38.21M) | Time:00:00.10 | Mem:0.04M, Peak:0.04M | Scene, ViewLayer | Updating Geometry BVH light 8/7 | Building OptiX acceleration structure
Fra:1 Mem:11.08M (Peak 38.21M) | Time:00:00.10 | Mem:0.04M, Peak:0.04M | Scene, ViewLayer | Updating Geometry BVH TopSoft 7/7 | Building BVH
Fra:1 Mem:11.08M (Peak 38.21M) | Time:00:00.10 | Mem:0.04M, Peak:0.04M | Scene, ViewLayer | Updating Geometry BVH TopSoft 7/7 | Building OptiX acceleration structure
Fra:1 Mem:11.08M (Peak 38.21M) | Time:00:00.10 | Mem:0.04M, Peak:0.04M | Scene, ViewLayer | Updating Geometry BVH RightFill 6/7 | Building BVH
Fra:1 Mem:11.08M (Peak 38.21M) | Time:00:00.10 | Mem:0.04M, Peak:0.04M | Scene, ViewLayer | Updating Geometry BVH LeftFill 5/7 | Building BVH
Fra:1 Mem:11.08M (Peak 38.21M) | Time:00:00.10 | Mem:0.04M, Peak:0.04M | Scene, ViewLayer | Updating Geometry BVH LeftFill 5/7 | Building OptiX acceleration structure
Fra:1 Mem:11.08M (Peak 38.21M) | Time:00:00.10 | Mem:0.16M, Peak:0.52M | Scene, ViewLayer | Updating Scene BVH | Building
Fra:1 Mem:11.08M (Peak 38.21M) | Time:00:00.10 | Mem:0.16M, Peak:0.52M | Scene, ViewLayer | Updating Scene BVH | Building OptiX acceleration structure
Fra:1 Mem:11.08M (Peak 38.21M) | Time:00:00.10 | Mem:0.16M, Peak:0.52M | Scene, ViewLayer | Updating Scene BVH | Copying BVH to device
Fra:1 Mem:11.08M (Peak 38.21M) | Time:00:00.10 | Mem:0.16M, Peak:0.52M | Scene, ViewLayer | Updating Mesh | Computing normals
Fra:1 Mem:11.21M (Peak 38.21M) | Time:00:00.10 | Mem:0.16M, Peak:0.52M | Scene, ViewLayer | Updating Mesh | Copying Mesh to device
Fra:1 Mem:11.21M (Peak 38.21M) | Time:00:00.10 | Mem:0.29M, Peak:0.52M | Scene, ViewLayer | Updating Objects Flags
Fra:1 Mem:11.21M (Peak 38.21M) | Time:00:00.10 | Mem:0.29M, Peak:0.52M | Scene, ViewLayer | Updating Primitive Offsets
Fra:1 Mem:11.21M (Peak 38.21M) | Time:00:00.10 | Mem:0.29M, Peak:0.52M | Scene, ViewLayer | Updating Images
Fra:1 Mem:11.21M (Peak 38.21M) | Time:00:00.10 | Mem:0.29M, Peak:0.52M | Scene, ViewLayer | Updating Camera Volume
Fra:1 Mem:11.21M (Peak 38.21M) | Time:00:00.10 | Mem:0.29M, Peak:0.52M | Scene, ViewLayer | Updating Lookup Tables
Fra:1 Mem:11.21M (Peak 38.21M) | Time:00:00.10 | Mem:0.37M, Peak:0.52M | Scene, ViewLayer | Updating Lights
Fra:1 Mem:11.21M (Peak 38.21M) | Time:00:00.10 | Mem:0.37M, Peak:0.52M | Scene, ViewLayer | Updating Lights | Computing tree
Fra:1 Mem:11.21M (Peak 38.21M) | Time:00:00.10 | Mem:0.37M, Peak:0.52M | Scene, ViewLayer | Updating Integrator
Fra:1 Mem:11.21M (Peak 38.21M) | Time:00:00.10 | Mem:0.37M, Peak:0.52M | Scene, ViewLayer | Updating Film
Fra:1 Mem:11.22M (Peak 38.21M) | Time:00:00.10 | Mem:0.29M, Peak:0.52M | Scene, ViewLayer | Updating Lookup Tables
Fra:1 Mem:11.22M (Peak 38.21M) | Time:00:00.10 | Mem:0.38M, Peak:0.52M | Scene, ViewLayer | Updating Baking
Fra:1 Mem:11.22M (Peak 38.21M) | Time:00:00.10 | Mem:0.38M, Peak:0.52M | Scene, ViewLayer | Updating Device | Writing constant memory
Fra:1 Mem:11.22M (Peak 38.21M) | Time:00:00.10 | Mem:0.38M, Peak:0.52M | Scene, ViewLayer | Loading denoising kernels (may take a few minutes the first time)
Fra:1 Mem:24.54M (Peak 38.21M) | Time:00:00.10 | Mem:1171.88M, Peak:1171.88M | Scene, ViewLayer | Sample 0/8
Fra:1 Mem:29.29M (Peak 38.21M) | Time:00:00.11 | Remaining:00:00.01 | Mem:1176.63M, Peak:1176.63M | Scene, ViewLayer | Sample 1/8
Fra:1 Mem:31.29M (Peak 38.21M) | Time:00:00.12 | Mem:1230.21M, Peak:1231.71M | Scene, ViewLayer | Sample 8/8
Fra:1 Mem:31.29M (Peak 38.21M) | Time:00:00.12 | Mem:1230.21M, Peak:1231.71M | Scene, ViewLayer | Finished
Saved: '/tmp/pose_1_4tdt9bkv/probe.png'
Time: 00:00.17 (Saving: 00:00.00)

Fra:1 Mem:11.01M (Peak 11.01M) | Time:00:00.03 | Mem:0.00M, Peak:0.00M | Scene, ViewLayer | Synchronizing object | 1
Fra:1 Mem:11.02M (Peak 11.02M) | Time:00:00.03 | Mem:0.00M, Peak:0.00M | Scene, ViewLayer | Synchronizing object | FrontKey
Fra:1 Mem:11.02M (Peak 11.02M) | Time:00:00.03 | Mem:0.00M, Peak:0.00M | Scene, ViewLayer | Synchronizing object | RightFill
Fra:1 Mem:11.17M (Peak 11.17M) | Time:00:00.03 | Mem:0.00M, Peak:0.00M | Scene, ViewLayer | Synchronizing object | TopSoft
Fra:1 Mem:11.21M (Peak 11.21M) | Time:00:00.03 | Mem:0.00M, Peak:0.00M | Scene, ViewLayer | Initializing
Fra:1 Mem:10.97M (Peak 11.21M) | Time:00:00.04 | Mem:0.00M, Peak:0.00M | Scene, ViewLayer | Waiting for render to start
Fra:1 Mem:10.97M (Peak 11.21M) | Time:00:00.04 | Mem:0.00M, Peak:0.00M | Scene, ViewLayer | Updating Scene
Fra:1 Mem:10.97M (Peak 11.21M) | Time:00:00.04 | Mem:0.00M, Peak:0.00M | Scene, ViewLayer | Updating Shaders
Fra:1 Mem:11.05M (Peak 11.21M) | Time:00:00.04 | Mem:0.00M, Peak:0.00M | Scene, ViewLayer | Loading render kernels (may take a few minutes the first time)
Fra:1 Mem:11.05M (Peak 38.21M) | Time:00:00.10 | Mem:0.01M, Peak:0.01M | Scene, ViewLayer | Updating Procedurals
Fra:1 Mem:11.05M (Peak 38.21M) | Time:00:00.10 | Mem:0.01M, Peak:0.01M | Scene, ViewLayer | Updating Background
Fra:1 Mem:11.05M (Peak 38.21M) | Time:00:00.10 | Mem:0.01M, Peak:0.01M | Scene, ViewLayer | Updating Camera
Fra:1 Mem:11.05M (Peak 38.21M) | Time:00:00.10 | Mem:0.01M, Peak:0.01M | Scene, ViewLayer | Updating Meshes Flags
Fra:1 Mem:11.05M (Peak 38.21M) | Time:00:00.10 | Mem:0.01M, Peak:0.01M | Scene, ViewLayer | Updating Objects
Fra:1 Mem:11.05M (Peak 38.21M) | Time:00:00.10 | Mem:0.01M, Peak:0.01M | Scene, ViewLayer | Updating Objects | Copying Transformations to device
Fra:1 Mem:11.05M (Peak 38.21M) | Time:00:00.10 | Mem:0.01M, Peak:0.01M | Scene, ViewLayer | Updating Particle Systems
Fra:1 Mem:11.05M (Peak 38.21M) | Time:00:00.10 | Mem:0.01M, Peak:0.01M | Scene, ViewLayer | Updating Particle Systems | Copying Particles to device
Fra:1 Mem:11.05M (Peak 38.21M) | Time:00:00.10 | Mem:0.01M, Peak:0.01M | Scene, ViewLayer | Updating Meshes
Fra:1 Mem:11.05M (Peak 38.21M) | Time:00:00.10 | Mem:0.01M, Peak:0.01M | Scene, ViewLayer | Updating Objects | Applying Static Transformations
Fra:1 Mem:11.05M (Peak 38.21M) | Time:00:00.10 | Mem:0.01M, Peak:0.01M | Scene, ViewLayer | Updating Mesh | Computing attributes
Fra:1 Mem:11.08M (Peak 38.21M) | Time:00:00.10 | Mem:0.01M, Peak:0.01M | Scene, ViewLayer | Updating Mesh | Copying Attributes to device
Fra:1 Mem:11.08M (Peak 38.21M) | Time:00:00.10 | Mem:0.04M, Peak:0.04M | Scene, ViewLayer | Updating Geometry BVH light 8/7 | Building BVH
Fra:1 Mem:11.08M (Peak 38.21M) | Time:00:00.10 | Mem:0.04M, Peak:0.04M | Scene, ViewLayer | Updating Geometry BVH light 8/7 | Building OptiX acceleration structure
Fra:1 Mem:11.08M (Peak 38.21M) | Time:00:00.10 | Mem:0.04M, Peak:0.04M | Scene, ViewLayer | Updating Geometry BVH TopSoft 7/7 | Building BVH
Fra:1 Mem:11.08M (Peak 38.21M) | Time:00:00.10 | Mem:0.04M, Peak:0.04M | Scene, ViewLayer | Updating Geometry BVH TopSoft 7/7 | Building OptiX acceleration structure
Fra:1 Mem:11.08M (Peak 38.21M) | Time:00:00.10 | Mem:0.04M, Peak:0.04M | Scene, ViewLayer | Updating Geometry BVH 1 2/7 | Building BVH
Fra:1 Mem:11.08M (Peak 38.21M) | Time:00:00.10 | Mem:0.04M, Peak:0.04M | Scene, ViewLayer | Updating Geometry BVH LeftFill 5/7 | Building OptiX acceleration structure
Fra:1 Mem:11.08M (Peak 38.21M) | Time:00:00.10 | Mem:0.15M, Peak:0.51M | Scene, ViewLayer | Updating Scene BVH | Building
Fra:1 Mem:11.08M (Peak 38.21M) | Time:00:00.10 | Mem:0.15M, Peak:0.51M | Scene, ViewLayer | Updating Scene BVH | Building OptiX acceleration structure
Fra:1 Mem:11.08M (Peak 38.21M) | Time:00:00.10 | Mem:0.15M, Peak:0.51M | Scene, ViewLayer | Updating Scene BVH | Copying BVH to device
Fra:1 Mem:11.08M (Peak 38.21M) | Time:00:00.10 | Mem:0.15M, Peak:0.51M | Scene, ViewLayer | Updating Mesh | Computing normals
Fra:1 Mem:11.21M (Peak 38.21M) | Time:00:00.10 | Mem:0.15M, Peak:0.51M | Scene, ViewLayer | Updating Mesh | Copying Mesh to device
Fra:1 Mem:11.21M (Peak 38.21M) | Time:00:00.10 | Mem:0.29M, Peak:0.51M | Scene, ViewLayer | Updating Objects Flags
Fra:1 Mem:11.21M (Peak 38.21M) | Time:00:00.10 | Mem:0.29M, Peak:0.51M | Scene, ViewLayer | Updating Primitive Offsets
Fra:1 Mem:11.21M (Peak 38.21M) | Time:00:00.10 | Mem:0.29M, Peak:0.51M | Scene, ViewLayer | Updating Images
Fra:1 Mem:11.21M (Peak 38.21M) | Time:00:00.10 | Mem:0.29M, Peak:0.51M | Scene, ViewLayer | Updating Camera Volume
Fra:1 Mem:11.21M (Peak 38.21M) | Time:00:00.10 | Mem:0.29M, Peak:0.51M | Scene, ViewLayer | Updating Lookup Tables
Fra:1 Mem:11.21M (Peak 38.21M) | Time:00:00.10 | Mem:0.37M, Peak:0.51M | Scene, ViewLayer | Updating Lights
Fra:1 Mem:11.21M (Peak 38.21M) | Time:00:00.10 | Mem:0.37M, Peak:0.51M | Scene, ViewLayer | Updating Lights | Computing tree
Fra:1 Mem:11.21M (Peak 38.21M) | Time:00:00.10 | Mem:0.37M, Peak:0.51M | Scene, ViewLayer | Updating Integrator
Fra:1 Mem:11.21M (Peak 38.21M) | Time:00:00.10 | Mem:0.37M, Peak:0.51M | Scene, ViewLayer | Updating Film
Fra:1 Mem:11.22M (Peak 38.21M) | Time:00:00.10 | Mem:0.29M, Peak:0.51M | Scene, ViewLayer | Updating Lookup Tables
Fra:1 Mem:11.22M (Peak 38.21M) | Time:00:00.10 | Mem:0.37M, Peak:0.51M | Scene, ViewLayer | Updating Baking
Fra:1 Mem:11.22M (Peak 38.21M) | Time:00:00.10 | Mem:0.37M, Peak:0.51M | Scene, ViewLayer | Updating Device | Writing constant memory
Fra:1 Mem:11.22M (Peak 38.21M) | Time:00:00.10 | Mem:0.37M, Peak:0.51M | Scene, ViewLayer | Loading denoising kernels (may take a few minutes the first time)
Fra:1 Mem:24.54M (Peak 38.21M) | Time:00:00.10 | Mem:1171.88M, Peak:1171.88M | Scene, ViewLayer | Sample 0/8
Fra:1 Mem:29.29M (Peak 38.21M) | Time:00:00.11 | Remaining:00:00.01 | Mem:1176.63M, Peak:1176.63M | Scene, ViewLayer | Sample 1/8
Fra:1 Mem:31.29M (Peak 38.21M) | Time:00:00.12 | Mem:1230.20M, Peak:1231.70M | Scene, ViewLayer | Sample 8/8
Fra:1 Mem:31.29M (Peak 38.21M) | Time:00:00.12 | Mem:1230.20M, Peak:1231.70M | Scene, ViewLayer | Finished
Saved: '/tmp/pose_1_4tdt9bkv/probe.png'
Time: 00:00.17 (Saving: 00:00.00)

Fra:1 Mem:11.01M (Peak 11.01M) | Time:00:00.04 | Mem:0.00M, Peak:0.00M | Scene, ViewLayer | Synchronizing object | 1
Fra:1 Mem:11.02M (Peak 11.02M) | Time:00:00.04 | Mem:0.00M, Peak:0.00M | Scene, ViewLayer | Synchronizing object | LeftFill
Fra:1 Mem:11.02M (Peak 11.02M) | Time:00:00.04 | Mem:0.00M, Peak:0.00M | Scene, ViewLayer | Synchronizing object | TopSoft
Fra:1 Mem:11.21M (Peak 11.21M) | Time:00:00.04 | Mem:0.00M, Peak:0.00M | Scene, ViewLayer | Initializing
Fra:1 Mem:10.97M (Peak 11.21M) | Time:00:00.04 | Mem:0.00M, Peak:0.00M | Scene, ViewLayer | Waiting for render to start
Fra:1 Mem:10.97M (Peak 11.21M) | Time:00:00.04 | Mem:0.00M, Peak:0.00M | Scene, ViewLayer | Updating Scene
Fra:1 Mem:10.97M (Peak 11.21M) | Time:00:00.04 | Mem:0.00M, Peak:0.00M | Scene, ViewLayer | Updating Shaders
Fra:1 Mem:11.05M (Peak 11.21M) | Time:00:00.04 | Mem:0.00M, Peak:0.00M | Scene, ViewLayer | Loading render kernels (may take a few minutes the first time)
Fra:1 Mem:11.05M (Peak 38.21M) | Time:00:00.10 | Mem:0.01M, Peak:0.01M | Scene, ViewLayer | Updating Procedurals
Fra:1 Mem:11.05M (Peak 38.21M) | Time:00:00.10 | Mem:0.01M, Peak:0.01M | Scene, ViewLayer | Updating Background
Fra:1 Mem:11.05M (Peak 38.21M) | Time:00:00.10 | Mem:0.01M, Peak:0.01M | Scene, ViewLayer | Updating Camera
Fra:1 Mem:11.05M (Peak 38.21M) | Time:00:00.10 | Mem:0.01M, Peak:0.01M | Scene, ViewLayer | Updating Meshes Flags
Fra:1 Mem:11.05M (Peak 38.21M) | Time:00:00.10 | Mem:0.01M, Peak:0.01M | Scene, ViewLayer | Updating Objects
Fra:1 Mem:11.05M (Peak 38.21M) | Time:00:00.10 | Mem:0.01M, Peak:0.01M | Scene, ViewLayer | Updating Objects | Copying Transformations to device
Fra:1 Mem:11.05M (Peak 38.21M) | Time:00:00.10 | Mem:0.01M, Peak:0.01M | Scene, ViewLayer | Updating Particle Systems
Fra:1 Mem:11.05M (Peak 38.21M) | Time:00:00.10 | Mem:0.01M, Peak:0.01M | Scene, ViewLayer | Updating Particle Systems | Copying Particles to device
Fra:1 Mem:11.05M (Peak 38.21M) | Time:00:00.10 | Mem:0.01M, Peak:0.01M | Scene, ViewLayer | Updating Meshes
Fra:1 Mem:11.05M (Peak 38.21M) | Time:00:00.10 | Mem:0.01M, Peak:0.01M | Scene, ViewLayer | Updating Objects | Applying Static Transformations
Fra:1 Mem:11.05M (Peak 38.21M) | Time:00:00.10 | Mem:0.01M, Peak:0.01M | Scene, ViewLayer | Updating Mesh | Computing attributes
Fra:1 Mem:11.08M (Peak 38.21M) | Time:00:00.10 | Mem:0.01M, Peak:0.01M | Scene, ViewLayer | Updating Mesh | Copying Attributes to device
Fra:1 Mem:11.08M (Peak 38.21M) | Time:00:00.10 | Mem:0.04M, Peak:0.04M | Scene, ViewLayer | Updating Geometry BVH light 8/7 | Building BVH
Fra:1 Mem:11.08M (Peak 38.21M) | Time:00:00.10 | Mem:0.04M, Peak:0.04M | Scene, ViewLayer | Updating Geometry BVH light 8/7 | Building OptiX acceleration structure
Fra:1 Mem:11.08M (Peak 38.21M) | Time:00:00.10 | Mem:0.04M, Peak:0.04M | Scene, ViewLayer | Updating Geometry BVH TopSoft 7/7 | Building BVH
Fra:1 Mem:11.08M (Peak 38.21M) | Time:00:00.10 | Mem:0.04M, Peak:0.04M | Scene, ViewLayer | Updating Geometry BVH TopSoft 7/7 | Building OptiX acceleration structure
Fra:1 Mem:11.08M (Peak 38.21M) | Time:00:00.10 | Mem:0.04M, Peak:0.04M | Scene, ViewLayer | Updating Geometry BVH RightFill 6/7 | Building BVH
Fra:1 Mem:11.08M (Peak 38.21M) | Time:00:00.10 | Mem:0.04M, Peak:0.04M | Scene, ViewLayer | Updating Geometry BVH FrontKey 3/7 | Building OptiX acceleration structure
Fra:1 Mem:11.08M (Peak 38.21M) | Time:00:00.10 | Mem:0.04M, Peak:0.04M | Scene, ViewLayer | Updating Geometry BVH LeftFill 5/7 | Building BVH
Fra:1 Mem:11.08M (Peak 38.21M) | Time:00:00.10 | Mem:0.04M, Peak:0.04M | Scene, ViewLayer | Updating Geometry BVH LeftFill 5/7 | Building OptiX acceleration structure
Fra:1 Mem:11.08M (Peak 38.21M) | Time:00:00.10 | Mem:0.16M, Peak:0.52M | Scene, ViewLayer | Updating Scene BVH | Building
Fra:1 Mem:11.08M (Peak 38.21M) | Time:00:00.10 | Mem:0.16M, Peak:0.52M | Scene, ViewLayer | Updating Scene BVH | Building OptiX acceleration structure
Fra:1 Mem:11.08M (Peak 38.21M) | Time:00:00.10 | Mem:0.16M, Peak:0.52M | Scene, ViewLayer | Updating Scene BVH | Copying BVH to device
Fra:1 Mem:11.08M (Peak 38.21M) | Time:00:00.10 | Mem:0.16M, Peak:0.52M | Scene, ViewLayer | Updating Mesh | Computing normals
Fra:1 Mem:11.21M (Peak 38.21M) | Time:00:00.10 | Mem:0.16M, Peak:0.52M | Scene, ViewLayer | Updating Mesh | Copying Mesh to device
Fra:1 Mem:11.21M (Peak 38.21M) | Time:00:00.10 | Mem:0.29M, Peak:0.52M | Scene, ViewLayer | Updating Objects Flags
Fra:1 Mem:11.21M (Peak 38.21M) | Time:00:00.10 | Mem:0.29M, Peak:0.52M | Scene, ViewLayer | Updating Primitive Offsets
Fra:1 Mem:11.21M (Peak 38.21M) | Time:00:00.10 | Mem:0.29M, Peak:0.52M | Scene, ViewLayer | Updating Images
Fra:1 Mem:11.21M (Peak 38.21M) | Time:00:00.10 | Mem:0.29M, Peak:0.52M | Scene, ViewLayer | Updating Camera Volume
Fra:1 Mem:11.21M (Peak 38.21M) | Time:00:00.10 | Mem:0.29M, Peak:0.52M | Scene, ViewLayer | Updating Lookup Tables
Fra:1 Mem:11.21M (Peak 38.21M) | Time:00:00.10 | Mem:0.37M, Peak:0.52M | Scene, ViewLayer | Updating Lights
Fra:1 Mem:11.21M (Peak 38.21M) | Time:00:00.10 | Mem:0.37M, Peak:0.52M | Scene, ViewLayer | Updating Lights | Computing tree
Fra:1 Mem:11.21M (Peak 38.21M) | Time:00:00.10 | Mem:0.37M, Peak:0.52M | Scene, ViewLayer | Updating Integrator
Fra:1 Mem:11.21M (Peak 38.21M) | Time:00:00.10 | Mem:0.37M, Peak:0.52M | Scene, ViewLayer | Updating Film
Fra:1 Mem:11.22M (Peak 38.21M) | Time:00:00.10 | Mem:0.29M, Peak:0.52M | Scene, ViewLayer | Updating Lookup Tables
Fra:1 Mem:11.22M (Peak 38.21M) | Time:00:00.10 | Mem:0.38M, Peak:0.52M | Scene, ViewLayer | Updating Baking
Fra:1 Mem:11.22M (Peak 38.21M) | Time:00:00.10 | Mem:0.38M, Peak:0.52M | Scene, ViewLayer | Updating Device | Writing constant memory
Fra:1 Mem:11.22M (Peak 38.21M) | Time:00:00.10 | Mem:0.38M, Peak:0.52M | Scene, ViewLayer | Loading denoising kernels (may take a few minutes the first time)
Fra:1 Mem:24.54M (Peak 38.21M) | Time:00:00.11 | Mem:1171.88M, Peak:1171.88M | Scene, ViewLayer | Sample 0/8
Fra:1 Mem:29.29M (Peak 38.21M) | Time:00:00.11 | Remaining:00:00.01 | Mem:1176.63M, Peak:1176.63M | Scene, ViewLayer | Sample 1/8
Fra:1 Mem:31.29M (Peak 38.21M) | Time:00:00.13 | Mem:1230.21M, Peak:1231.71M | Scene, ViewLayer | Sample 8/8
Fra:1 Mem:31.29M (Peak 38.21M) | Time:00:00.13 | Mem:1230.21M, Peak:1231.71M | Scene, ViewLayer | Finished
Saved: '/tmp/pose_1_4tdt9bkv/probe.png'
Time: 00:00.18 (Saving: 00:00.00)

Fra:1 Mem:11.01M (Peak 11.01M) | Time:00:00.04 | Mem:0.00M, Peak:0.00M | Scene, ViewLayer | Synchronizing object | 1
Fra:1 Mem:11.02M (Peak 11.02M) | Time:00:00.04 | Mem:0.00M, Peak:0.00M | Scene, ViewLayer | Synchronizing object | LeftFill
Fra:1 Mem:11.02M (Peak 11.02M) | Time:00:00.04 | Mem:0.00M, Peak:0.00M | Scene, ViewLayer | Synchronizing object | TopSoft
Fra:1 Mem:11.21M (Peak 11.21M) | Time:00:00.04 | Mem:0.00M, Peak:0.00M | Scene, ViewLayer | Initializing
Fra:1 Mem:10.97M (Peak 11.21M) | Time:00:00.04 | Mem:0.00M, Peak:0.00M | Scene, ViewLayer | Waiting for render to start
Fra:1 Mem:10.97M (Peak 11.21M) | Time:00:00.04 | Mem:0.00M, Peak:0.00M | Scene, ViewLayer | Updating Scene
Fra:1 Mem:10.97M (Peak 11.21M) | Time:00:00.04 | Mem:0.00M, Peak:0.00M | Scene, ViewLayer | Updating Shaders
Fra:1 Mem:11.05M (Peak 11.21M) | Time:00:00.04 | Mem:0.00M, Peak:0.00M | Scene, ViewLayer | Loading render kernels (may take a few minutes the first time)
Fra:1 Mem:11.05M (Peak 38.21M) | Time:00:00.10 | Mem:0.01M, Peak:0.01M | Scene, ViewLayer | Updating Procedurals
Fra:1 Mem:11.05M (Peak 38.21M) | Time:00:00.10 | Mem:0.01M, Peak:0.01M | Scene, ViewLayer | Updating Background
Fra:1 Mem:11.05M (Peak 38.21M) | Time:00:00.10 | Mem:0.01M, Peak:0.01M | Scene, ViewLayer | Updating Camera
Fra:1 Mem:11.05M (Peak 38.21M) | Time:00:00.10 | Mem:0.01M, Peak:0.01M | Scene, ViewLayer | Updating Meshes Flags
Fra:1 Mem:11.05M (Peak 38.21M) | Time:00:00.10 | Mem:0.01M, Peak:0.01M | Scene, ViewLayer | Updating Objects
Fra:1 Mem:11.05M (Peak 38.21M) | Time:00:00.10 | Mem:0.01M, Peak:0.01M | Scene, ViewLayer | Updating Objects | Copying Transformations to device
Fra:1 Mem:11.05M (Peak 38.21M) | Time:00:00.10 | Mem:0.01M, Peak:0.01M | Scene, ViewLayer | Updating Particle Systems
Fra:1 Mem:11.05M (Peak 38.21M) | Time:00:00.10 | Mem:0.01M, Peak:0.01M | Scene, ViewLayer | Updating Particle Systems | Copying Particles to device
Fra:1 Mem:11.05M (Peak 38.21M) | Time:00:00.10 | Mem:0.01M, Peak:0.01M | Scene, ViewLayer | Updating Meshes
Fra:1 Mem:11.05M (Peak 38.21M) | Time:00:00.10 | Mem:0.01M, Peak:0.01M | Scene, ViewLayer | Updating Objects | Applying Static Transformations
Fra:1 Mem:11.05M (Peak 38.21M) | Time:00:00.10 | Mem:0.01M, Peak:0.01M | Scene, ViewLayer | Updating Mesh | Computing attributes
Fra:1 Mem:11.08M (Peak 38.21M) | Time:00:00.10 | Mem:0.01M, Peak:0.01M | Scene, ViewLayer | Updating Mesh | Copying Attributes to device
Fra:1 Mem:11.08M (Peak 38.21M) | Time:00:00.10 | Mem:0.04M, Peak:0.04M | Scene, ViewLayer | Updating Geometry BVH light 8/7 | Building BVH
Fra:1 Mem:11.08M (Peak 38.21M) | Time:00:00.10 | Mem:0.04M, Peak:0.04M | Scene, ViewLayer | Updating Geometry BVH light 8/7 | Building OptiX acceleration structure
Fra:1 Mem:11.08M (Peak 38.21M) | Time:00:00.10 | Mem:0.04M, Peak:0.04M | Scene, ViewLayer | Updating Geometry BVH TopSoft 7/7 | Building BVH
Fra:1 Mem:11.08M (Peak 38.21M) | Time:00:00.10 | Mem:0.04M, Peak:0.04M | Scene, ViewLayer | Updating Geometry BVH TopSoft 7/7 | Building OptiX acceleration structure
Fra:1 Mem:11.08M (Peak 38.21M) | Time:00:00.10 | Mem:0.04M, Peak:0.04M | Scene, ViewLayer | Updating Geometry BVH RightFill 6/7 | Building BVH
Fra:1 Mem:11.08M (Peak 38.21M) | Time:00:00.10 | Mem:0.04M, Peak:0.04M | Scene, ViewLayer | Updating Geometry BVH BackFill 4/7 | Building OptiX acceleration structure
Fra:1 Mem:11.08M (Peak 38.21M) | Time:00:00.10 | Mem:0.15M, Peak:0.51M | Scene, ViewLayer | Updating Scene BVH | Building
Fra:1 Mem:11.08M (Peak 38.21M) | Time:00:00.10 | Mem:0.15M, Peak:0.51M | Scene, ViewLayer | Updating Scene BVH | Building OptiX acceleration structure
Fra:1 Mem:11.08M (Peak 38.21M) | Time:00:00.10 | Mem:0.16M, Peak:0.51M | Scene, ViewLayer | Updating Scene BVH | Copying BVH to device
Fra:1 Mem:11.08M (Peak 38.21M) | Time:00:00.10 | Mem:0.16M, Peak:0.51M | Scene, ViewLayer | Updating Mesh | Computing normals
Fra:1 Mem:11.21M (Peak 38.21M) | Time:00:00.10 | Mem:0.16M, Peak:0.51M | Scene, ViewLayer | Updating Mesh | Copying Mesh to device
Fra:1 Mem:11.21M (Peak 38.21M) | Time:00:00.10 | Mem:0.29M, Peak:0.51M | Scene, ViewLayer | Updating Objects Flags
Fra:1 Mem:11.21M (Peak 38.21M) | Time:00:00.10 | Mem:0.29M, Peak:0.51M | Scene, ViewLayer | Updating Primitive Offsets
Fra:1 Mem:11.21M (Peak 38.21M) | Time:00:00.10 | Mem:0.29M, Peak:0.51M | Scene, ViewLayer | Updating Images
Fra:1 Mem:11.21M (Peak 38.21M) | Time:00:00.10 | Mem:0.29M, Peak:0.51M | Scene, ViewLayer | Updating Camera Volume
Fra:1 Mem:11.21M (Peak 38.21M) | Time:00:00.10 | Mem:0.29M, Peak:0.51M | Scene, ViewLayer | Updating Lookup Tables
Fra:1 Mem:11.21M (Peak 38.21M) | Time:00:00.10 | Mem:0.37M, Peak:0.51M | Scene, ViewLayer | Updating Lights
Fra:1 Mem:11.21M (Peak 38.21M) | Time:00:00.10 | Mem:0.37M, Peak:0.51M | Scene, ViewLayer | Updating Lights | Computing tree
Fra:1 Mem:11.21M (Peak 38.21M) | Time:00:00.10 | Mem:0.37M, Peak:0.51M | Scene, ViewLayer | Updating Integrator
Fra:1 Mem:11.21M (Peak 38.21M) | Time:00:00.10 | Mem:0.37M, Peak:0.51M | Scene, ViewLayer | Updating Film
Fra:1 Mem:11.22M (Peak 38.21M) | Time:00:00.10 | Mem:0.29M, Peak:0.51M | Scene, ViewLayer | Updating Lookup Tables
Fra:1 Mem:11.22M (Peak 38.21M) | Time:00:00.10 | Mem:0.37M, Peak:0.51M | Scene, ViewLayer | Updating Baking
Fra:1 Mem:11.22M (Peak 38.21M) | Time:00:00.10 | Mem:0.37M, Peak:0.51M | Scene, ViewLayer | Updating Device | Writing constant memory
Fra:1 Mem:11.22M (Peak 38.21M) | Time:00:00.10 | Mem:0.37M, Peak:0.51M | Scene, ViewLayer | Loading denoising kernels (may take a few minutes the first time)
Fra:1 Mem:24.54M (Peak 38.21M) | Time:00:00.11 | Mem:1171.88M, Peak:1171.88M | Scene, ViewLayer | Sample 0/8
Fra:1 Mem:29.29M (Peak 38.21M) | Time:00:00.11 | Remaining:00:00.01 | Mem:1176.63M, Peak:1176.63M | Scene, ViewLayer | Sample 1/8
Fra:1 Mem:31.29M (Peak 38.21M) | Time:00:00.13 | Mem:1230.20M, Peak:1231.70M | Scene, ViewLayer | Sample 8/8
Fra:1 Mem:31.29M (Peak 38.21M) | Time:00:00.13 | Mem:1230.20M, Peak:1231.70M | Scene, ViewLayer | Finished
Saved: '/tmp/pose_1_4tdt9bkv/probe.png'
Time: 00:00.18 (Saving: 00:00.00)

Fra:1 Mem:11.01M (Peak 11.01M) | Time:00:00.04 | Mem:0.00M, Peak:0.00M | Scene, ViewLayer | Synchronizing object | 1
Fra:1 Mem:11.02M (Peak 11.02M) | Time:00:00.04 | Mem:0.00M, Peak:0.00M | Scene, ViewLayer | Synchronizing object | LeftFill
Fra:1 Mem:11.02M (Peak 11.02M) | Time:00:00.04 | Mem:0.00M, Peak:0.00M | Scene, ViewLayer | Synchronizing object | TopSoft
Fra:1 Mem:11.21M (Peak 11.21M) | Time:00:00.04 | Mem:0.00M, Peak:0.00M | Scene, ViewLayer | Initializing
Fra:1 Mem:10.97M (Peak 11.21M) | Time:00:00.04 | Mem:0.00M, Peak:0.00M | Scene, ViewLayer | Waiting for render to start
Fra:1 Mem:10.97M (Peak 11.21M) | Time:00:00.04 | Mem:0.00M, Peak:0.00M | Scene, ViewLayer | Updating Scene
Fra:1 Mem:10.97M (Peak 11.21M) | Time:00:00.04 | Mem:0.00M, Peak:0.00M | Scene, ViewLayer | Updating Shaders
Fra:1 Mem:11.05M (Peak 11.21M) | Time:00:00.04 | Mem:0.00M, Peak:0.00M | Scene, ViewLayer | Loading render kernels (may take a few minutes the first time)
Fra:1 Mem:11.05M (Peak 38.21M) | Time:00:00.10 | Mem:0.01M, Peak:0.01M | Scene, ViewLayer | Updating Procedurals
Fra:1 Mem:11.05M (Peak 38.21M) | Time:00:00.10 | Mem:0.01M, Peak:0.01M | Scene, ViewLayer | Updating Background
Fra:1 Mem:11.05M (Peak 38.21M) | Time:00:00.10 | Mem:0.01M, Peak:0.01M | Scene, ViewLayer | Updating Camera
Fra:1 Mem:11.05M (Peak 38.21M) | Time:00:00.10 | Mem:0.01M, Peak:0.01M | Scene, ViewLayer | Updating Meshes Flags
Fra:1 Mem:11.05M (Peak 38.21M) | Time:00:00.10 | Mem:0.01M, Peak:0.01M | Scene, ViewLayer | Updating Objects
Fra:1 Mem:11.05M (Peak 38.21M) | Time:00:00.10 | Mem:0.01M, Peak:0.01M | Scene, ViewLayer | Updating Objects | Copying Transformations to device
Fra:1 Mem:11.05M (Peak 38.21M) | Time:00:00.10 | Mem:0.01M, Peak:0.01M | Scene, ViewLayer | Updating Particle Systems
Fra:1 Mem:11.05M (Peak 38.21M) | Time:00:00.10 | Mem:0.01M, Peak:0.01M | Scene, ViewLayer | Updating Particle Systems | Copying Particles to device
Fra:1 Mem:11.05M (Peak 38.21M) | Time:00:00.10 | Mem:0.01M, Peak:0.01M | Scene, ViewLayer | Updating Meshes
Fra:1 Mem:11.05M (Peak 38.21M) | Time:00:00.10 | Mem:0.01M, Peak:0.01M | Scene, ViewLayer | Updating Objects | Applying Static Transformations
Fra:1 Mem:11.05M (Peak 38.21M) | Time:00:00.10 | Mem:0.01M, Peak:0.01M | Scene, ViewLayer | Updating Mesh | Computing attributes
Fra:1 Mem:11.08M (Peak 38.21M) | Time:00:00.10 | Mem:0.01M, Peak:0.01M | Scene, ViewLayer | Updating Mesh | Copying Attributes to device
Fra:1 Mem:11.08M (Peak 38.21M) | Time:00:00.10 | Mem:0.04M, Peak:0.04M | Scene, ViewLayer | Updating Geometry BVH light 8/7 | Building BVH
Fra:1 Mem:11.08M (Peak 38.21M) | Time:00:00.10 | Mem:0.04M, Peak:0.04M | Scene, ViewLayer | Updating Geometry BVH light 8/7 | Building OptiX acceleration structure
Fra:1 Mem:11.08M (Peak 38.21M) | Time:00:00.10 | Mem:0.04M, Peak:0.04M | Scene, ViewLayer | Updating Geometry BVH TopSoft 7/7 | Building BVH
Fra:1 Mem:11.08M (Peak 38.21M) | Time:00:00.10 | Mem:0.04M, Peak:0.04M | Scene, ViewLayer | Updating Geometry BVH TopSoft 7/7 | Building OptiX acceleration structure
Fra:1 Mem:11.08M (Peak 38.21M) | Time:00:00.10 | Mem:0.04M, Peak:0.04M | Scene, ViewLayer | Updating Geometry BVH 1 2/7 | Building BVH
Fra:1 Mem:11.08M (Peak 38.21M) | Time:00:00.10 | Mem:0.04M, Peak:0.04M | Scene, ViewLayer | Updating Geometry BVH LeftFill 5/7 | Building OptiX acceleration structure
Fra:1 Mem:11.08M (Peak 38.21M) | Time:00:00.10 | Mem:0.15M, Peak:0.51M | Scene, ViewLayer | Updating Scene BVH | Building
Fra:1 Mem:11.08M (Peak 38.21M) | Time:00:00.10 | Mem:0.15M, Peak:0.51M | Scene, ViewLayer | Updating Scene BVH | Building OptiX acceleration structure
Fra:1 Mem:11.08M (Peak 38.21M) | Time:00:00.10 | Mem:0.15M, Peak:0.51M | Scene, ViewLayer | Updating Scene BVH | Copying BVH to device
Fra:1 Mem:11.08M (Peak 38.21M) | Time:00:00.10 | Mem:0.15M, Peak:0.51M | Scene, ViewLayer | Updating Mesh | Computing normals
Fra:1 Mem:11.21M (Peak 38.21M) | Time:00:00.10 | Mem:0.15M, Peak:0.51M | Scene, ViewLayer | Updating Mesh | Copying Mesh to device
Fra:1 Mem:11.21M (Peak 38.21M) | Time:00:00.10 | Mem:0.29M, Peak:0.51M | Scene, ViewLayer | Updating Objects Flags
Fra:1 Mem:11.21M (Peak 38.21M) | Time:00:00.10 | Mem:0.29M, Peak:0.51M | Scene, ViewLayer | Updating Primitive Offsets
Fra:1 Mem:11.21M (Peak 38.21M) | Time:00:00.10 | Mem:0.29M, Peak:0.51M | Scene, ViewLayer | Updating Images
Fra:1 Mem:11.21M (Peak 38.21M) | Time:00:00.10 | Mem:0.29M, Peak:0.51M | Scene, ViewLayer | Updating Camera Volume
Fra:1 Mem:11.21M (Peak 38.21M) | Time:00:00.10 | Mem:0.29M, Peak:0.51M | Scene, ViewLayer | Updating Lookup Tables
Fra:1 Mem:11.21M (Peak 38.21M) | Time:00:00.10 | Mem:0.37M, Peak:0.51M | Scene, ViewLayer | Updating Lights
Fra:1 Mem:11.21M (Peak 38.21M) | Time:00:00.10 | Mem:0.37M, Peak:0.51M | Scene, ViewLayer | Updating Lights | Computing tree
Fra:1 Mem:11.21M (Peak 38.21M) | Time:00:00.10 | Mem:0.37M, Peak:0.51M | Scene, ViewLayer | Updating Integrator
Fra:1 Mem:11.21M (Peak 38.21M) | Time:00:00.10 | Mem:0.37M, Peak:0.51M | Scene, ViewLayer | Updating Film
Fra:1 Mem:11.22M (Peak 38.21M) | Time:00:00.10 | Mem:0.29M, Peak:0.51M | Scene, ViewLayer | Updating Lookup Tables
Fra:1 Mem:11.22M (Peak 38.21M) | Time:00:00.10 | Mem:0.37M, Peak:0.51M | Scene, ViewLayer | Updating Baking
Fra:1 Mem:11.22M (Peak 38.21M) | Time:00:00.10 | Mem:0.37M, Peak:0.51M | Scene, ViewLayer | Updating Device | Writing constant memory
Fra:1 Mem:11.22M (Peak 38.21M) | Time:00:00.10 | Mem:0.37M, Peak:0.51M | Scene, ViewLayer | Loading denoising kernels (may take a few minutes the first time)
Fra:1 Mem:24.54M (Peak 38.21M) | Time:00:00.11 | Mem:1171.88M, Peak:1171.88M | Scene, ViewLayer | Sample 0/8
Fra:1 Mem:29.29M (Peak 38.21M) | Time:00:00.11 | Remaining:00:00.01 | Mem:1176.63M, Peak:1176.63M | Scene, ViewLayer | Sample 1/8
Fra:1 Mem:31.29M (Peak 38.21M) | Time:00:00.13 | Mem:1230.20M, Peak:1231.70M | Scene, ViewLayer | Sample 8/8
Fra:1 Mem:31.29M (Peak 38.21M) | Time:00:00.13 | Mem:1230.20M, Peak:1231.70M | Scene, ViewLayer | Finished
Saved: '/tmp/pose_1_4tdt9bkv/probe.png'
Time: 00:00.18 (Saving: 00:00.00)

Fra:1 Mem:11.01M (Peak 11.01M) | Time:00:00.04 | Mem:0.00M, Peak:0.00M | Scene, ViewLayer | Synchronizing object | 1
Fra:1 Mem:11.02M (Peak 11.02M) | Time:00:00.04 | Mem:0.00M, Peak:0.00M | Scene, ViewLayer | Synchronizing object | FrontKey
Fra:1 Mem:11.02M (Peak 11.02M) | Time:00:00.04 | Mem:0.00M, Peak:0.00M | Scene, ViewLayer | Synchronizing object | LeftFill
Fra:1 Mem:11.13M (Peak 11.13M) | Time:00:00.04 | Mem:0.00M, Peak:0.00M | Scene, ViewLayer | Synchronizing object | TopSoft
Fra:1 Mem:11.21M (Peak 11.21M) | Time:00:00.04 | Mem:0.00M, Peak:0.00M | Scene, ViewLayer | Initializing
Fra:1 Mem:10.97M (Peak 11.21M) | Time:00:00.04 | Mem:0.00M, Peak:0.00M | Scene, ViewLayer | Waiting for render to start
Fra:1 Mem:10.97M (Peak 11.21M) | Time:00:00.04 | Mem:0.00M, Peak:0.00M | Scene, ViewLayer | Updating Scene
Fra:1 Mem:10.97M (Peak 11.21M) | Time:00:00.04 | Mem:0.00M, Peak:0.00M | Scene, ViewLayer | Updating Shaders
Fra:1 Mem:11.05M (Peak 11.21M) | Time:00:00.04 | Mem:0.00M, Peak:0.00M | Scene, ViewLayer | Loading render kernels (may take a few minutes the first time)
Fra:1 Mem:11.05M (Peak 38.21M) | Time:00:00.10 | Mem:0.01M, Peak:0.01M | Scene, ViewLayer | Updating Procedurals
Fra:1 Mem:11.05M (Peak 38.21M) | Time:00:00.10 | Mem:0.01M, Peak:0.01M | Scene, ViewLayer | Updating Background
Fra:1 Mem:11.05M (Peak 38.21M) | Time:00:00.10 | Mem:0.01M, Peak:0.01M | Scene, ViewLayer | Updating Camera
Fra:1 Mem:11.05M (Peak 38.21M) | Time:00:00.10 | Mem:0.01M, Peak:0.01M | Scene, ViewLayer | Updating Meshes Flags
Fra:1 Mem:11.05M (Peak 38.21M) | Time:00:00.10 | Mem:0.01M, Peak:0.01M | Scene, ViewLayer | Updating Objects
Fra:1 Mem:11.05M (Peak 38.21M) | Time:00:00.10 | Mem:0.01M, Peak:0.01M | Scene, ViewLayer | Updating Objects | Copying Transformations to device
Fra:1 Mem:11.05M (Peak 38.21M) | Time:00:00.10 | Mem:0.01M, Peak:0.01M | Scene, ViewLayer | Updating Particle Systems
Fra:1 Mem:11.05M (Peak 38.21M) | Time:00:00.10 | Mem:0.01M, Peak:0.01M | Scene, ViewLayer | Updating Particle Systems | Copying Particles to device
Fra:1 Mem:11.05M (Peak 38.21M) | Time:00:00.10 | Mem:0.01M, Peak:0.01M | Scene, ViewLayer | Updating Meshes
Fra:1 Mem:11.05M (Peak 38.21M) | Time:00:00.10 | Mem:0.01M, Peak:0.01M | Scene, ViewLayer | Updating Objects | Applying Static Transformations
Fra:1 Mem:11.05M (Peak 38.21M) | Time:00:00.10 | Mem:0.01M, Peak:0.01M | Scene, ViewLayer | Updating Mesh | Computing attributes
Fra:1 Mem:11.08M (Peak 38.21M) | Time:00:00.10 | Mem:0.01M, Peak:0.01M | Scene, ViewLayer | Updating Mesh | Copying Attributes to device
Fra:1 Mem:11.08M (Peak 38.21M) | Time:00:00.10 | Mem:0.04M, Peak:0.04M | Scene, ViewLayer | Updating Geometry BVH light 8/7 | Building BVH
Fra:1 Mem:11.08M (Peak 38.21M) | Time:00:00.10 | Mem:0.04M, Peak:0.04M | Scene, ViewLayer | Updating Geometry BVH light 8/7 | Building OptiX acceleration structure
Fra:1 Mem:11.08M (Peak 38.21M) | Time:00:00.10 | Mem:0.04M, Peak:0.04M | Scene, ViewLayer | Updating Geometry BVH TopSoft 7/7 | Building BVH
Fra:1 Mem:11.08M (Peak 38.21M) | Time:00:00.10 | Mem:0.04M, Peak:0.04M | Scene, ViewLayer | Updating Geometry BVH TopSoft 7/7 | Building OptiX acceleration structure
Fra:1 Mem:11.08M (Peak 38.21M) | Time:00:00.10 | Mem:0.04M, Peak:0.04M | Scene, ViewLayer | Updating Geometry BVH RightFill 6/7 | Building BVH
Fra:1 Mem:11.08M (Peak 38.21M) | Time:00:00.10 | Mem:0.04M, Peak:0.04M | Scene, ViewLayer | Updating Geometry BVH RightFill 6/7 | Building OptiX acceleration structure
Fra:1 Mem:11.08M (Peak 38.21M) | Time:00:00.10 | Mem:0.04M, Peak:0.04M | Scene, ViewLayer | Updating Geometry BVH LeftFill 5/7 | Building BVH
Fra:1 Mem:11.08M (Peak 38.21M) | Time:00:00.10 | Mem:0.04M, Peak:0.04M | Scene, ViewLayer | Updating Geometry BVH LeftFill 5/7 | Building OptiX acceleration structure
Fra:1 Mem:11.08M (Peak 38.21M) | Time:00:00.10 | Mem:0.15M, Peak:0.51M | Scene, ViewLayer | Updating Scene BVH | Building
Fra:1 Mem:11.08M (Peak 38.21M) | Time:00:00.10 | Mem:0.15M, Peak:0.51M | Scene, ViewLayer | Updating Scene BVH | Building OptiX acceleration structure
Fra:1 Mem:11.08M (Peak 38.21M) | Time:00:00.10 | Mem:0.15M, Peak:0.51M | Scene, ViewLayer | Updating Scene BVH | Copying BVH to device
Fra:1 Mem:11.08M (Peak 38.21M) | Time:00:00.10 | Mem:0.15M, Peak:0.51M | Scene, ViewLayer | Updating Mesh | Computing normals
Fra:1 Mem:11.21M (Peak 38.21M) | Time:00:00.10 | Mem:0.15M, Peak:0.51M | Scene, ViewLayer | Updating Mesh | Copying Mesh to device
Fra:1 Mem:11.21M (Peak 38.21M) | Time:00:00.10 | Mem:0.29M, Peak:0.51M | Scene, ViewLayer | Updating Objects Flags
Fra:1 Mem:11.21M (Peak 38.21M) | Time:00:00.10 | Mem:0.29M, Peak:0.51M | Scene, ViewLayer | Updating Primitive Offsets
Fra:1 Mem:11.21M (Peak 38.21M) | Time:00:00.10 | Mem:0.29M, Peak:0.51M | Scene, ViewLayer | Updating Images
Fra:1 Mem:11.21M (Peak 38.21M) | Time:00:00.10 | Mem:0.29M, Peak:0.51M | Scene, ViewLayer | Updating Camera Volume
Fra:1 Mem:11.21M (Peak 38.21M) | Time:00:00.10 | Mem:0.29M, Peak:0.51M | Scene, ViewLayer | Updating Lookup Tables
Fra:1 Mem:11.21M (Peak 38.21M) | Time:00:00.10 | Mem:0.37M, Peak:0.51M | Scene, ViewLayer | Updating Lights
Fra:1 Mem:11.21M (Peak 38.21M) | Time:00:00.10 | Mem:0.37M, Peak:0.51M | Scene, ViewLayer | Updating Lights | Computing tree
Fra:1 Mem:11.21M (Peak 38.21M) | Time:00:00.10 | Mem:0.37M, Peak:0.51M | Scene, ViewLayer | Updating Integrator
Fra:1 Mem:11.21M (Peak 38.21M) | Time:00:00.10 | Mem:0.37M, Peak:0.51M | Scene, ViewLayer | Updating Film
Fra:1 Mem:11.22M (Peak 38.21M) | Time:00:00.10 | Mem:0.29M, Peak:0.51M | Scene, ViewLayer | Updating Lookup Tables
Fra:1 Mem:11.22M (Peak 38.21M) | Time:00:00.10 | Mem:0.37M, Peak:0.51M | Scene, ViewLayer | Updating Baking
Fra:1 Mem:11.22M (Peak 38.21M) | Time:00:00.10 | Mem:0.37M, Peak:0.51M | Scene, ViewLayer | Updating Device | Writing constant memory
Fra:1 Mem:11.22M (Peak 38.21M) | Time:00:00.10 | Mem:0.37M, Peak:0.51M | Scene, ViewLayer | Loading denoising kernels (may take a few minutes the first time)
Fra:1 Mem:24.54M (Peak 38.21M) | Time:00:00.10 | Mem:1171.88M, Peak:1171.88M | Scene, ViewLayer | Sample 0/8
Fra:1 Mem:29.29M (Peak 38.21M) | Time:00:00.11 | Remaining:00:00.01 | Mem:1176.63M, Peak:1176.63M | Scene, ViewLayer | Sample 1/8
Fra:1 Mem:31.29M (Peak 38.21M) | Time:00:00.12 | Mem:1230.20M, Peak:1231.70M | Scene, ViewLayer | Sample 8/8
Fra:1 Mem:31.29M (Peak 38.21M) | Time:00:00.12 | Mem:1230.20M, Peak:1231.70M | Scene, ViewLayer | Finished
Saved: '/tmp/pose_1_4tdt9bkv/probe.png'
Time: 00:00.17 (Saving: 00:00.00)

Fra:1 Mem:11.01M (Peak 11.01M) | Time:00:00.03 | Mem:0.00M, Peak:0.00M | Scene, ViewLayer | Synchronizing object | 1
Fra:1 Mem:11.02M (Peak 11.02M) | Time:00:00.03 | Mem:0.00M, Peak:0.00M | Scene, ViewLayer | Synchronizing object | BackFill
Fra:1 Mem:11.02M (Peak 11.02M) | Time:00:00.03 | Mem:0.00M, Peak:0.00M | Scene, ViewLayer | Synchronizing object | TopSoft
Fra:1 Mem:11.21M (Peak 11.21M) | Time:00:00.03 | Mem:0.00M, Peak:0.00M | Scene, ViewLayer | Initializing
Fra:1 Mem:10.97M (Peak 11.21M) | Time:00:00.03 | Mem:0.00M, Peak:0.00M | Scene, ViewLayer | Waiting for render to start
Fra:1 Mem:10.97M (Peak 11.21M) | Time:00:00.03 | Mem:0.00M, Peak:0.00M | Scene, ViewLayer | Updating Scene
Fra:1 Mem:10.97M (Peak 11.21M) | Time:00:00.04 | Mem:0.00M, Peak:0.00M | Scene, ViewLayer | Updating Shaders
Fra:1 Mem:11.05M (Peak 11.21M) | Time:00:00.04 | Mem:0.00M, Peak:0.00M | Scene, ViewLayer | Loading render kernels (may take a few minutes the first time)
Fra:1 Mem:11.05M (Peak 38.21M) | Time:00:00.10 | Mem:0.01M, Peak:0.01M | Scene, ViewLayer | Updating Procedurals
Fra:1 Mem:11.05M (Peak 38.21M) | Time:00:00.10 | Mem:0.01M, Peak:0.01M | Scene, ViewLayer | Updating Background
Fra:1 Mem:11.05M (Peak 38.21M) | Time:00:00.10 | Mem:0.01M, Peak:0.01M | Scene, ViewLayer | Updating Camera
Fra:1 Mem:11.05M (Peak 38.21M) | Time:00:00.10 | Mem:0.01M, Peak:0.01M | Scene, ViewLayer | Updating Meshes Flags
Fra:1 Mem:11.05M (Peak 38.21M) | Time:00:00.10 | Mem:0.01M, Peak:0.01M | Scene, ViewLayer | Updating Objects
Fra:1 Mem:11.05M (Peak 38.21M) | Time:00:00.10 | Mem:0.01M, Peak:0.01M | Scene, ViewLayer | Updating Objects | Copying Transformations to device
Fra:1 Mem:11.05M (Peak 38.21M) | Time:00:00.10 | Mem:0.01M, Peak:0.01M | Scene, ViewLayer | Updating Particle Systems
Fra:1 Mem:11.05M (Peak 38.21M) | Time:00:00.10 | Mem:0.01M, Peak:0.01M | Scene, ViewLayer | Updating Particle Systems | Copying Particles to device
Fra:1 Mem:11.05M (Peak 38.21M) | Time:00:00.10 | Mem:0.01M, Peak:0.01M | Scene, ViewLayer | Updating Meshes
Fra:1 Mem:11.05M (Peak 38.21M) | Time:00:00.10 | Mem:0.01M, Peak:0.01M | Scene, ViewLayer | Updating Objects | Applying Static Transformations
Fra:1 Mem:11.05M (Peak 38.21M) | Time:00:00.10 | Mem:0.01M, Peak:0.01M | Scene, ViewLayer | Updating Mesh | Computing attributes
Fra:1 Mem:11.08M (Peak 38.21M) | Time:00:00.10 | Mem:0.01M, Peak:0.01M | Scene, ViewLayer | Updating Mesh | Copying Attributes to device
Fra:1 Mem:11.08M (Peak 38.21M) | Time:00:00.10 | Mem:0.04M, Peak:0.04M | Scene, ViewLayer | Updating Geometry BVH light 8/7 | Building BVH
Fra:1 Mem:11.08M (Peak 38.21M) | Time:00:00.10 | Mem:0.04M, Peak:0.04M | Scene, ViewLayer | Updating Geometry BVH light 8/7 | Building OptiX acceleration structure
Fra:1 Mem:11.08M (Peak 38.21M) | Time:00:00.10 | Mem:0.04M, Peak:0.04M | Scene, ViewLayer | Updating Geometry BVH TopSoft 7/7 | Building BVH
Fra:1 Mem:11.08M (Peak 38.21M) | Time:00:00.10 | Mem:0.04M, Peak:0.04M | Scene, ViewLayer | Updating Geometry BVH TopSoft 7/7 | Building OptiX acceleration structure
Fra:1 Mem:11.08M (Peak 38.21M) | Time:00:00.10 | Mem:0.04M, Peak:0.04M | Scene, ViewLayer | Updating Geometry BVH RightFill 6/7 | Building BVH
Fra:1 Mem:11.08M (Peak 38.21M) | Time:00:00.10 | Mem:0.04M, Peak:0.04M | Scene, ViewLayer | Updating Geometry BVH LeftFill 5/7 | Building BVH
Fra:1 Mem:11.08M (Peak 38.21M) | Time:00:00.10 | Mem:0.04M, Peak:0.04M | Scene, ViewLayer | Updating Geometry BVH LeftFill 5/7 | Building OptiX acceleration structure
Fra:1 Mem:11.08M (Peak 38.21M) | Time:00:00.10 | Mem:0.15M, Peak:0.51M | Scene, ViewLayer | Updating Scene BVH | Building
Fra:1 Mem:11.08M (Peak 38.21M) | Time:00:00.10 | Mem:0.15M, Peak:0.51M | Scene, ViewLayer | Updating Scene BVH | Building OptiX acceleration structure
Fra:1 Mem:11.08M (Peak 38.21M) | Time:00:00.10 | Mem:0.15M, Peak:0.51M | Scene, ViewLayer | Updating Scene BVH | Copying BVH to device
Fra:1 Mem:11.08M (Peak 38.21M) | Time:00:00.10 | Mem:0.15M, Peak:0.51M | Scene, ViewLayer | Updating Mesh | Computing normals
Fra:1 Mem:11.21M (Peak 38.21M) | Time:00:00.10 | Mem:0.15M, Peak:0.51M | Scene, ViewLayer | Updating Mesh | Copying Mesh to device
Fra:1 Mem:11.21M (Peak 38.21M) | Time:00:00.10 | Mem:0.29M, Peak:0.51M | Scene, ViewLayer | Updating Objects Flags
Fra:1 Mem:11.21M (Peak 38.21M) | Time:00:00.10 | Mem:0.29M, Peak:0.51M | Scene, ViewLayer | Updating Primitive Offsets
Fra:1 Mem:11.21M (Peak 38.21M) | Time:00:00.10 | Mem:0.29M, Peak:0.51M | Scene, ViewLayer | Updating Images
Fra:1 Mem:11.21M (Peak 38.21M) | Time:00:00.10 | Mem:0.29M, Peak:0.51M | Scene, ViewLayer | Updating Camera Volume
Fra:1 Mem:11.21M (Peak 38.21M) | Time:00:00.10 | Mem:0.29M, Peak:0.51M | Scene, ViewLayer | Updating Lookup Tables
Fra:1 Mem:11.21M (Peak 38.21M) | Time:00:00.10 | Mem:0.37M, Peak:0.51M | Scene, ViewLayer | Updating Lights
Fra:1 Mem:11.21M (Peak 38.21M) | Time:00:00.10 | Mem:0.37M, Peak:0.51M | Scene, ViewLayer | Updating Lights | Computing tree
Fra:1 Mem:11.21M (Peak 38.21M) | Time:00:00.10 | Mem:0.37M, Peak:0.51M | Scene, ViewLayer | Updating Integrator
Fra:1 Mem:11.21M (Peak 38.21M) | Time:00:00.10 | Mem:0.37M, Peak:0.51M | Scene, ViewLayer | Updating Film
Fra:1 Mem:11.22M (Peak 38.21M) | Time:00:00.10 | Mem:0.29M, Peak:0.51M | Scene, ViewLayer | Updating Lookup Tables
Fra:1 Mem:11.22M (Peak 38.21M) | Time:00:00.10 | Mem:0.37M, Peak:0.51M | Scene, ViewLayer | Updating Baking
Fra:1 Mem:11.22M (Peak 38.21M) | Time:00:00.10 | Mem:0.37M, Peak:0.51M | Scene, ViewLayer | Updating Device | Writing constant memory
Fra:1 Mem:11.22M (Peak 38.21M) | Time:00:00.10 | Mem:0.37M, Peak:0.51M | Scene, ViewLayer | Loading denoising kernels (may take a few minutes the first time)
Fra:1 Mem:24.54M (Peak 38.21M) | Time:00:00.10 | Mem:1171.88M, Peak:1171.88M | Scene, ViewLayer | Sample 0/8
Fra:1 Mem:29.29M (Peak 38.21M) | Time:00:00.10 | Remaining:00:00.01 | Mem:1176.63M, Peak:1176.63M | Scene, ViewLayer | Sample 1/8
Fra:1 Mem:31.29M (Peak 38.21M) | Time:00:00.12 | Mem:1230.20M, Peak:1231.70M | Scene, ViewLayer | Sample 8/8
Fra:1 Mem:31.29M (Peak 38.21M) | Time:00:00.12 | Mem:1230.20M, Peak:1231.70M | Scene, ViewLayer | Finished
Saved: '/tmp/pose_1_4tdt9bkv/probe.png'
Time: 00:00.17 (Saving: 00:00.00)

Fra:1 Mem:11.01M (Peak 11.01M) | Time:00:00.04 | Mem:0.00M, Peak:0.00M | Scene, ViewLayer | Synchronizing object | 1
Fra:1 Mem:11.02M (Peak 11.02M) | Time:00:00.04 | Mem:0.00M, Peak:0.00M | Scene, ViewLayer | Synchronizing object | BackFill
Fra:1 Mem:11.02M (Peak 11.02M) | Time:00:00.04 | Mem:0.00M, Peak:0.00M | Scene, ViewLayer | Synchronizing object | RightFill
Fra:1 Mem:11.02M (Peak 11.02M) | Time:00:00.04 | Mem:0.00M, Peak:0.00M | Scene, ViewLayer | Synchronizing object | TopSoft
Fra:1 Mem:11.21M (Peak 11.21M) | Time:00:00.04 | Mem:0.00M, Peak:0.00M | Scene, ViewLayer | Initializing
Fra:1 Mem:10.97M (Peak 11.21M) | Time:00:00.04 | Mem:0.00M, Peak:0.00M | Scene, ViewLayer | Waiting for render to start
Fra:1 Mem:10.97M (Peak 11.21M) | Time:00:00.04 | Mem:0.00M, Peak:0.00M | Scene, ViewLayer | Updating Scene
Fra:1 Mem:10.97M (Peak 11.21M) | Time:00:00.04 | Mem:0.00M, Peak:0.00M | Scene, ViewLayer | Updating Shaders
Fra:1 Mem:11.05M (Peak 11.21M) | Time:00:00.04 | Mem:0.00M, Peak:0.00M | Scene, ViewLayer | Loading render kernels (may take a few minutes the first time)
Fra:1 Mem:11.05M (Peak 38.21M) | Time:00:00.10 | Mem:0.01M, Peak:0.01M | Scene, ViewLayer | Updating Procedurals
Fra:1 Mem:11.05M (Peak 38.21M) | Time:00:00.10 | Mem:0.01M, Peak:0.01M | Scene, ViewLayer | Updating Background
Fra:1 Mem:11.05M (Peak 38.21M) | Time:00:00.10 | Mem:0.01M, Peak:0.01M | Scene, ViewLayer | Updating Camera
Fra:1 Mem:11.05M (Peak 38.21M) | Time:00:00.10 | Mem:0.01M, Peak:0.01M | Scene, ViewLayer | Updating Meshes Flags
Fra:1 Mem:11.05M (Peak 38.21M) | Time:00:00.10 | Mem:0.01M, Peak:0.01M | Scene, ViewLayer | Updating Objects
Fra:1 Mem:11.05M (Peak 38.21M) | Time:00:00.10 | Mem:0.01M, Peak:0.01M | Scene, ViewLayer | Updating Objects | Copying Transformations to device
Fra:1 Mem:11.05M (Peak 38.21M) | Time:00:00.10 | Mem:0.01M, Peak:0.01M | Scene, ViewLayer | Updating Particle Systems
Fra:1 Mem:11.05M (Peak 38.21M) | Time:00:00.10 | Mem:0.01M, Peak:0.01M | Scene, ViewLayer | Updating Particle Systems | Copying Particles to device
Fra:1 Mem:11.05M (Peak 38.21M) | Time:00:00.10 | Mem:0.01M, Peak:0.01M | Scene, ViewLayer | Updating Meshes
Fra:1 Mem:11.05M (Peak 38.21M) | Time:00:00.10 | Mem:0.01M, Peak:0.01M | Scene, ViewLayer | Updating Objects | Applying Static Transformations
Fra:1 Mem:11.05M (Peak 38.21M) | Time:00:00.10 | Mem:0.01M, Peak:0.01M | Scene, ViewLayer | Updating Mesh | Computing attributes
Fra:1 Mem:11.08M (Peak 38.21M) | Time:00:00.10 | Mem:0.01M, Peak:0.01M | Scene, ViewLayer | Updating Mesh | Copying Attributes to device
Fra:1 Mem:11.08M (Peak 38.21M) | Time:00:00.10 | Mem:0.04M, Peak:0.04M | Scene, ViewLayer | Updating Geometry BVH light 8/7 | Building BVH
Fra:1 Mem:11.08M (Peak 38.21M) | Time:00:00.10 | Mem:0.04M, Peak:0.04M | Scene, ViewLayer | Updating Geometry BVH light 8/7 | Building OptiX acceleration structure
Fra:1 Mem:11.08M (Peak 38.21M) | Time:00:00.10 | Mem:0.04M, Peak:0.04M | Scene, ViewLayer | Updating Geometry BVH TopSoft 7/7 | Building BVH
Fra:1 Mem:11.08M (Peak 38.21M) | Time:00:00.10 | Mem:0.04M, Peak:0.04M | Scene, ViewLayer | Updating Geometry BVH TopSoft 7/7 | Building OptiX acceleration structure
Fra:1 Mem:11.08M (Peak 38.21M) | Time:00:00.10 | Mem:0.04M, Peak:0.04M | Scene, ViewLayer | Updating Geometry BVH RightFill 6/7 | Building BVH
Fra:1 Mem:11.08M (Peak 38.21M) | Time:00:00.10 | Mem:0.04M, Peak:0.04M | Scene, ViewLayer | Updating Geometry BVH BackFill 4/7 | Building BVH
Fra:1 Mem:11.08M (Peak 38.21M) | Time:00:00.10 | Mem:0.04M, Peak:0.04M | Scene, ViewLayer | Updating Geometry BVH BackFill 4/7 | Building OptiX acceleration structure
Fra:1 Mem:11.08M (Peak 38.21M) | Time:00:00.10 | Mem:0.15M, Peak:0.51M | Scene, ViewLayer | Updating Scene BVH | Building
Fra:1 Mem:11.08M (Peak 38.21M) | Time:00:00.10 | Mem:0.15M, Peak:0.51M | Scene, ViewLayer | Updating Scene BVH | Building OptiX acceleration structure
Fra:1 Mem:11.08M (Peak 38.21M) | Time:00:00.10 | Mem:0.16M, Peak:0.51M | Scene, ViewLayer | Updating Scene BVH | Copying BVH to device
Fra:1 Mem:11.08M (Peak 38.21M) | Time:00:00.10 | Mem:0.16M, Peak:0.51M | Scene, ViewLayer | Updating Mesh | Computing normals
Fra:1 Mem:11.21M (Peak 38.21M) | Time:00:00.10 | Mem:0.16M, Peak:0.51M | Scene, ViewLayer | Updating Mesh | Copying Mesh to device
Fra:1 Mem:11.21M (Peak 38.21M) | Time:00:00.10 | Mem:0.29M, Peak:0.51M | Scene, ViewLayer | Updating Objects Flags
Fra:1 Mem:11.21M (Peak 38.21M) | Time:00:00.10 | Mem:0.29M, Peak:0.51M | Scene, ViewLayer | Updating Primitive Offsets
Fra:1 Mem:11.21M (Peak 38.21M) | Time:00:00.10 | Mem:0.29M, Peak:0.51M | Scene, ViewLayer | Updating Images
Fra:1 Mem:11.21M (Peak 38.21M) | Time:00:00.10 | Mem:0.29M, Peak:0.51M | Scene, ViewLayer | Updating Camera Volume
Fra:1 Mem:11.21M (Peak 38.21M) | Time:00:00.10 | Mem:0.29M, Peak:0.51M | Scene, ViewLayer | Updating Lookup Tables
Fra:1 Mem:11.21M (Peak 38.21M) | Time:00:00.10 | Mem:0.37M, Peak:0.51M | Scene, ViewLayer | Updating Lights
Fra:1 Mem:11.21M (Peak 38.21M) | Time:00:00.10 | Mem:0.37M, Peak:0.51M | Scene, ViewLayer | Updating Lights | Computing tree
Fra:1 Mem:11.21M (Peak 38.21M) | Time:00:00.10 | Mem:0.37M, Peak:0.51M | Scene, ViewLayer | Updating Integrator
Fra:1 Mem:11.21M (Peak 38.21M) | Time:00:00.10 | Mem:0.37M, Peak:0.51M | Scene, ViewLayer | Updating Film
Fra:1 Mem:11.22M (Peak 38.21M) | Time:00:00.10 | Mem:0.29M, Peak:0.51M | Scene, ViewLayer | Updating Lookup Tables
Fra:1 Mem:11.22M (Peak 38.21M) | Time:00:00.10 | Mem:0.37M, Peak:0.51M | Scene, ViewLayer | Updating Baking
Fra:1 Mem:11.22M (Peak 38.21M) | Time:00:00.10 | Mem:0.37M, Peak:0.51M | Scene, ViewLayer | Updating Device | Writing constant memory
Fra:1 Mem:11.22M (Peak 38.21M) | Time:00:00.10 | Mem:0.37M, Peak:0.51M | Scene, ViewLayer | Loading denoising kernels (may take a few minutes the first time)
Fra:1 Mem:24.54M (Peak 38.21M) | Time:00:00.11 | Mem:1171.88M, Peak:1171.88M | Scene, ViewLayer | Sample 0/8
Fra:1 Mem:29.29M (Peak 38.21M) | Time:00:00.11 | Remaining:00:00.01 | Mem:1176.63M, Peak:1176.63M | Scene, ViewLayer | Sample 1/8
Fra:1 Mem:31.29M (Peak 38.21M) | Time:00:00.13 | Mem:1230.20M, Peak:1231.70M | Scene, ViewLayer | Sample 8/8
Fra:1 Mem:31.29M (Peak 38.21M) | Time:00:00.13 | Mem:1230.20M, Peak:1231.70M | Scene, ViewLayer | Finished
Saved: '/tmp/pose_1_4tdt9bkv/probe.png'
Time: 00:00.18 (Saving: 00:00.00)

Fra:1 Mem:11.01M (Peak 11.01M) | Time:00:00.04 | Mem:0.00M, Peak:0.00M | Scene, ViewLayer | Synchronizing object | 1
Fra:1 Mem:11.02M (Peak 11.02M) | Time:00:00.04 | Mem:0.00M, Peak:0.00M | Scene, ViewLayer | Synchronizing object | FrontKey
Fra:1 Mem:11.02M (Peak 11.02M) | Time:00:00.04 | Mem:0.00M, Peak:0.00M | Scene, ViewLayer | Synchronizing object | RightFill
Fra:1 Mem:11.05M (Peak 11.05M) | Time:00:00.04 | Mem:0.00M, Peak:0.00M | Scene, ViewLayer | Synchronizing object | TopSoft
Fra:1 Mem:11.21M (Peak 11.21M) | Time:00:00.04 | Mem:0.00M, Peak:0.00M | Scene, ViewLayer | Initializing
Fra:1 Mem:10.97M (Peak 11.21M) | Time:00:00.04 | Mem:0.00M, Peak:0.00M | Scene, ViewLayer | Waiting for render to start
Fra:1 Mem:10.97M (Peak 11.21M) | Time:00:00.04 | Mem:0.00M, Peak:0.00M | Scene, ViewLayer | Updating Scene
Fra:1 Mem:10.97M (Peak 11.21M) | Time:00:00.04 | Mem:0.00M, Peak:0.00M | Scene, ViewLayer | Updating Shaders
Fra:1 Mem:11.05M (Peak 11.21M) | Time:00:00.04 | Mem:0.00M, Peak:0.00M | Scene, ViewLayer | Loading render kernels (may take a few minutes the first time)
Fra:1 Mem:11.05M (Peak 38.21M) | Time:00:00.10 | Mem:0.01M, Peak:0.01M | Scene, ViewLayer | Updating Procedurals
Fra:1 Mem:11.05M (Peak 38.21M) | Time:00:00.10 | Mem:0.01M, Peak:0.01M | Scene, ViewLayer | Updating Background
Fra:1 Mem:11.05M (Peak 38.21M) | Time:00:00.10 | Mem:0.01M, Peak:0.01M | Scene, ViewLayer | Updating Camera
Fra:1 Mem:11.05M (Peak 38.21M) | Time:00:00.10 | Mem:0.01M, Peak:0.01M | Scene, ViewLayer | Updating Meshes Flags
Fra:1 Mem:11.05M (Peak 38.21M) | Time:00:00.10 | Mem:0.01M, Peak:0.01M | Scene, ViewLayer | Updating Objects
Fra:1 Mem:11.05M (Peak 38.21M) | Time:00:00.10 | Mem:0.01M, Peak:0.01M | Scene, ViewLayer | Updating Objects | Copying Transformations to device
Fra:1 Mem:11.05M (Peak 38.21M) | Time:00:00.10 | Mem:0.01M, Peak:0.01M | Scene, ViewLayer | Updating Particle Systems
Fra:1 Mem:11.05M (Peak 38.21M) | Time:00:00.10 | Mem:0.01M, Peak:0.01M | Scene, ViewLayer | Updating Particle Systems | Copying Particles to device
Fra:1 Mem:11.05M (Peak 38.21M) | Time:00:00.10 | Mem:0.01M, Peak:0.01M | Scene, ViewLayer | Updating Meshes
Fra:1 Mem:11.05M (Peak 38.21M) | Time:00:00.10 | Mem:0.01M, Peak:0.01M | Scene, ViewLayer | Updating Objects | Applying Static Transformations
Fra:1 Mem:11.05M (Peak 38.21M) | Time:00:00.10 | Mem:0.01M, Peak:0.01M | Scene, ViewLayer | Updating Mesh | Computing attributes
Fra:1 Mem:11.08M (Peak 38.21M) | Time:00:00.10 | Mem:0.01M, Peak:0.01M | Scene, ViewLayer | Updating Mesh | Copying Attributes to device
Fra:1 Mem:11.08M (Peak 38.21M) | Time:00:00.10 | Mem:0.04M, Peak:0.04M | Scene, ViewLayer | Updating Geometry BVH light 8/7 | Building BVH
Fra:1 Mem:11.08M (Peak 38.21M) | Time:00:00.10 | Mem:0.04M, Peak:0.04M | Scene, ViewLayer | Updating Geometry BVH light 8/7 | Building OptiX acceleration structure
Fra:1 Mem:11.08M (Peak 38.21M) | Time:00:00.10 | Mem:0.04M, Peak:0.04M | Scene, ViewLayer | Updating Geometry BVH TopSoft 7/7 | Building BVH
Fra:1 Mem:11.08M (Peak 38.21M) | Time:00:00.10 | Mem:0.04M, Peak:0.04M | Scene, ViewLayer | Updating Geometry BVH TopSoft 7/7 | Building OptiX acceleration structure
Fra:1 Mem:11.08M (Peak 38.21M) | Time:00:00.10 | Mem:0.04M, Peak:0.04M | Scene, ViewLayer | Updating Geometry BVH RightFill 6/7 | Building BVH
Fra:1 Mem:11.08M (Peak 38.21M) | Time:00:00.10 | Mem:0.04M, Peak:0.04M | Scene, ViewLayer | Updating Geometry BVH RightFill 6/7 | Building OptiX acceleration structure
Fra:1 Mem:11.08M (Peak 38.21M) | Time:00:00.10 | Mem:0.04M, Peak:0.04M | Scene, ViewLayer | Updating Geometry BVH FrontKey 3/7 | Building BVH
Fra:1 Mem:11.08M (Peak 38.21M) | Time:00:00.10 | Mem:0.04M, Peak:0.04M | Scene, ViewLayer | Updating Geometry BVH BackFill 4/7 | Building OptiX acceleration structure
Fra:1 Mem:11.08M (Peak 38.21M) | Time:00:00.11 | Mem:0.15M, Peak:0.51M | Scene, ViewLayer | Updating Scene BVH | Building
Fra:1 Mem:11.08M (Peak 38.21M) | Time:00:00.11 | Mem:0.15M, Peak:0.51M | Scene, ViewLayer | Updating Scene BVH | Building OptiX acceleration structure
Fra:1 Mem:11.08M (Peak 38.21M) | Time:00:00.11 | Mem:0.16M, Peak:0.51M | Scene, ViewLayer | Updating Scene BVH | Copying BVH to device
Fra:1 Mem:11.08M (Peak 38.21M) | Time:00:00.11 | Mem:0.16M, Peak:0.51M | Scene, ViewLayer | Updating Mesh | Computing normals
Fra:1 Mem:11.21M (Peak 38.21M) | Time:00:00.11 | Mem:0.16M, Peak:0.51M | Scene, ViewLayer | Updating Mesh | Copying Mesh to device
Fra:1 Mem:11.21M (Peak 38.21M) | Time:00:00.11 | Mem:0.29M, Peak:0.51M | Scene, ViewLayer | Updating Objects Flags
Fra:1 Mem:11.21M (Peak 38.21M) | Time:00:00.11 | Mem:0.29M, Peak:0.51M | Scene, ViewLayer | Updating Primitive Offsets
Fra:1 Mem:11.21M (Peak 38.21M) | Time:00:00.11 | Mem:0.29M, Peak:0.51M | Scene, ViewLayer | Updating Images
Fra:1 Mem:11.21M (Peak 38.21M) | Time:00:00.11 | Mem:0.29M, Peak:0.51M | Scene, ViewLayer | Updating Camera Volume
Fra:1 Mem:11.21M (Peak 38.21M) | Time:00:00.11 | Mem:0.29M, Peak:0.51M | Scene, ViewLayer | Updating Lookup Tables
Fra:1 Mem:11.21M (Peak 38.21M) | Time:00:00.11 | Mem:0.37M, Peak:0.51M | Scene, ViewLayer | Updating Lights
Fra:1 Mem:11.21M (Peak 38.21M) | Time:00:00.11 | Mem:0.37M, Peak:0.51M | Scene, ViewLayer | Updating Lights | Computing tree
Fra:1 Mem:11.21M (Peak 38.21M) | Time:00:00.11 | Mem:0.37M, Peak:0.51M | Scene, ViewLayer | Updating Integrator
Fra:1 Mem:11.21M (Peak 38.21M) | Time:00:00.11 | Mem:0.37M, Peak:0.51M | Scene, ViewLayer | Updating Film
Fra:1 Mem:11.22M (Peak 38.21M) | Time:00:00.11 | Mem:0.29M, Peak:0.51M | Scene, ViewLayer | Updating Lookup Tables
Fra:1 Mem:11.22M (Peak 38.21M) | Time:00:00.11 | Mem:0.37M, Peak:0.51M | Scene, ViewLayer | Updating Baking
Fra:1 Mem:11.22M (Peak 38.21M) | Time:00:00.11 | Mem:0.37M, Peak:0.51M | Scene, ViewLayer | Updating Device | Writing constant memory
Fra:1 Mem:11.22M (Peak 38.21M) | Time:00:00.11 | Mem:0.37M, Peak:0.51M | Scene, ViewLayer | Loading denoising kernels (may take a few minutes the first time)
Fra:1 Mem:24.54M (Peak 38.21M) | Time:00:00.11 | Mem:1171.88M, Peak:1171.88M | Scene, ViewLayer | Sample 0/8
Fra:1 Mem:29.29M (Peak 38.21M) | Time:00:00.11 | Remaining:00:00.01 | Mem:1176.63M, Peak:1176.63M | Scene, ViewLayer | Sample 1/8
Fra:1 Mem:31.29M (Peak 38.21M) | Time:00:00.13 | Mem:1230.20M, Peak:1231.70M | Scene, ViewLayer | Sample 8/8
Fra:1 Mem:31.29M (Peak 38.21M) | Time:00:00.13 | Mem:1230.20M, Peak:1231.70M | Scene, ViewLayer | Finished
Saved: '/tmp/pose_1_4tdt9bkv/probe.png'
Time: 00:00.18 (Saving: 00:00.00)

Fra:1 Mem:11.01M (Peak 11.01M) | Time:00:00.04 | Mem:0.00M, Peak:0.00M | Scene, ViewLayer | Synchronizing object | 1
Fra:1 Mem:11.02M (Peak 11.02M) | Time:00:00.04 | Mem:0.00M, Peak:0.00M | Scene, ViewLayer | Synchronizing object | LeftFill
Fra:1 Mem:11.02M (Peak 11.02M) | Time:00:00.04 | Mem:0.00M, Peak:0.00M | Scene, ViewLayer | Synchronizing object | TopSoft
Fra:1 Mem:11.21M (Peak 11.21M) | Time:00:00.04 | Mem:0.00M, Peak:0.00M | Scene, ViewLayer | Initializing
Fra:1 Mem:10.97M (Peak 11.21M) | Time:00:00.04 | Mem:0.00M, Peak:0.00M | Scene, ViewLayer | Waiting for render to start
Fra:1 Mem:10.97M (Peak 11.21M) | Time:00:00.04 | Mem:0.00M, Peak:0.00M | Scene, ViewLayer | Updating Scene
Fra:1 Mem:10.97M (Peak 11.21M) | Time:00:00.04 | Mem:0.00M, Peak:0.00M | Scene, ViewLayer | Updating Shaders
Fra:1 Mem:11.05M (Peak 11.21M) | Time:00:00.04 | Mem:0.00M, Peak:0.00M | Scene, ViewLayer | Loading render kernels (may take a few minutes the first time)
Fra:1 Mem:11.05M (Peak 38.21M) | Time:00:00.10 | Mem:0.01M, Peak:0.01M | Scene, ViewLayer | Updating Procedurals
Fra:1 Mem:11.05M (Peak 38.21M) | Time:00:00.10 | Mem:0.01M, Peak:0.01M | Scene, ViewLayer | Updating Background
Fra:1 Mem:11.05M (Peak 38.21M) | Time:00:00.10 | Mem:0.01M, Peak:0.01M | Scene, ViewLayer | Updating Camera
Fra:1 Mem:11.05M (Peak 38.21M) | Time:00:00.10 | Mem:0.01M, Peak:0.01M | Scene, ViewLayer | Updating Meshes Flags
Fra:1 Mem:11.05M (Peak 38.21M) | Time:00:00.10 | Mem:0.01M, Peak:0.01M | Scene, ViewLayer | Updating Objects
Fra:1 Mem:11.05M (Peak 38.21M) | Time:00:00.10 | Mem:0.01M, Peak:0.01M | Scene, ViewLayer | Updating Objects | Copying Transformations to device
Fra:1 Mem:11.05M (Peak 38.21M) | Time:00:00.10 | Mem:0.01M, Peak:0.01M | Scene, ViewLayer | Updating Particle Systems
Fra:1 Mem:11.05M (Peak 38.21M) | Time:00:00.10 | Mem:0.01M, Peak:0.01M | Scene, ViewLayer | Updating Particle Systems | Copying Particles to device
Fra:1 Mem:11.05M (Peak 38.21M) | Time:00:00.10 | Mem:0.01M, Peak:0.01M | Scene, ViewLayer | Updating Meshes
Fra:1 Mem:11.05M (Peak 38.21M) | Time:00:00.10 | Mem:0.01M, Peak:0.01M | Scene, ViewLayer | Updating Objects | Applying Static Transformations
Fra:1 Mem:11.05M (Peak 38.21M) | Time:00:00.10 | Mem:0.01M, Peak:0.01M | Scene, ViewLayer | Updating Mesh | Computing attributes
Fra:1 Mem:11.08M (Peak 38.21M) | Time:00:00.10 | Mem:0.01M, Peak:0.01M | Scene, ViewLayer | Updating Mesh | Copying Attributes to device
Fra:1 Mem:11.08M (Peak 38.21M) | Time:00:00.10 | Mem:0.04M, Peak:0.04M | Scene, ViewLayer | Updating Geometry BVH light 8/7 | Building BVH
Fra:1 Mem:11.08M (Peak 38.21M) | Time:00:00.10 | Mem:0.04M, Peak:0.04M | Scene, ViewLayer | Updating Geometry BVH light 8/7 | Building OptiX acceleration structure
Fra:1 Mem:11.08M (Peak 38.21M) | Time:00:00.10 | Mem:0.04M, Peak:0.04M | Scene, ViewLayer | Updating Geometry BVH TopSoft 7/7 | Building BVH
Fra:1 Mem:11.08M (Peak 38.21M) | Time:00:00.10 | Mem:0.04M, Peak:0.04M | Scene, ViewLayer | Updating Geometry BVH TopSoft 7/7 | Building OptiX acceleration structure
Fra:1 Mem:11.08M (Peak 38.21M) | Time:00:00.10 | Mem:0.04M, Peak:0.04M | Scene, ViewLayer | Updating Geometry BVH RightFill 6/7 | Building BVH
Fra:1 Mem:11.08M (Peak 38.21M) | Time:00:00.10 | Mem:0.04M, Peak:0.04M | Scene, ViewLayer | Updating Geometry BVH 1 2/7 | Building OptiX acceleration structure
Fra:1 Mem:11.08M (Peak 38.21M) | Time:00:00.10 | Mem:0.04M, Peak:0.04M | Scene, ViewLayer | Updating Geometry BVH LeftFill 5/7 | Building BVH
Fra:1 Mem:11.08M (Peak 38.21M) | Time:00:00.10 | Mem:0.04M, Peak:0.04M | Scene, ViewLayer | Updating Geometry BVH LeftFill 5/7 | Building OptiX acceleration structure
Fra:1 Mem:11.08M (Peak 38.21M) | Time:00:00.10 | Mem:0.15M, Peak:0.51M | Scene, ViewLayer | Updating Scene BVH | Building
Fra:1 Mem:11.08M (Peak 38.21M) | Time:00:00.10 | Mem:0.15M, Peak:0.51M | Scene, ViewLayer | Updating Scene BVH | Building OptiX acceleration structure
Fra:1 Mem:11.08M (Peak 38.21M) | Time:00:00.10 | Mem:0.15M, Peak:0.51M | Scene, ViewLayer | Updating Scene BVH | Copying BVH to device
Fra:1 Mem:11.08M (Peak 38.21M) | Time:00:00.10 | Mem:0.15M, Peak:0.51M | Scene, ViewLayer | Updating Mesh | Computing normals
Fra:1 Mem:11.21M (Peak 38.21M) | Time:00:00.10 | Mem:0.15M, Peak:0.51M | Scene, ViewLayer | Updating Mesh | Copying Mesh to device
Fra:1 Mem:11.21M (Peak 38.21M) | Time:00:00.10 | Mem:0.29M, Peak:0.51M | Scene, ViewLayer | Updating Objects Flags
Fra:1 Mem:11.21M (Peak 38.21M) | Time:00:00.10 | Mem:0.29M, Peak:0.51M | Scene, ViewLayer | Updating Primitive Offsets
Fra:1 Mem:11.21M (Peak 38.21M) | Time:00:00.10 | Mem:0.29M, Peak:0.51M | Scene, ViewLayer | Updating Images
Fra:1 Mem:11.21M (Peak 38.21M) | Time:00:00.10 | Mem:0.29M, Peak:0.51M | Scene, ViewLayer | Updating Camera Volume
Fra:1 Mem:11.21M (Peak 38.21M) | Time:00:00.10 | Mem:0.29M, Peak:0.51M | Scene, ViewLayer | Updating Lookup Tables
Fra:1 Mem:11.21M (Peak 38.21M) | Time:00:00.10 | Mem:0.37M, Peak:0.51M | Scene, ViewLayer | Updating Lights
Fra:1 Mem:11.21M (Peak 38.21M) | Time:00:00.10 | Mem:0.37M, Peak:0.51M | Scene, ViewLayer | Updating Lights | Computing tree
Fra:1 Mem:11.21M (Peak 38.21M) | Time:00:00.10 | Mem:0.37M, Peak:0.51M | Scene, ViewLayer | Updating Integrator
Fra:1 Mem:11.21M (Peak 38.21M) | Time:00:00.10 | Mem:0.37M, Peak:0.51M | Scene, ViewLayer | Updating Film
Fra:1 Mem:11.22M (Peak 38.21M) | Time:00:00.10 | Mem:0.29M, Peak:0.51M | Scene, ViewLayer | Updating Lookup Tables
Fra:1 Mem:11.22M (Peak 38.21M) | Time:00:00.10 | Mem:0.37M, Peak:0.51M | Scene, ViewLayer | Updating Baking
Fra:1 Mem:11.22M (Peak 38.21M) | Time:00:00.10 | Mem:0.37M, Peak:0.51M | Scene, ViewLayer | Updating Device | Writing constant memory
Fra:1 Mem:11.22M (Peak 38.21M) | Time:00:00.10 | Mem:0.37M, Peak:0.51M | Scene, ViewLayer | Loading denoising kernels (may take a few minutes the first time)
Fra:1 Mem:24.54M (Peak 38.21M) | Time:00:00.11 | Mem:1171.88M, Peak:1171.88M | Scene, ViewLayer | Sample 0/8
Fra:1 Mem:29.29M (Peak 38.21M) | Time:00:00.11 | Remaining:00:00.01 | Mem:1176.63M, Peak:1176.63M | Scene, ViewLayer | Sample 1/8
Fra:1 Mem:31.29M (Peak 38.21M) | Time:00:00.13 | Mem:1230.20M, Peak:1231.70M | Scene, ViewLayer | Sample 8/8
Fra:1 Mem:31.29M (Peak 38.21M) | Time:00:00.13 | Mem:1230.20M, Peak:1231.70M | Scene, ViewLayer | Finished
Saved: '/tmp/pose_1_4tdt9bkv/probe.png'
Time: 00:00.18 (Saving: 00:00.00)

Fra:1 Mem:11.24M (Peak 11.24M) | Time:00:00.04 | Mem:0.00M, Peak:0.00M | Scene, ViewLayer | Synchronizing object | 1
Fra:1 Mem:11.24M (Peak 11.24M) | Time:00:00.04 | Mem:0.00M, Peak:0.00M | Scene, ViewLayer | Synchronizing object | BackFill
Fra:1 Mem:11.24M (Peak 11.24M) | Time:00:00.04 | Mem:0.00M, Peak:0.00M | Scene, ViewLayer | Synchronizing object | TopSoft
Fra:1 Mem:11.43M (Peak 11.43M) | Time:00:00.04 | Mem:0.00M, Peak:0.00M | Scene, ViewLayer | Initializing
Fra:1 Mem:11.13M (Peak 11.43M) | Time:00:00.04 | Mem:0.00M, Peak:0.00M | Scene, ViewLayer | Waiting for render to start
Fra:1 Mem:11.13M (Peak 11.43M) | Time:00:00.04 | Mem:0.00M, Peak:0.00M | Scene, ViewLayer | Updating Scene
Fra:1 Mem:11.13M (Peak 11.43M) | Time:00:00.04 | Mem:0.00M, Peak:0.00M | Scene, ViewLayer | Updating Shaders
Fra:1 Mem:11.21M (Peak 11.43M) | Time:00:00.04 | Mem:0.00M, Peak:0.00M | Scene, ViewLayer | Loading render kernels (may take a few minutes the first time)
Fra:1 Mem:11.21M (Peak 38.37M) | Time:00:00.10 | Mem:0.01M, Peak:0.01M | Scene, ViewLayer | Updating Procedurals
Fra:1 Mem:11.21M (Peak 38.37M) | Time:00:00.10 | Mem:0.01M, Peak:0.01M | Scene, ViewLayer | Updating Background
Fra:1 Mem:11.21M (Peak 38.37M) | Time:00:00.10 | Mem:0.01M, Peak:0.01M | Scene, ViewLayer | Updating Camera
Fra:1 Mem:11.21M (Peak 38.37M) | Time:00:00.10 | Mem:0.01M, Peak:0.01M | Scene, ViewLayer | Updating Meshes Flags
Fra:1 Mem:11.21M (Peak 38.37M) | Time:00:00.10 | Mem:0.01M, Peak:0.01M | Scene, ViewLayer | Updating Objects
Fra:1 Mem:11.21M (Peak 38.37M) | Time:00:00.10 | Mem:0.01M, Peak:0.01M | Scene, ViewLayer | Updating Objects | Copying Transformations to device
Fra:1 Mem:11.21M (Peak 38.37M) | Time:00:00.10 | Mem:0.01M, Peak:0.01M | Scene, ViewLayer | Updating Particle Systems
Fra:1 Mem:11.21M (Peak 38.37M) | Time:00:00.10 | Mem:0.01M, Peak:0.01M | Scene, ViewLayer | Updating Particle Systems | Copying Particles to device
Fra:1 Mem:11.21M (Peak 38.37M) | Time:00:00.10 | Mem:0.01M, Peak:0.01M | Scene, ViewLayer | Updating Meshes
Fra:1 Mem:11.50M (Peak 38.37M) | Time:00:00.10 | Mem:0.01M, Peak:0.01M | Scene, ViewLayer | Updating Objects | Applying Static Transformations
Fra:1 Mem:11.50M (Peak 38.37M) | Time:00:00.10 | Mem:0.01M, Peak:0.01M | Scene, ViewLayer | Updating Mesh | Computing attributes
Fra:1 Mem:11.75M (Peak 38.37M) | Time:00:00.10 | Mem:0.01M, Peak:0.01M | Scene, ViewLayer | Updating Mesh | Copying Attributes to device
Fra:1 Mem:11.75M (Peak 38.37M) | Time:00:00.10 | Mem:0.26M, Peak:0.26M | Scene, ViewLayer | Updating Geometry BVH light 8/7 | Building BVH
Fra:1 Mem:11.75M (Peak 38.37M) | Time:00:00.10 | Mem:0.26M, Peak:0.26M | Scene, ViewLayer | Updating Geometry BVH light 8/7 | Building OptiX acceleration structure
Fra:1 Mem:11.75M (Peak 38.37M) | Time:00:00.10 | Mem:0.26M, Peak:0.26M | Scene, ViewLayer | Updating Geometry BVH TopSoft 7/7 | Building BVH
Fra:1 Mem:11.75M (Peak 38.37M) | Time:00:00.10 | Mem:0.26M, Peak:0.26M | Scene, ViewLayer | Updating Geometry BVH TopSoft 7/7 | Building OptiX acceleration structure
Fra:1 Mem:11.75M (Peak 38.37M) | Time:00:00.10 | Mem:0.26M, Peak:0.26M | Scene, ViewLayer | Updating Geometry BVH LeftFill 5/7 | Building BVH
Fra:1 Mem:11.75M (Peak 38.37M) | Time:00:00.10 | Mem:0.26M, Peak:0.26M | Scene, ViewLayer | Updating Geometry BVH FrontKey 3/7 | Building OptiX acceleration structure
Fra:1 Mem:11.75M (Peak 38.37M) | Time:00:00.11 | Mem:0.38M, Peak:0.74M | Scene, ViewLayer | Updating Scene BVH | Building
Fra:1 Mem:11.75M (Peak 38.37M) | Time:00:00.11 | Mem:0.38M, Peak:0.74M | Scene, ViewLayer | Updating Scene BVH | Building OptiX acceleration structure
Fra:1 Mem:11.75M (Peak 38.37M) | Time:00:00.11 | Mem:0.38M, Peak:0.74M | Scene, ViewLayer | Updating Scene BVH | Copying BVH to device
Fra:1 Mem:11.75M (Peak 38.37M) | Time:00:00.11 | Mem:0.38M, Peak:0.74M | Scene, ViewLayer | Updating Mesh | Computing normals
Fra:1 Mem:11.88M (Peak 38.37M) | Time:00:00.11 | Mem:0.38M, Peak:0.74M | Scene, ViewLayer | Updating Mesh | Copying Mesh to device
Fra:1 Mem:11.88M (Peak 38.37M) | Time:00:00.11 | Mem:0.52M, Peak:0.74M | Scene, ViewLayer | Updating Objects Flags
Fra:1 Mem:11.88M (Peak 38.37M) | Time:00:00.11 | Mem:0.52M, Peak:0.74M | Scene, ViewLayer | Updating Primitive Offsets
Fra:1 Mem:11.88M (Peak 38.37M) | Time:00:00.11 | Mem:0.52M, Peak:0.74M | Scene, ViewLayer | Updating Images
Fra:1 Mem:11.88M (Peak 38.37M) | Time:00:00.11 | Mem:0.52M, Peak:0.74M | Scene, ViewLayer | Updating Images | Loading Leather010_1K-JPG_Displacement.jpg
Fra:1 Mem:12.88M (Peak 38.37M) | Time:00:00.11 | Mem:0.52M, Peak:0.74M | Scene, ViewLayer | Updating Images | Loading Leather010_1K-JPG_Roughness.jpg
Fra:1 Mem:12.88M (Peak 38.37M) | Time:00:00.11 | Mem:0.52M, Peak:0.74M | Scene, ViewLayer | Updating Images | Loading Leather010_1K-JPG_NormalGL.jpg
Fra:1 Mem:21.89M (Peak 38.37M) | Time:00:00.13 | Mem:10.52M, Peak:10.52M | Scene, ViewLayer | Updating Camera Volume
Fra:1 Mem:21.89M (Peak 38.37M) | Time:00:00.13 | Mem:10.52M, Peak:10.52M | Scene, ViewLayer | Updating Lookup Tables
Fra:1 Mem:21.89M (Peak 38.37M) | Time:00:00.13 | Mem:10.60M, Peak:10.60M | Scene, ViewLayer | Updating Lights
Fra:1 Mem:21.89M (Peak 38.37M) | Time:00:00.13 | Mem:10.60M, Peak:10.60M | Scene, ViewLayer | Updating Lights | Computing tree
Fra:1 Mem:21.89M (Peak 38.37M) | Time:00:00.13 | Mem:10.60M, Peak:10.60M | Scene, ViewLayer | Updating Integrator
Fra:1 Mem:21.89M (Peak 38.37M) | Time:00:00.13 | Mem:10.60M, Peak:10.60M | Scene, ViewLayer | Updating Film
Fra:1 Mem:21.90M (Peak 38.37M) | Time:00:00.13 | Mem:10.52M, Peak:10.60M | Scene, ViewLayer | Updating Lookup Tables
Fra:1 Mem:21.90M (Peak 38.37M) | Time:00:00.13 | Mem:10.60M, Peak:10.60M | Scene, ViewLayer | Updating Baking
Fra:1 Mem:21.90M (Peak 38.37M) | Time:00:00.13 | Mem:10.60M, Peak:10.60M | Scene, ViewLayer | Updating Device | Writing constant memory
Fra:1 Mem:21.90M (Peak 38.37M) | Time:00:00.13 | Mem:10.60M, Peak:10.60M | Scene, ViewLayer | Loading denoising kernels (may take a few minutes the first time)
Fra:1 Mem:35.22M (Peak 38.37M) | Time:00:00.14 | Mem:1182.11M, Peak:1182.11M | Scene, ViewLayer | Sample 0/16
Fra:1 Mem:39.97M (Peak 39.97M) | Time:00:00.14 | Remaining:00:00.02 | Mem:1186.87M, Peak:1186.87M | Scene, ViewLayer | Sample 1/16
Fra:1 Mem:41.97M (Peak 44.98M) | Time:00:00.16 | Mem:1240.44M, Peak:1241.94M | Scene, ViewLayer | Sample 16/16
Fra:1 Mem:41.97M (Peak 44.98M) | Time:00:00.16 | Mem:1240.44M, Peak:1241.94M | Scene, ViewLayer | Finished
Saved: '/home/users/samahabd/triad-stimuli-pipeline/data/generated_stimuli/_verify/single/B_controlled_simple/1/reference.png'
Time: 00:00.21 (Saving: 00:00.00)

Timer 'STL Import' took 1.48 ms
Fra:1 Mem:10.84M (Peak 10.84M) | Time:00:00.04 | Mem:0.00M, Peak:0.00M | Scene, ViewLayer | Synchronizing object | 1
Fra:1 Mem:10.84M (Peak 10.84M) | Time:00:00.04 | Mem:0.00M, Peak:0.00M | Scene, ViewLayer | Synchronizing object | BackFill
Fra:1 Mem:10.84M (Peak 10.84M) | Time:00:00.04 | Mem:0.00M, Peak:0.00M | Scene, ViewLayer | Synchronizing object | TopSoft
Fra:1 Mem:11.26M (Peak 11.26M) | Time:00:00.04 | Mem:0.00M, Peak:0.00M | Scene, ViewLayer | Initializing
Fra:1 Mem:11.02M (Peak 11.26M) | Time:00:00.04 | Mem:0.00M, Peak:0.00M | Scene, ViewLayer | Waiting for render to start
Fra:1 Mem:11.02M (Peak 11.26M) | Time:00:00.04 | Mem:0.00M, Peak:0.00M | Scene, ViewLayer | Updating Scene
Fra:1 Mem:11.02M (Peak 11.26M) | Time:00:00.04 | Mem:0.00M, Peak:0.00M | Scene, ViewLayer | Updating Shaders
Fra:1 Mem:11.10M (Peak 11.26M) | Time:00:00.04 | Mem:0.00M, Peak:0.00M | Scene, ViewLayer | Loading render kernels (may take a few minutes the first time)
Fra:1 Mem:11.10M (Peak 38.26M) | Time:00:00.10 | Mem:0.01M, Peak:0.01M | Scene, ViewLayer | Updating Procedurals
Fra:1 Mem:11.10M (Peak 38.26M) | Time:00:00.10 | Mem:0.01M, Peak:0.01M | Scene, ViewLayer | Updating Background
Fra:1 Mem:11.10M (Peak 38.26M) | Time:00:00.10 | Mem:0.01M, Peak:0.01M | Scene, ViewLayer | Updating Camera
Fra:1 Mem:11.10M (Peak 38.26M) | Time:00:00.10 | Mem:0.01M, Peak:0.01M | Scene, ViewLayer | Updating Meshes Flags
Fra:1 Mem:11.10M (Peak 38.26M) | Time:00:00.10 | Mem:0.01M, Peak:0.01M | Scene, ViewLayer | Updating Objects
Fra:1 Mem:11.10M (Peak 38.26M) | Time:00:00.10 | Mem:0.01M, Peak:0.01M | Scene, ViewLayer | Updating Objects | Copying Transformations to device
Fra:1 Mem:11.10M (Peak 38.26M) | Time:00:00.10 | Mem:0.01M, Peak:0.01M | Scene, ViewLayer | Updating Particle Systems
Fra:1 Mem:11.10M (Peak 38.26M) | Time:00:00.10 | Mem:0.01M, Peak:0.01M | Scene, ViewLayer | Updating Particle Systems | Copying Particles to device
Fra:1 Mem:11.10M (Peak 38.26M) | Time:00:00.10 | Mem:0.01M, Peak:0.01M | Scene, ViewLayer | Updating Meshes
Fra:1 Mem:11.10M (Peak 38.26M) | Time:00:00.10 | Mem:0.01M, Peak:0.01M | Scene, ViewLayer | Updating Objects | Applying Static Transformations
Fra:1 Mem:11.10M (Peak 38.26M) | Time:00:00.10 | Mem:0.01M, Peak:0.01M | Scene, ViewLayer | Updating Mesh | Computing attributes
Fra:1 Mem:11.13M (Peak 38.26M) | Time:00:00.10 | Mem:0.01M, Peak:0.01M | Scene, ViewLayer | Updating Mesh | Copying Attributes to device
Fra:1 Mem:11.13M (Peak 38.26M) | Time:00:00.10 | Mem:0.04M, Peak:0.04M | Scene, ViewLayer | Updating Geometry BVH light 8/7 | Building BVH
Fra:1 Mem:11.13M (Peak 38.26M) | Time:00:00.10 | Mem:0.04M, Peak:0.04M | Scene, ViewLayer | Updating Geometry BVH light 8/7 | Building OptiX acceleration structure
Fra:1 Mem:11.13M (Peak 38.26M) | Time:00:00.10 | Mem:0.04M, Peak:0.04M | Scene, ViewLayer | Updating Geometry BVH TopSoft 7/7 | Building BVH
Fra:1 Mem:11.13M (Peak 38.26M) | Time:00:00.10 | Mem:0.04M, Peak:0.04M | Scene, ViewLayer | Updating Geometry BVH TopSoft 7/7 | Building OptiX acceleration structure
Fra:1 Mem:11.13M (Peak 38.26M) | Time:00:00.10 | Mem:0.04M, Peak:0.04M | Scene, ViewLayer | Updating Geometry BVH RightFill 6/7 | Building BVH
Fra:1 Mem:11.13M (Peak 38.26M) | Time:00:00.10 | Mem:0.04M, Peak:0.04M | Scene, ViewLayer | Updating Geometry BVH RightFill 6/7 | Building OptiX acceleration structure
Fra:1 Mem:11.13M (Peak 38.26M) | Time:00:00.10 | Mem:0.04M, Peak:0.04M | Scene, ViewLayer | Updating Geometry BVH LeftFill 5/7 | Building BVH
Fra:1 Mem:11.13M (Peak 38.26M) | Time:00:00.10 | Mem:0.04M, Peak:0.04M | Scene, ViewLayer | Updating Geometry BVH BackFill 4/7 | Building BVH
Fra:1 Mem:11.13M (Peak 38.26M) | Time:00:00.10 | Mem:0.04M, Peak:0.04M | Scene, ViewLayer | Updating Geometry BVH BackFill 4/7 | Building OptiX acceleration structure
Fra:1 Mem:11.13M (Peak 38.26M) | Time:00:00.10 | Mem:0.16M, Peak:0.52M | Scene, ViewLayer | Updating Scene BVH | Building
Fra:1 Mem:11.13M (Peak 38.26M) | Time:00:00.10 | Mem:0.16M, Peak:0.52M | Scene, ViewLayer | Updating Scene BVH | Building OptiX acceleration structure
Fra:1 Mem:11.13M (Peak 38.26M) | Time:00:00.10 | Mem:0.16M, Peak:0.52M | Scene, ViewLayer | Updating Scene BVH | Copying BVH to device
Fra:1 Mem:11.13M (Peak 38.26M) | Time:00:00.10 | Mem:0.16M, Peak:0.52M | Scene, ViewLayer | Updating Mesh | Computing normals
Fra:1 Mem:11.26M (Peak 38.26M) | Time:00:00.10 | Mem:0.16M, Peak:0.52M | Scene, ViewLayer | Updating Mesh | Copying Mesh to device
Fra:1 Mem:11.26M (Peak 38.26M) | Time:00:00.10 | Mem:0.29M, Peak:0.52M | Scene, ViewLayer | Updating Objects Flags
Fra:1 Mem:11.26M (Peak 38.26M) | Time:00:00.10 | Mem:0.29M, Peak:0.52M | Scene, ViewLayer | Updating Primitive Offsets
Fra:1 Mem:11.26M (Peak 38.26M) | Time:00:00.10 | Mem:0.29M, Peak:0.52M | Scene, ViewLayer | Updating Images
Fra:1 Mem:11.26M (Peak 38.26M) | Time:00:00.10 | Mem:0.29M, Peak:0.52M | Scene, ViewLayer | Updating Camera Volume
Fra:1 Mem:11.26M (Peak 38.26M) | Time:00:00.10 | Mem:0.29M, Peak:0.52M | Scene, ViewLayer | Updating Lookup Tables
Fra:1 Mem:11.26M (Peak 38.26M) | Time:00:00.10 | Mem:0.37M, Peak:0.52M | Scene, ViewLayer | Updating Lights
Fra:1 Mem:11.26M (Peak 38.26M) | Time:00:00.10 | Mem:0.37M, Peak:0.52M | Scene, ViewLayer | Updating Lights | Computing tree
Fra:1 Mem:11.26M (Peak 38.26M) | Time:00:00.10 | Mem:0.37M, Peak:0.52M | Scene, ViewLayer | Updating Integrator
Fra:1 Mem:11.26M (Peak 38.26M) | Time:00:00.10 | Mem:0.37M, Peak:0.52M | Scene, ViewLayer | Updating Film
Fra:1 Mem:11.27M (Peak 38.26M) | Time:00:00.10 | Mem:0.29M, Peak:0.52M | Scene, ViewLayer | Updating Lookup Tables
Fra:1 Mem:11.27M (Peak 38.26M) | Time:00:00.10 | Mem:0.38M, Peak:0.52M | Scene, ViewLayer | Updating Baking
Fra:1 Mem:11.27M (Peak 38.26M) | Time:00:00.10 | Mem:0.38M, Peak:0.52M | Scene, ViewLayer | Updating Device | Writing constant memory
Fra:1 Mem:11.27M (Peak 38.26M) | Time:00:00.10 | Mem:0.38M, Peak:0.52M | Scene, ViewLayer | Loading denoising kernels (may take a few minutes the first time)
Fra:1 Mem:24.59M (Peak 38.26M) | Time:00:00.11 | Mem:1171.88M, Peak:1171.88M | Scene, ViewLayer | Sample 0/16
Fra:1 Mem:29.34M (Peak 38.26M) | Time:00:00.11 | Remaining:00:00.03 | Mem:1176.63M, Peak:1176.63M | Scene, ViewLayer | Sample 1/16
Fra:1 Mem:31.34M (Peak 38.26M) | Time:00:00.13 | Mem:1230.21M, Peak:1231.71M | Scene, ViewLayer | Sample 16/16
Fra:1 Mem:31.34M (Peak 38.26M) | Time:00:00.13 | Mem:1230.21M, Peak:1231.71M | Scene, ViewLayer | Finished
Saved: '/home/users/samahabd/triad-stimuli-pipeline/data/generated_stimuli/_verify/single/B_controlled_simple/1/shape_match.png'
Time: 00:00.18 (Saving: 00:00.00)

Timer 'STL Import' took 11.77 ms
Fra:1 Mem:12.77M (Peak 12.77M) | Time:00:00.04 | Mem:0.00M, Peak:0.00M | Scene, ViewLayer | Synchronizing object | 2
Fra:1 Mem:12.77M (Peak 12.77M) | Time:00:00.04 | Mem:0.00M, Peak:0.00M | Scene, ViewLayer | Synchronizing object | LeftFill
Fra:1 Mem:12.77M (Peak 12.77M) | Time:00:00.04 | Mem:0.00M, Peak:0.00M | Scene, ViewLayer | Synchronizing object | TopSoft
Fra:1 Mem:16.69M (Peak 16.69M) | Time:00:00.04 | Mem:0.00M, Peak:0.00M | Scene, ViewLayer | Initializing
Fra:1 Mem:16.45M (Peak 16.69M) | Time:00:00.04 | Mem:0.00M, Peak:0.00M | Scene, ViewLayer | Waiting for render to start
Fra:1 Mem:16.45M (Peak 16.69M) | Time:00:00.04 | Mem:0.00M, Peak:0.00M | Scene, ViewLayer | Updating Scene
Fra:1 Mem:16.45M (Peak 16.69M) | Time:00:00.04 | Mem:0.00M, Peak:0.00M | Scene, ViewLayer | Updating Shaders
Fra:1 Mem:16.53M (Peak 16.69M) | Time:00:00.04 | Mem:0.00M, Peak:0.00M | Scene, ViewLayer | Loading render kernels (may take a few minutes the first time)
Fra:1 Mem:16.53M (Peak 43.69M) | Time:00:00.10 | Mem:0.01M, Peak:0.01M | Scene, ViewLayer | Updating Procedurals
Fra:1 Mem:16.53M (Peak 43.69M) | Time:00:00.10 | Mem:0.01M, Peak:0.01M | Scene, ViewLayer | Updating Background
Fra:1 Mem:16.53M (Peak 43.69M) | Time:00:00.10 | Mem:0.01M, Peak:0.01M | Scene, ViewLayer | Updating Camera
Fra:1 Mem:16.53M (Peak 43.69M) | Time:00:00.10 | Mem:0.01M, Peak:0.01M | Scene, ViewLayer | Updating Meshes Flags
Fra:1 Mem:16.53M (Peak 43.69M) | Time:00:00.10 | Mem:0.01M, Peak:0.01M | Scene, ViewLayer | Updating Objects
Fra:1 Mem:16.53M (Peak 43.69M) | Time:00:00.10 | Mem:0.01M, Peak:0.01M | Scene, ViewLayer | Updating Objects | Copying Transformations to device
Fra:1 Mem:16.53M (Peak 43.69M) | Time:00:00.10 | Mem:0.01M, Peak:0.01M | Scene, ViewLayer | Updating Particle Systems
Fra:1 Mem:16.53M (Peak 43.69M) | Time:00:00.10 | Mem:0.01M, Peak:0.01M | Scene, ViewLayer | Updating Particle Systems | Copying Particles to device
Fra:1 Mem:16.53M (Peak 43.69M) | Time:00:00.10 | Mem:0.01M, Peak:0.01M | Scene, ViewLayer | Updating Meshes
Fra:1 Mem:16.53M (Peak 43.69M) | Time:00:00.10 | Mem:0.01M, Peak:0.01M | Scene, ViewLayer | Updating Objects | Applying Static Transformations
Fra:1 Mem:16.53M (Peak 43.69M) | Time:00:00.10 | Mem:0.01M, Peak:0.01M | Scene, ViewLayer | Updating Mesh | Computing attributes
Fra:1 Mem:16.80M (Peak 43.69M) | Time:00:00.10 | Mem:0.01M, Peak:0.01M | Scene, ViewLayer | Updating Mesh | Copying Attributes to device
Fra:1 Mem:16.80M (Peak 43.69M) | Time:00:00.10 | Mem:0.27M, Peak:0.27M | Scene, ViewLayer | Updating Geometry BVH light 8/7 | Building BVH
Fra:1 Mem:16.80M (Peak 43.69M) | Time:00:00.10 | Mem:0.27M, Peak:0.27M | Scene, ViewLayer | Updating Geometry BVH light 8/7 | Building OptiX acceleration structure
Fra:1 Mem:16.80M (Peak 43.69M) | Time:00:00.10 | Mem:0.27M, Peak:0.27M | Scene, ViewLayer | Updating Geometry BVH TopSoft 7/7 | Building BVH
Fra:1 Mem:16.80M (Peak 43.69M) | Time:00:00.10 | Mem:0.27M, Peak:0.27M | Scene, ViewLayer | Updating Geometry BVH TopSoft 7/7 | Building OptiX acceleration structure
Fra:1 Mem:16.80M (Peak 43.69M) | Time:00:00.10 | Mem:0.27M, Peak:0.27M | Scene, ViewLayer | Updating Geometry BVH RightFill 6/7 | Building BVH
Fra:1 Mem:16.80M (Peak 43.69M) | Time:00:00.10 | Mem:0.27M, Peak:0.27M | Scene, ViewLayer | Updating Geometry BVH RightFill 6/7 | Building OptiX acceleration structure
Fra:1 Mem:16.80M (Peak 43.69M) | Time:00:00.10 | Mem:0.27M, Peak:0.27M | Scene, ViewLayer | Updating Geometry BVH FrontKey 3/7 | Building BVH
Fra:1 Mem:16.80M (Peak 43.69M) | Time:00:00.10 | Mem:0.27M, Peak:0.27M | Scene, ViewLayer | Updating Geometry BVH BackFill 4/7 | Building OptiX acceleration structure
Fra:1 Mem:16.80M (Peak 43.69M) | Time:00:00.10 | Mem:0.27M, Peak:0.27M | Scene, ViewLayer | Updating Geometry BVH 2 2/7 | Building BVH
Fra:1 Mem:16.80M (Peak 43.69M) | Time:00:00.10 | Mem:0.27M, Peak:0.27M | Scene, ViewLayer | Updating Geometry BVH 2 2/7 | Building OptiX acceleration structure
Fra:1 Mem:16.80M (Peak 43.69M) | Time:00:00.11 | Mem:1.37M, Peak:4.72M | Scene, ViewLayer | Updating Scene BVH | Building
Fra:1 Mem:16.80M (Peak 43.69M) | Time:00:00.11 | Mem:1.37M, Peak:4.72M | Scene, ViewLayer | Updating Scene BVH | Building OptiX acceleration structure
Fra:1 Mem:16.80M (Peak 43.69M) | Time:00:00.11 | Mem:1.37M, Peak:4.72M | Scene, ViewLayer | Updating Scene BVH | Copying BVH to device
Fra:1 Mem:16.80M (Peak 43.69M) | Time:00:00.11 | Mem:1.37M, Peak:4.72M | Scene, ViewLayer | Updating Mesh | Computing normals
Fra:1 Mem:18.03M (Peak 43.69M) | Time:00:00.11 | Mem:1.37M, Peak:4.72M | Scene, ViewLayer | Updating Mesh | Copying Mesh to device
Fra:1 Mem:18.03M (Peak 43.69M) | Time:00:00.11 | Mem:2.60M, Peak:4.72M | Scene, ViewLayer | Updating Objects Flags
Fra:1 Mem:18.03M (Peak 43.69M) | Time:00:00.11 | Mem:2.60M, Peak:4.72M | Scene, ViewLayer | Updating Primitive Offsets
Fra:1 Mem:18.03M (Peak 43.69M) | Time:00:00.11 | Mem:2.60M, Peak:4.72M | Scene, ViewLayer | Updating Images
Fra:1 Mem:18.03M (Peak 43.69M) | Time:00:00.11 | Mem:2.60M, Peak:4.72M | Scene, ViewLayer | Updating Camera Volume
Fra:1 Mem:18.03M (Peak 43.69M) | Time:00:00.11 | Mem:2.60M, Peak:4.72M | Scene, ViewLayer | Updating Lookup Tables
Fra:1 Mem:18.03M (Peak 43.69M) | Time:00:00.11 | Mem:2.68M, Peak:4.72M | Scene, ViewLayer | Updating Lights
Fra:1 Mem:18.03M (Peak 43.69M) | Time:00:00.11 | Mem:2.68M, Peak:4.72M | Scene, ViewLayer | Updating Lights | Computing tree
Fra:1 Mem:18.03M (Peak 43.69M) | Time:00:00.11 | Mem:2.68M, Peak:4.72M | Scene, ViewLayer | Updating Integrator
Fra:1 Mem:18.03M (Peak 43.69M) | Time:00:00.11 | Mem:2.68M, Peak:4.72M | Scene, ViewLayer | Updating Film
Fra:1 Mem:18.04M (Peak 43.69M) | Time:00:00.11 | Mem:2.60M, Peak:4.72M | Scene, ViewLayer | Updating Lookup Tables
Fra:1 Mem:18.04M (Peak 43.69M) | Time:00:00.11 | Mem:2.69M, Peak:4.72M | Scene, ViewLayer | Updating Baking
Fra:1 Mem:18.04M (Peak 43.69M) | Time:00:00.11 | Mem:2.69M, Peak:4.72M | Scene, ViewLayer | Updating Device | Writing constant memory
Fra:1 Mem:18.04M (Peak 43.69M) | Time:00:00.11 | Mem:2.69M, Peak:4.72M | Scene, ViewLayer | Loading denoising kernels (may take a few minutes the first time)
Fra:1 Mem:31.36M (Peak 43.69M) | Time:00:00.11 | Mem:1174.19M, Peak:1174.19M | Scene, ViewLayer | Sample 0/8
Fra:1 Mem:36.11M (Peak 43.69M) | Time:00:00.11 | Remaining:00:00.01 | Mem:1178.94M, Peak:1178.94M | Scene, ViewLayer | Sample 1/8
Fra:1 Mem:38.11M (Peak 43.69M) | Time:00:00.13 | Mem:1232.52M, Peak:1234.02M | Scene, ViewLayer | Sample 8/8
Fra:1 Mem:38.11M (Peak 43.69M) | Time:00:00.13 | Mem:1232.52M, Peak:1234.02M | Scene, ViewLayer | Finished
Saved: '/tmp/pose_2_90ffw90m/probe.png'
Time: 00:00.18 (Saving: 00:00.00)

Fra:1 Mem:14.88M (Peak 14.88M) | Time:00:00.04 | Mem:0.00M, Peak:0.00M | Scene, ViewLayer | Synchronizing object | 2
Fra:1 Mem:14.88M (Peak 14.88M) | Time:00:00.04 | Mem:0.00M, Peak:0.00M | Scene, ViewLayer | Synchronizing object | BackFill
Fra:1 Mem:14.89M (Peak 14.89M) | Time:00:00.04 | Mem:0.00M, Peak:0.00M | Scene, ViewLayer | Synchronizing object | TopSoft
Fra:1 Mem:16.69M (Peak 17.04M) | Time:00:00.04 | Mem:0.00M, Peak:0.00M | Scene, ViewLayer | Initializing
Fra:1 Mem:16.45M (Peak 17.04M) | Time:00:00.04 | Mem:0.00M, Peak:0.00M | Scene, ViewLayer | Waiting for render to start
Fra:1 Mem:16.45M (Peak 17.04M) | Time:00:00.04 | Mem:0.00M, Peak:0.00M | Scene, ViewLayer | Updating Scene
Fra:1 Mem:16.45M (Peak 17.04M) | Time:00:00.04 | Mem:0.00M, Peak:0.00M | Scene, ViewLayer | Updating Shaders
Fra:1 Mem:16.53M (Peak 17.04M) | Time:00:00.04 | Mem:0.00M, Peak:0.00M | Scene, ViewLayer | Loading render kernels (may take a few minutes the first time)
Fra:1 Mem:16.53M (Peak 43.69M) | Time:00:00.10 | Mem:0.01M, Peak:0.01M | Scene, ViewLayer | Updating Procedurals
Fra:1 Mem:16.53M (Peak 43.69M) | Time:00:00.10 | Mem:0.01M, Peak:0.01M | Scene, ViewLayer | Updating Background
Fra:1 Mem:16.53M (Peak 43.69M) | Time:00:00.10 | Mem:0.01M, Peak:0.01M | Scene, ViewLayer | Updating Camera
Fra:1 Mem:16.53M (Peak 43.69M) | Time:00:00.10 | Mem:0.01M, Peak:0.01M | Scene, ViewLayer | Updating Meshes Flags
Fra:1 Mem:16.53M (Peak 43.69M) | Time:00:00.10 | Mem:0.01M, Peak:0.01M | Scene, ViewLayer | Updating Objects
Fra:1 Mem:16.53M (Peak 43.69M) | Time:00:00.10 | Mem:0.01M, Peak:0.01M | Scene, ViewLayer | Updating Objects | Copying Transformations to device
Fra:1 Mem:16.53M (Peak 43.69M) | Time:00:00.10 | Mem:0.01M, Peak:0.01M | Scene, ViewLayer | Updating Particle Systems
Fra:1 Mem:16.53M (Peak 43.69M) | Time:00:00.10 | Mem:0.01M, Peak:0.01M | Scene, ViewLayer | Updating Particle Systems | Copying Particles to device
Fra:1 Mem:16.53M (Peak 43.69M) | Time:00:00.10 | Mem:0.01M, Peak:0.01M | Scene, ViewLayer | Updating Meshes
Fra:1 Mem:16.53M (Peak 43.69M) | Time:00:00.10 | Mem:0.01M, Peak:0.01M | Scene, ViewLayer | Updating Objects | Applying Static Transformations
Fra:1 Mem:16.53M (Peak 43.69M) | Time:00:00.10 | Mem:0.01M, Peak:0.01M | Scene, ViewLayer | Updating Mesh | Computing attributes
Fra:1 Mem:16.80M (Peak 43.69M) | Time:00:00.10 | Mem:0.01M, Peak:0.01M | Scene, ViewLayer | Updating Mesh | Copying Attributes to device
Fra:1 Mem:16.80M (Peak 43.69M) | Time:00:00.10 | Mem:0.27M, Peak:0.27M | Scene, ViewLayer | Updating Geometry BVH light 8/7 | Building BVH
Fra:1 Mem:16.80M (Peak 43.69M) | Time:00:00.10 | Mem:0.27M, Peak:0.27M | Scene, ViewLayer | Updating Geometry BVH light 8/7 | Building OptiX acceleration structure
Fra:1 Mem:16.80M (Peak 43.69M) | Time:00:00.10 | Mem:0.27M, Peak:0.27M | Scene, ViewLayer | Updating Geometry BVH TopSoft 7/7 | Building BVH
Fra:1 Mem:16.80M (Peak 43.69M) | Time:00:00.10 | Mem:0.27M, Peak:0.27M | Scene, ViewLayer | Updating Geometry BVH TopSoft 7/7 | Building OptiX acceleration structure
Fra:1 Mem:16.80M (Peak 43.69M) | Time:00:00.10 | Mem:0.27M, Peak:0.27M | Scene, ViewLayer | Updating Geometry BVH RightFill 6/7 | Building BVH
Fra:1 Mem:16.80M (Peak 43.69M) | Time:00:00.10 | Mem:0.27M, Peak:0.27M | Scene, ViewLayer | Updating Geometry BVH FrontKey 3/7 | Building OptiX acceleration structure
Fra:1 Mem:16.80M (Peak 43.69M) | Time:00:00.10 | Mem:0.27M, Peak:0.27M | Scene, ViewLayer | Updating Geometry BVH 2 2/7 | Building BVH
Fra:1 Mem:16.80M (Peak 43.69M) | Time:00:00.10 | Mem:0.27M, Peak:0.27M | Scene, ViewLayer | Updating Geometry BVH 2 2/7 | Building OptiX acceleration structure
Fra:1 Mem:16.80M (Peak 43.69M) | Time:00:00.10 | Mem:1.39M, Peak:4.75M | Scene, ViewLayer | Updating Scene BVH | Building
Fra:1 Mem:16.80M (Peak 43.69M) | Time:00:00.10 | Mem:1.39M, Peak:4.75M | Scene, ViewLayer | Updating Scene BVH | Building OptiX acceleration structure
Fra:1 Mem:16.80M (Peak 43.69M) | Time:00:00.10 | Mem:1.39M, Peak:4.75M | Scene, ViewLayer | Updating Scene BVH | Copying BVH to device
Fra:1 Mem:16.80M (Peak 43.69M) | Time:00:00.10 | Mem:1.39M, Peak:4.75M | Scene, ViewLayer | Updating Mesh | Computing normals
Fra:1 Mem:18.03M (Peak 43.69M) | Time:00:00.10 | Mem:1.39M, Peak:4.75M | Scene, ViewLayer | Updating Mesh | Copying Mesh to device
Fra:1 Mem:18.03M (Peak 43.69M) | Time:00:00.10 | Mem:2.63M, Peak:4.75M | Scene, ViewLayer | Updating Objects Flags
Fra:1 Mem:18.03M (Peak 43.69M) | Time:00:00.10 | Mem:2.63M, Peak:4.75M | Scene, ViewLayer | Updating Primitive Offsets
Fra:1 Mem:18.03M (Peak 43.69M) | Time:00:00.10 | Mem:2.63M, Peak:4.75M | Scene, ViewLayer | Updating Images
Fra:1 Mem:18.03M (Peak 43.69M) | Time:00:00.10 | Mem:2.63M, Peak:4.75M | Scene, ViewLayer | Updating Camera Volume
Fra:1 Mem:18.03M (Peak 43.69M) | Time:00:00.10 | Mem:2.63M, Peak:4.75M | Scene, ViewLayer | Updating Lookup Tables
Fra:1 Mem:18.03M (Peak 43.69M) | Time:00:00.10 | Mem:2.71M, Peak:4.75M | Scene, ViewLayer | Updating Lights
Fra:1 Mem:18.03M (Peak 43.69M) | Time:00:00.10 | Mem:2.71M, Peak:4.75M | Scene, ViewLayer | Updating Lights | Computing tree
Fra:1 Mem:18.03M (Peak 43.69M) | Time:00:00.10 | Mem:2.71M, Peak:4.75M | Scene, ViewLayer | Updating Integrator
Fra:1 Mem:18.03M (Peak 43.69M) | Time:00:00.10 | Mem:2.71M, Peak:4.75M | Scene, ViewLayer | Updating Film
Fra:1 Mem:18.04M (Peak 43.69M) | Time:00:00.10 | Mem:2.63M, Peak:4.75M | Scene, ViewLayer | Updating Lookup Tables
Fra:1 Mem:18.04M (Peak 43.69M) | Time:00:00.10 | Mem:2.71M, Peak:4.75M | Scene, ViewLayer | Updating Baking
Fra:1 Mem:18.04M (Peak 43.69M) | Time:00:00.10 | Mem:2.71M, Peak:4.75M | Scene, ViewLayer | Updating Device | Writing constant memory
Fra:1 Mem:18.04M (Peak 43.69M) | Time:00:00.10 | Mem:2.71M, Peak:4.75M | Scene, ViewLayer | Loading denoising kernels (may take a few minutes the first time)
Fra:1 Mem:31.36M (Peak 43.69M) | Time:00:00.11 | Mem:1174.22M, Peak:1174.22M | Scene, ViewLayer | Sample 0/8
Fra:1 Mem:36.11M (Peak 43.69M) | Time:00:00.11 | Remaining:00:00.01 | Mem:1178.97M, Peak:1178.97M | Scene, ViewLayer | Sample 1/8
Fra:1 Mem:38.11M (Peak 43.69M) | Time:00:00.13 | Mem:1232.54M, Peak:1234.04M | Scene, ViewLayer | Sample 8/8
Fra:1 Mem:38.11M (Peak 43.69M) | Time:00:00.13 | Mem:1232.54M, Peak:1234.04M | Scene, ViewLayer | Finished
Saved: '/tmp/pose_2_90ffw90m/probe.png'
Time: 00:00.18 (Saving: 00:00.00)

Fra:1 Mem:14.88M (Peak 14.88M) | Time:00:00.04 | Mem:0.00M, Peak:0.00M | Scene, ViewLayer | Synchronizing object | 2
Fra:1 Mem:14.88M (Peak 14.88M) | Time:00:00.04 | Mem:0.00M, Peak:0.00M | Scene, ViewLayer | Synchronizing object | LeftFill
Fra:1 Mem:14.89M (Peak 14.89M) | Time:00:00.04 | Mem:0.00M, Peak:0.00M | Scene, ViewLayer | Synchronizing object | TopSoft
Fra:1 Mem:16.69M (Peak 17.04M) | Time:00:00.04 | Mem:0.00M, Peak:0.00M | Scene, ViewLayer | Initializing
Fra:1 Mem:16.45M (Peak 17.04M) | Time:00:00.04 | Mem:0.00M, Peak:0.00M | Scene, ViewLayer | Waiting for render to start
Fra:1 Mem:16.45M (Peak 17.04M) | Time:00:00.04 | Mem:0.00M, Peak:0.00M | Scene, ViewLayer | Updating Scene
Fra:1 Mem:16.45M (Peak 17.04M) | Time:00:00.04 | Mem:0.00M, Peak:0.00M | Scene, ViewLayer | Updating Shaders
Fra:1 Mem:16.53M (Peak 17.04M) | Time:00:00.04 | Mem:0.00M, Peak:0.00M | Scene, ViewLayer | Loading render kernels (may take a few minutes the first time)
Fra:1 Mem:16.53M (Peak 43.69M) | Time:00:00.10 | Mem:0.01M, Peak:0.01M | Scene, ViewLayer | Updating Procedurals
Fra:1 Mem:16.53M (Peak 43.69M) | Time:00:00.10 | Mem:0.01M, Peak:0.01M | Scene, ViewLayer | Updating Background
Fra:1 Mem:16.53M (Peak 43.69M) | Time:00:00.10 | Mem:0.01M, Peak:0.01M | Scene, ViewLayer | Updating Camera
Fra:1 Mem:16.53M (Peak 43.69M) | Time:00:00.10 | Mem:0.01M, Peak:0.01M | Scene, ViewLayer | Updating Meshes Flags
Fra:1 Mem:16.53M (Peak 43.69M) | Time:00:00.10 | Mem:0.01M, Peak:0.01M | Scene, ViewLayer | Updating Objects
Fra:1 Mem:16.53M (Peak 43.69M) | Time:00:00.10 | Mem:0.01M, Peak:0.01M | Scene, ViewLayer | Updating Objects | Copying Transformations to device
Fra:1 Mem:16.53M (Peak 43.69M) | Time:00:00.10 | Mem:0.01M, Peak:0.01M | Scene, ViewLayer | Updating Particle Systems
Fra:1 Mem:16.53M (Peak 43.69M) | Time:00:00.10 | Mem:0.01M, Peak:0.01M | Scene, ViewLayer | Updating Particle Systems | Copying Particles to device
Fra:1 Mem:16.53M (Peak 43.69M) | Time:00:00.10 | Mem:0.01M, Peak:0.01M | Scene, ViewLayer | Updating Meshes
Fra:1 Mem:16.53M (Peak 43.69M) | Time:00:00.10 | Mem:0.01M, Peak:0.01M | Scene, ViewLayer | Updating Objects | Applying Static Transformations
Fra:1 Mem:16.53M (Peak 43.69M) | Time:00:00.10 | Mem:0.01M, Peak:0.01M | Scene, ViewLayer | Updating Mesh | Computing attributes
Fra:1 Mem:16.80M (Peak 43.69M) | Time:00:00.10 | Mem:0.01M, Peak:0.01M | Scene, ViewLayer | Updating Mesh | Copying Attributes to device
Fra:1 Mem:16.80M (Peak 43.69M) | Time:00:00.10 | Mem:0.27M, Peak:0.27M | Scene, ViewLayer | Updating Geometry BVH light 8/7 | Building BVH
Fra:1 Mem:16.80M (Peak 43.69M) | Time:00:00.10 | Mem:0.27M, Peak:0.27M | Scene, ViewLayer | Updating Geometry BVH light 8/7 | Building OptiX acceleration structure
Fra:1 Mem:16.80M (Peak 43.69M) | Time:00:00.10 | Mem:0.27M, Peak:0.27M | Scene, ViewLayer | Updating Geometry BVH TopSoft 7/7 | Building BVH
Fra:1 Mem:16.80M (Peak 43.69M) | Time:00:00.10 | Mem:0.27M, Peak:0.27M | Scene, ViewLayer | Updating Geometry BVH TopSoft 7/7 | Building OptiX acceleration structure
Fra:1 Mem:16.80M (Peak 43.69M) | Time:00:00.10 | Mem:0.27M, Peak:0.27M | Scene, ViewLayer | Updating Geometry BVH FrontKey 3/7 | Building BVH
Fra:1 Mem:16.80M (Peak 43.69M) | Time:00:00.10 | Mem:0.27M, Peak:0.27M | Scene, ViewLayer | Updating Geometry BVH LeftFill 5/7 | Building OptiX acceleration structure
Fra:1 Mem:16.80M (Peak 43.69M) | Time:00:00.10 | Mem:0.27M, Peak:0.27M | Scene, ViewLayer | Updating Geometry BVH 2 2/7 | Building BVH
Fra:1 Mem:16.80M (Peak 43.69M) | Time:00:00.10 | Mem:0.27M, Peak:0.27M | Scene, ViewLayer | Updating Geometry BVH 2 2/7 | Building OptiX acceleration structure
Fra:1 Mem:16.80M (Peak 43.69M) | Time:00:00.10 | Mem:1.38M, Peak:4.73M | Scene, ViewLayer | Updating Scene BVH | Building
Fra:1 Mem:16.80M (Peak 43.69M) | Time:00:00.10 | Mem:1.38M, Peak:4.73M | Scene, ViewLayer | Updating Scene BVH | Building OptiX acceleration structure
Fra:1 Mem:16.80M (Peak 43.69M) | Time:00:00.10 | Mem:1.38M, Peak:4.73M | Scene, ViewLayer | Updating Scene BVH | Copying BVH to device
Fra:1 Mem:16.80M (Peak 43.69M) | Time:00:00.10 | Mem:1.38M, Peak:4.73M | Scene, ViewLayer | Updating Mesh | Computing normals
Fra:1 Mem:18.03M (Peak 43.69M) | Time:00:00.10 | Mem:1.38M, Peak:4.73M | Scene, ViewLayer | Updating Mesh | Copying Mesh to device
Fra:1 Mem:18.03M (Peak 43.69M) | Time:00:00.10 | Mem:2.61M, Peak:4.73M | Scene, ViewLayer | Updating Objects Flags
Fra:1 Mem:18.03M (Peak 43.69M) | Time:00:00.10 | Mem:2.61M, Peak:4.73M | Scene, ViewLayer | Updating Primitive Offsets
Fra:1 Mem:18.03M (Peak 43.69M) | Time:00:00.10 | Mem:2.61M, Peak:4.73M | Scene, ViewLayer | Updating Images
Fra:1 Mem:18.03M (Peak 43.69M) | Time:00:00.10 | Mem:2.61M, Peak:4.73M | Scene, ViewLayer | Updating Camera Volume
Fra:1 Mem:18.03M (Peak 43.69M) | Time:00:00.10 | Mem:2.61M, Peak:4.73M | Scene, ViewLayer | Updating Lookup Tables
Fra:1 Mem:18.03M (Peak 43.69M) | Time:00:00.10 | Mem:2.69M, Peak:4.73M | Scene, ViewLayer | Updating Lights
Fra:1 Mem:18.03M (Peak 43.69M) | Time:00:00.10 | Mem:2.69M, Peak:4.73M | Scene, ViewLayer | Updating Lights | Computing tree
Fra:1 Mem:18.03M (Peak 43.69M) | Time:00:00.10 | Mem:2.70M, Peak:4.73M | Scene, ViewLayer | Updating Integrator
Fra:1 Mem:18.03M (Peak 43.69M) | Time:00:00.10 | Mem:2.70M, Peak:4.73M | Scene, ViewLayer | Updating Film
Fra:1 Mem:18.04M (Peak 43.69M) | Time:00:00.10 | Mem:2.61M, Peak:4.73M | Scene, ViewLayer | Updating Lookup Tables
Fra:1 Mem:18.04M (Peak 43.69M) | Time:00:00.10 | Mem:2.70M, Peak:4.73M | Scene, ViewLayer | Updating Baking
Fra:1 Mem:18.04M (Peak 43.69M) | Time:00:00.10 | Mem:2.70M, Peak:4.73M | Scene, ViewLayer | Updating Device | Writing constant memory
Fra:1 Mem:18.04M (Peak 43.69M) | Time:00:00.10 | Mem:2.70M, Peak:4.73M | Scene, ViewLayer | Loading denoising kernels (may take a few minutes the first time)
Fra:1 Mem:31.36M (Peak 43.69M) | Time:00:00.11 | Mem:1174.20M, Peak:1174.20M | Scene, ViewLayer | Sample 0/8
Fra:1 Mem:36.11M (Peak 43.69M) | Time:00:00.11 | Remaining:00:00.01 | Mem:1178.95M, Peak:1178.95M | Scene, ViewLayer | Sample 1/8
Fra:1 Mem:38.11M (Peak 43.69M) | Time:00:00.13 | Mem:1232.53M, Peak:1234.03M | Scene, ViewLayer | Sample 8/8
Fra:1 Mem:38.11M (Peak 43.69M) | Time:00:00.13 | Mem:1232.53M, Peak:1234.03M | Scene, ViewLayer | Finished
Saved: '/tmp/pose_2_90ffw90m/probe.png'
Time: 00:00.18 (Saving: 00:00.00)

Fra:1 Mem:14.88M (Peak 14.88M) | Time:00:00.03 | Mem:0.00M, Peak:0.00M | Scene, ViewLayer | Synchronizing object | 2
Fra:1 Mem:14.88M (Peak 14.88M) | Time:00:00.03 | Mem:0.00M, Peak:0.00M | Scene, ViewLayer | Synchronizing object | BackFill
Fra:1 Mem:14.89M (Peak 14.89M) | Time:00:00.03 | Mem:0.00M, Peak:0.00M | Scene, ViewLayer | Synchronizing object | TopSoft
Fra:1 Mem:16.69M (Peak 17.04M) | Time:00:00.04 | Mem:0.00M, Peak:0.00M | Scene, ViewLayer | Initializing
Fra:1 Mem:16.45M (Peak 17.04M) | Time:00:00.04 | Mem:0.00M, Peak:0.00M | Scene, ViewLayer | Waiting for render to start
Fra:1 Mem:16.45M (Peak 17.04M) | Time:00:00.04 | Mem:0.00M, Peak:0.00M | Scene, ViewLayer | Updating Scene
Fra:1 Mem:16.45M (Peak 17.04M) | Time:00:00.04 | Mem:0.00M, Peak:0.00M | Scene, ViewLayer | Updating Shaders
Fra:1 Mem:16.53M (Peak 17.04M) | Time:00:00.04 | Mem:0.00M, Peak:0.00M | Scene, ViewLayer | Loading render kernels (may take a few minutes the first time)
Fra:1 Mem:16.53M (Peak 43.69M) | Time:00:00.10 | Mem:0.01M, Peak:0.01M | Scene, ViewLayer | Updating Procedurals
Fra:1 Mem:16.53M (Peak 43.69M) | Time:00:00.10 | Mem:0.01M, Peak:0.01M | Scene, ViewLayer | Updating Background
Fra:1 Mem:16.53M (Peak 43.69M) | Time:00:00.10 | Mem:0.01M, Peak:0.01M | Scene, ViewLayer | Updating Camera
Fra:1 Mem:16.53M (Peak 43.69M) | Time:00:00.10 | Mem:0.01M, Peak:0.01M | Scene, ViewLayer | Updating Meshes Flags
Fra:1 Mem:16.53M (Peak 43.69M) | Time:00:00.10 | Mem:0.01M, Peak:0.01M | Scene, ViewLayer | Updating Objects
Fra:1 Mem:16.53M (Peak 43.69M) | Time:00:00.10 | Mem:0.01M, Peak:0.01M | Scene, ViewLayer | Updating Objects | Copying Transformations to device
Fra:1 Mem:16.53M (Peak 43.69M) | Time:00:00.10 | Mem:0.01M, Peak:0.01M | Scene, ViewLayer | Updating Particle Systems
Fra:1 Mem:16.53M (Peak 43.69M) | Time:00:00.10 | Mem:0.01M, Peak:0.01M | Scene, ViewLayer | Updating Particle Systems | Copying Particles to device
Fra:1 Mem:16.53M (Peak 43.69M) | Time:00:00.10 | Mem:0.01M, Peak:0.01M | Scene, ViewLayer | Updating Meshes
Fra:1 Mem:16.53M (Peak 43.69M) | Time:00:00.10 | Mem:0.01M, Peak:0.01M | Scene, ViewLayer | Updating Objects | Applying Static Transformations
Fra:1 Mem:16.53M (Peak 43.69M) | Time:00:00.10 | Mem:0.01M, Peak:0.01M | Scene, ViewLayer | Updating Mesh | Computing attributes
Fra:1 Mem:16.80M (Peak 43.69M) | Time:00:00.10 | Mem:0.01M, Peak:0.01M | Scene, ViewLayer | Updating Mesh | Copying Attributes to device
Fra:1 Mem:16.80M (Peak 43.69M) | Time:00:00.10 | Mem:0.27M, Peak:0.27M | Scene, ViewLayer | Updating Geometry BVH light 8/7 | Building BVH
Fra:1 Mem:16.80M (Peak 43.69M) | Time:00:00.10 | Mem:0.27M, Peak:0.27M | Scene, ViewLayer | Updating Geometry BVH light 8/7 | Building OptiX acceleration structure
Fra:1 Mem:16.80M (Peak 43.69M) | Time:00:00.10 | Mem:0.27M, Peak:0.27M | Scene, ViewLayer | Updating Geometry BVH TopSoft 7/7 | Building BVH
Fra:1 Mem:16.80M (Peak 43.69M) | Time:00:00.10 | Mem:0.27M, Peak:0.27M | Scene, ViewLayer | Updating Geometry BVH TopSoft 7/7 | Building OptiX acceleration structure
Fra:1 Mem:16.80M (Peak 43.69M) | Time:00:00.10 | Mem:0.27M, Peak:0.27M | Scene, ViewLayer | Updating Geometry BVH LeftFill 5/7 | Building BVH
Fra:1 Mem:16.80M (Peak 43.69M) | Time:00:00.10 | Mem:0.27M, Peak:0.27M | Scene, ViewLayer | Updating Geometry BVH 2 2/7 | Building BVH
Fra:1 Mem:16.80M (Peak 43.69M) | Time:00:00.10 | Mem:0.27M, Peak:0.27M | Scene, ViewLayer | Updating Geometry BVH 2 2/7 | Building OptiX acceleration structure
Fra:1 Mem:16.80M (Peak 43.69M) | Time:00:00.10 | Mem:1.37M, Peak:4.72M | Scene, ViewLayer | Updating Scene BVH | Building
Fra:1 Mem:16.80M (Peak 43.69M) | Time:00:00.10 | Mem:1.37M, Peak:4.72M | Scene, ViewLayer | Updating Scene BVH | Building OptiX acceleration structure
Fra:1 Mem:16.80M (Peak 43.69M) | Time:00:00.10 | Mem:1.37M, Peak:4.72M | Scene, ViewLayer | Updating Scene BVH | Copying BVH to device
Fra:1 Mem:16.80M (Peak 43.69M) | Time:00:00.10 | Mem:1.37M, Peak:4.72M | Scene, ViewLayer | Updating Mesh | Computing normals
Fra:1 Mem:18.03M (Peak 43.69M) | Time:00:00.10 | Mem:1.37M, Peak:4.72M | Scene, ViewLayer | Updating Mesh | Copying Mesh to device
Fra:1 Mem:18.03M (Peak 43.69M) | Time:00:00.10 | Mem:2.61M, Peak:4.72M | Scene, ViewLayer | Updating Objects Flags
Fra:1 Mem:18.03M (Peak 43.69M) | Time:00:00.10 | Mem:2.61M, Peak:4.72M | Scene, ViewLayer | Updating Primitive Offsets
Fra:1 Mem:18.03M (Peak 43.69M) | Time:00:00.10 | Mem:2.61M, Peak:4.72M | Scene, ViewLayer | Updating Images
Fra:1 Mem:18.03M (Peak 43.69M) | Time:00:00.10 | Mem:2.61M, Peak:4.72M | Scene, ViewLayer | Updating Camera Volume
Fra:1 Mem:18.03M (Peak 43.69M) | Time:00:00.10 | Mem:2.61M, Peak:4.72M | Scene, ViewLayer | Updating Lookup Tables
Fra:1 Mem:18.03M (Peak 43.69M) | Time:00:00.10 | Mem:2.69M, Peak:4.72M | Scene, ViewLayer | Updating Lights
Fra:1 Mem:18.03M (Peak 43.69M) | Time:00:00.10 | Mem:2.69M, Peak:4.72M | Scene, ViewLayer | Updating Lights | Computing tree
Fra:1 Mem:18.03M (Peak 43.69M) | Time:00:00.10 | Mem:2.69M, Peak:4.72M | Scene, ViewLayer | Updating Integrator
Fra:1 Mem:18.03M (Peak 43.69M) | Time:00:00.10 | Mem:2.69M, Peak:4.72M | Scene, ViewLayer | Updating Film
Fra:1 Mem:18.04M (Peak 43.69M) | Time:00:00.10 | Mem:2.61M, Peak:4.72M | Scene, ViewLayer | Updating Lookup Tables
Fra:1 Mem:18.04M (Peak 43.69M) | Time:00:00.10 | Mem:2.69M, Peak:4.72M | Scene, ViewLayer | Updating Baking
Fra:1 Mem:18.04M (Peak 43.69M) | Time:00:00.10 | Mem:2.69M, Peak:4.72M | Scene, ViewLayer | Updating Device | Writing constant memory
Fra:1 Mem:18.04M (Peak 43.69M) | Time:00:00.10 | Mem:2.69M, Peak:4.72M | Scene, ViewLayer | Loading denoising kernels (may take a few minutes the first time)
Fra:1 Mem:31.36M (Peak 43.69M) | Time:00:00.11 | Mem:1174.20M, Peak:1174.20M | Scene, ViewLayer | Sample 0/8
Fra:1 Mem:36.11M (Peak 43.69M) | Time:00:00.11 | Remaining:00:00.01 | Mem:1178.95M, Peak:1178.95M | Scene, ViewLayer | Sample 1/8
Fra:1 Mem:38.11M (Peak 43.69M) | Time:00:00.13 | Mem:1232.52M, Peak:1234.02M | Scene, ViewLayer | Sample 8/8
Fra:1 Mem:38.11M (Peak 43.69M) | Time:00:00.13 | Mem:1232.52M, Peak:1234.02M | Scene, ViewLayer | Finished
Saved: '/tmp/pose_2_90ffw90m/probe.png'
Time: 00:00.18 (Saving: 00:00.00)

Fra:1 Mem:14.88M (Peak 14.88M) | Time:00:00.04 | Mem:0.00M, Peak:0.00M | Scene, ViewLayer | Synchronizing object | 2
Fra:1 Mem:14.88M (Peak 14.88M) | Time:00:00.04 | Mem:0.00M, Peak:0.00M | Scene, ViewLayer | Synchronizing object | FrontKey
Fra:1 Mem:14.89M (Peak 14.89M) | Time:00:00.04 | Mem:0.00M, Peak:0.00M | Scene, ViewLayer | Synchronizing object | RightFill
Fra:1 Mem:15.24M (Peak 15.24M) | Time:00:00.04 | Mem:0.00M, Peak:0.00M | Scene, ViewLayer | Synchronizing object | TopSoft
Fra:1 Mem:16.69M (Peak 16.69M) | Time:00:00.04 | Mem:0.00M, Peak:0.00M | Scene, ViewLayer | Initializing
Fra:1 Mem:16.45M (Peak 16.69M) | Time:00:00.04 | Mem:0.00M, Peak:0.00M | Scene, ViewLayer | Waiting for render to start
Fra:1 Mem:16.45M (Peak 16.69M) | Time:00:00.04 | Mem:0.00M, Peak:0.00M | Scene, ViewLayer | Updating Scene
Fra:1 Mem:16.45M (Peak 16.69M) | Time:00:00.04 | Mem:0.00M, Peak:0.00M | Scene, ViewLayer | Updating Shaders
Fra:1 Mem:16.53M (Peak 16.69M) | Time:00:00.04 | Mem:0.00M, Peak:0.00M | Scene, ViewLayer | Loading render kernels (may take a few minutes the first time)
Fra:1 Mem:16.53M (Peak 43.69M) | Time:00:00.10 | Mem:0.01M, Peak:0.01M | Scene, ViewLayer | Updating Procedurals
Fra:1 Mem:16.53M (Peak 43.69M) | Time:00:00.10 | Mem:0.01M, Peak:0.01M | Scene, ViewLayer | Updating Background
Fra:1 Mem:16.53M (Peak 43.69M) | Time:00:00.10 | Mem:0.01M, Peak:0.01M | Scene, ViewLayer | Updating Camera
Fra:1 Mem:16.53M (Peak 43.69M) | Time:00:00.10 | Mem:0.01M, Peak:0.01M | Scene, ViewLayer | Updating Meshes Flags
Fra:1 Mem:16.53M (Peak 43.69M) | Time:00:00.10 | Mem:0.01M, Peak:0.01M | Scene, ViewLayer | Updating Objects
Fra:1 Mem:16.53M (Peak 43.69M) | Time:00:00.10 | Mem:0.01M, Peak:0.01M | Scene, ViewLayer | Updating Objects | Copying Transformations to device
Fra:1 Mem:16.53M (Peak 43.69M) | Time:00:00.10 | Mem:0.01M, Peak:0.01M | Scene, ViewLayer | Updating Particle Systems
Fra:1 Mem:16.53M (Peak 43.69M) | Time:00:00.10 | Mem:0.01M, Peak:0.01M | Scene, ViewLayer | Updating Particle Systems | Copying Particles to device
Fra:1 Mem:16.53M (Peak 43.69M) | Time:00:00.10 | Mem:0.01M, Peak:0.01M | Scene, ViewLayer | Updating Meshes
Fra:1 Mem:16.53M (Peak 43.69M) | Time:00:00.10 | Mem:0.01M, Peak:0.01M | Scene, ViewLayer | Updating Objects | Applying Static Transformations
Fra:1 Mem:16.53M (Peak 43.69M) | Time:00:00.10 | Mem:0.01M, Peak:0.01M | Scene, ViewLayer | Updating Mesh | Computing attributes
Fra:1 Mem:16.80M (Peak 43.69M) | Time:00:00.10 | Mem:0.01M, Peak:0.01M | Scene, ViewLayer | Updating Mesh | Copying Attributes to device
Fra:1 Mem:16.80M (Peak 43.69M) | Time:00:00.10 | Mem:0.27M, Peak:0.27M | Scene, ViewLayer | Updating Geometry BVH light 8/7 | Building BVH
Fra:1 Mem:16.80M (Peak 43.69M) | Time:00:00.10 | Mem:0.27M, Peak:0.27M | Scene, ViewLayer | Updating Geometry BVH light 8/7 | Building OptiX acceleration structure
Fra:1 Mem:16.80M (Peak 43.69M) | Time:00:00.10 | Mem:0.27M, Peak:0.27M | Scene, ViewLayer | Updating Geometry BVH TopSoft 7/7 | Building BVH
Fra:1 Mem:16.80M (Peak 43.69M) | Time:00:00.10 | Mem:0.27M, Peak:0.27M | Scene, ViewLayer | Updating Geometry BVH FrontKey 3/7 | Building OptiX acceleration structure
Fra:1 Mem:16.80M (Peak 43.69M) | Time:00:00.10 | Mem:0.27M, Peak:0.27M | Scene, ViewLayer | Updating Geometry BVH LeftFill 5/7 | Building BVH
Fra:1 Mem:16.80M (Peak 43.69M) | Time:00:00.10 | Mem:0.27M, Peak:0.27M | Scene, ViewLayer | Updating Geometry BVH RightFill 6/7 | Building OptiX acceleration structure
Fra:1 Mem:16.80M (Peak 43.69M) | Time:00:00.10 | Mem:0.27M, Peak:0.27M | Scene, ViewLayer | Updating Geometry BVH 2 2/7 | Building BVH
Fra:1 Mem:16.80M (Peak 43.69M) | Time:00:00.10 | Mem:0.27M, Peak:0.27M | Scene, ViewLayer | Updating Geometry BVH 2 2/7 | Building OptiX acceleration structure
Fra:1 Mem:16.80M (Peak 43.69M) | Time:00:00.10 | Mem:1.38M, Peak:4.73M | Scene, ViewLayer | Updating Scene BVH | Building
Fra:1 Mem:16.80M (Peak 43.69M) | Time:00:00.10 | Mem:1.38M, Peak:4.73M | Scene, ViewLayer | Updating Scene BVH | Building OptiX acceleration structure
Fra:1 Mem:16.80M (Peak 43.69M) | Time:00:00.10 | Mem:1.38M, Peak:4.73M | Scene, ViewLayer | Updating Scene BVH | Copying BVH to device
Fra:1 Mem:16.80M (Peak 43.69M) | Time:00:00.10 | Mem:1.38M, Peak:4.73M | Scene, ViewLayer | Updating Mesh | Computing normals
Fra:1 Mem:18.03M (Peak 43.69M) | Time:00:00.10 | Mem:1.38M, Peak:4.73M | Scene, ViewLayer | Updating Mesh | Copying Mesh to device
Fra:1 Mem:18.03M (Peak 43.69M) | Time:00:00.10 | Mem:2.61M, Peak:4.73M | Scene, ViewLayer | Updating Objects Flags
Fra:1 Mem:18.03M (Peak 43.69M) | Time:00:00.10 | Mem:2.61M, Peak:4.73M | Scene, ViewLayer | Updating Primitive Offsets
Fra:1 Mem:18.03M (Peak 43.69M) | Time:00:00.10 | Mem:2.61M, Peak:4.73M | Scene, ViewLayer | Updating Images
Fra:1 Mem:18.03M (Peak 43.69M) | Time:00:00.10 | Mem:2.61M, Peak:4.73M | Scene, ViewLayer | Updating Camera Volume
Fra:1 Mem:18.03M (Peak 43.69M) | Time:00:00.10 | Mem:2.61M, Peak:4.73M | Scene, ViewLayer | Updating Lookup Tables
Fra:1 Mem:18.03M (Peak 43.69M) | Time:00:00.10 | Mem:2.70M, Peak:4.73M | Scene, ViewLayer | Updating Lights
Fra:1 Mem:18.03M (Peak 43.69M) | Time:00:00.10 | Mem:2.70M, Peak:4.73M | Scene, ViewLayer | Updating Lights | Computing tree
Fra:1 Mem:18.03M (Peak 43.69M) | Time:00:00.10 | Mem:2.70M, Peak:4.73M | Scene, ViewLayer | Updating Integrator
Fra:1 Mem:18.03M (Peak 43.69M) | Time:00:00.10 | Mem:2.70M, Peak:4.73M | Scene, ViewLayer | Updating Film
Fra:1 Mem:18.04M (Peak 43.69M) | Time:00:00.10 | Mem:2.62M, Peak:4.73M | Scene, ViewLayer | Updating Lookup Tables
Fra:1 Mem:18.04M (Peak 43.69M) | Time:00:00.10 | Mem:2.70M, Peak:4.73M | Scene, ViewLayer | Updating Baking
Fra:1 Mem:18.04M (Peak 43.69M) | Time:00:00.10 | Mem:2.70M, Peak:4.73M | Scene, ViewLayer | Updating Device | Writing constant memory
Fra:1 Mem:18.04M (Peak 43.69M) | Time:00:00.10 | Mem:2.70M, Peak:4.73M | Scene, ViewLayer | Loading denoising kernels (may take a few minutes the first time)
Fra:1 Mem:31.36M (Peak 43.69M) | Time:00:00.11 | Mem:1174.21M, Peak:1174.21M | Scene, ViewLayer | Sample 0/8
Fra:1 Mem:36.11M (Peak 43.69M) | Time:00:00.11 | Remaining:00:00.01 | Mem:1178.96M, Peak:1178.96M | Scene, ViewLayer | Sample 1/8
Fra:1 Mem:38.11M (Peak 43.69M) | Time:00:00.13 | Mem:1232.53M, Peak:1234.03M | Scene, ViewLayer | Sample 8/8
Fra:1 Mem:38.11M (Peak 43.69M) | Time:00:00.13 | Mem:1232.53M, Peak:1234.03M | Scene, ViewLayer | Finished
Saved: '/tmp/pose_2_90ffw90m/probe.png'
Time: 00:00.17 (Saving: 00:00.00)

Fra:1 Mem:14.88M (Peak 14.88M) | Time:00:00.04 | Mem:0.00M, Peak:0.00M | Scene, ViewLayer | Synchronizing object | 2
Fra:1 Mem:14.88M (Peak 14.88M) | Time:00:00.04 | Mem:0.00M, Peak:0.00M | Scene, ViewLayer | Synchronizing object | FrontKey
Fra:1 Mem:14.89M (Peak 14.89M) | Time:00:00.04 | Mem:0.00M, Peak:0.00M | Scene, ViewLayer | Synchronizing object | RightFill
Fra:1 Mem:14.89M (Peak 14.89M) | Time:00:00.04 | Mem:0.00M, Peak:0.00M | Scene, ViewLayer | Synchronizing object | TopSoft
Fra:1 Mem:16.69M (Peak 17.04M) | Time:00:00.04 | Mem:0.00M, Peak:0.00M | Scene, ViewLayer | Initializing
Fra:1 Mem:16.45M (Peak 17.04M) | Time:00:00.04 | Mem:0.00M, Peak:0.00M | Scene, ViewLayer | Waiting for render to start
Fra:1 Mem:16.45M (Peak 17.04M) | Time:00:00.04 | Mem:0.00M, Peak:0.00M | Scene, ViewLayer | Updating Scene
Fra:1 Mem:16.45M (Peak 17.04M) | Time:00:00.04 | Mem:0.00M, Peak:0.00M | Scene, ViewLayer | Updating Shaders
Fra:1 Mem:16.53M (Peak 17.04M) | Time:00:00.04 | Mem:0.00M, Peak:0.00M | Scene, ViewLayer | Loading render kernels (may take a few minutes the first time)
Fra:1 Mem:16.53M (Peak 43.69M) | Time:00:00.10 | Mem:0.01M, Peak:0.01M | Scene, ViewLayer | Updating Procedurals
Fra:1 Mem:16.53M (Peak 43.69M) | Time:00:00.10 | Mem:0.01M, Peak:0.01M | Scene, ViewLayer | Updating Background
Fra:1 Mem:16.53M (Peak 43.69M) | Time:00:00.10 | Mem:0.01M, Peak:0.01M | Scene, ViewLayer | Updating Camera
Fra:1 Mem:16.53M (Peak 43.69M) | Time:00:00.10 | Mem:0.01M, Peak:0.01M | Scene, ViewLayer | Updating Meshes Flags
Fra:1 Mem:16.53M (Peak 43.69M) | Time:00:00.10 | Mem:0.01M, Peak:0.01M | Scene, ViewLayer | Updating Objects
Fra:1 Mem:16.53M (Peak 43.69M) | Time:00:00.10 | Mem:0.01M, Peak:0.01M | Scene, ViewLayer | Updating Objects | Copying Transformations to device
Fra:1 Mem:16.53M (Peak 43.69M) | Time:00:00.10 | Mem:0.01M, Peak:0.01M | Scene, ViewLayer | Updating Particle Systems
Fra:1 Mem:16.53M (Peak 43.69M) | Time:00:00.10 | Mem:0.01M, Peak:0.01M | Scene, ViewLayer | Updating Particle Systems | Copying Particles to device
Fra:1 Mem:16.53M (Peak 43.69M) | Time:00:00.10 | Mem:0.01M, Peak:0.01M | Scene, ViewLayer | Updating Meshes
Fra:1 Mem:16.53M (Peak 43.69M) | Time:00:00.10 | Mem:0.01M, Peak:0.01M | Scene, ViewLayer | Updating Objects | Applying Static Transformations
Fra:1 Mem:16.53M (Peak 43.69M) | Time:00:00.10 | Mem:0.01M, Peak:0.01M | Scene, ViewLayer | Updating Mesh | Computing attributes
Fra:1 Mem:16.80M (Peak 43.69M) | Time:00:00.10 | Mem:0.01M, Peak:0.01M | Scene, ViewLayer | Updating Mesh | Copying Attributes to device
Fra:1 Mem:16.80M (Peak 43.69M) | Time:00:00.10 | Mem:0.27M, Peak:0.27M | Scene, ViewLayer | Updating Geometry BVH light 8/7 | Building BVH
Fra:1 Mem:16.80M (Peak 43.69M) | Time:00:00.10 | Mem:0.27M, Peak:0.27M | Scene, ViewLayer | Updating Geometry BVH light 8/7 | Building OptiX acceleration structure
Fra:1 Mem:16.80M (Peak 43.69M) | Time:00:00.10 | Mem:0.27M, Peak:0.27M | Scene, ViewLayer | Updating Geometry BVH TopSoft 7/7 | Building BVH
Fra:1 Mem:16.80M (Peak 43.69M) | Time:00:00.10 | Mem:0.27M, Peak:0.27M | Scene, ViewLayer | Updating Geometry BVH BackFill 4/7 | Building BVH
Fra:1 Mem:16.80M (Peak 43.69M) | Time:00:00.10 | Mem:0.27M, Peak:0.27M | Scene, ViewLayer | Updating Geometry BVH RightFill 6/7 | Building OptiX acceleration structure
Fra:1 Mem:16.80M (Peak 43.69M) | Time:00:00.10 | Mem:0.27M, Peak:0.27M | Scene, ViewLayer | Updating Geometry BVH 2 2/7 | Building BVH
Fra:1 Mem:16.80M (Peak 43.69M) | Time:00:00.10 | Mem:0.27M, Peak:0.27M | Scene, ViewLayer | Updating Geometry BVH 2 2/7 | Building OptiX acceleration structure
Fra:1 Mem:16.80M (Peak 43.69M) | Time:00:00.10 | Mem:1.38M, Peak:4.74M | Scene, ViewLayer | Updating Scene BVH | Building
Fra:1 Mem:16.80M (Peak 43.69M) | Time:00:00.10 | Mem:1.38M, Peak:4.74M | Scene, ViewLayer | Updating Scene BVH | Building OptiX acceleration structure
Fra:1 Mem:16.80M (Peak 43.69M) | Time:00:00.10 | Mem:1.38M, Peak:4.74M | Scene, ViewLayer | Updating Scene BVH | Copying BVH to device
Fra:1 Mem:16.80M (Peak 43.69M) | Time:00:00.10 | Mem:1.38M, Peak:4.74M | Scene, ViewLayer | Updating Mesh | Computing normals
Fra:1 Mem:18.03M (Peak 43.69M) | Time:00:00.10 | Mem:1.38M, Peak:4.74M | Scene, ViewLayer | Updating Mesh | Copying Mesh to device
Fra:1 Mem:18.03M (Peak 43.69M) | Time:00:00.10 | Mem:2.62M, Peak:4.74M | Scene, ViewLayer | Updating Objects Flags
Fra:1 Mem:18.03M (Peak 43.69M) | Time:00:00.10 | Mem:2.62M, Peak:4.74M | Scene, ViewLayer | Updating Primitive Offsets
Fra:1 Mem:18.03M (Peak 43.69M) | Time:00:00.10 | Mem:2.62M, Peak:4.74M | Scene, ViewLayer | Updating Images
Fra:1 Mem:18.03M (Peak 43.69M) | Time:00:00.10 | Mem:2.62M, Peak:4.74M | Scene, ViewLayer | Updating Camera Volume
Fra:1 Mem:18.03M (Peak 43.69M) | Time:00:00.10 | Mem:2.62M, Peak:4.74M | Scene, ViewLayer | Updating Lookup Tables
Fra:1 Mem:18.03M (Peak 43.69M) | Time:00:00.10 | Mem:2.70M, Peak:4.74M | Scene, ViewLayer | Updating Lights
Fra:1 Mem:18.03M (Peak 43.69M) | Time:00:00.10 | Mem:2.70M, Peak:4.74M | Scene, ViewLayer | Updating Lights | Computing tree
Fra:1 Mem:18.03M (Peak 43.69M) | Time:00:00.10 | Mem:2.70M, Peak:4.74M | Scene, ViewLayer | Updating Integrator
Fra:1 Mem:18.03M (Peak 43.69M) | Time:00:00.10 | Mem:2.70M, Peak:4.74M | Scene, ViewLayer | Updating Film
Fra:1 Mem:18.04M (Peak 43.69M) | Time:00:00.10 | Mem:2.62M, Peak:4.74M | Scene, ViewLayer | Updating Lookup Tables
Fra:1 Mem:18.04M (Peak 43.69M) | Time:00:00.10 | Mem:2.70M, Peak:4.74M | Scene, ViewLayer | Updating Baking
Fra:1 Mem:18.04M (Peak 43.69M) | Time:00:00.10 | Mem:2.70M, Peak:4.74M | Scene, ViewLayer | Updating Device | Writing constant memory
Fra:1 Mem:18.04M (Peak 43.69M) | Time:00:00.10 | Mem:2.70M, Peak:4.74M | Scene, ViewLayer | Loading denoising kernels (may take a few minutes the first time)
Fra:1 Mem:31.36M (Peak 43.69M) | Time:00:00.11 | Mem:1174.21M, Peak:1174.21M | Scene, ViewLayer | Sample 0/8
Fra:1 Mem:36.11M (Peak 43.69M) | Time:00:00.11 | Remaining:00:00.01 | Mem:1178.96M, Peak:1178.96M | Scene, ViewLayer | Sample 1/8
Fra:1 Mem:38.11M (Peak 43.69M) | Time:00:00.13 | Mem:1232.53M, Peak:1234.03M | Scene, ViewLayer | Sample 8/8
Fra:1 Mem:38.11M (Peak 43.69M) | Time:00:00.13 | Mem:1232.53M, Peak:1234.03M | Scene, ViewLayer | Finished
Saved: '/tmp/pose_2_90ffw90m/probe.png'
Time: 00:00.18 (Saving: 00:00.00)

Fra:1 Mem:14.88M (Peak 14.88M) | Time:00:00.04 | Mem:0.00M, Peak:0.00M | Scene, ViewLayer | Synchronizing object | 2
Fra:1 Mem:14.88M (Peak 14.88M) | Time:00:00.04 | Mem:0.00M, Peak:0.00M | Scene, ViewLayer | Synchronizing object | FrontKey
Fra:1 Mem:14.89M (Peak 14.89M) | Time:00:00.04 | Mem:0.00M, Peak:0.00M | Scene, ViewLayer | Synchronizing object | TopSoft
Fra:1 Mem:16.69M (Peak 17.04M) | Time:00:00.04 | Mem:0.00M, Peak:0.00M | Scene, ViewLayer | Initializing
Fra:1 Mem:16.45M (Peak 17.04M) | Time:00:00.04 | Mem:0.00M, Peak:0.00M | Scene, ViewLayer | Waiting for render to start
Fra:1 Mem:16.45M (Peak 17.04M) | Time:00:00.04 | Mem:0.00M, Peak:0.00M | Scene, ViewLayer | Updating Scene
Fra:1 Mem:16.45M (Peak 17.04M) | Time:00:00.04 | Mem:0.00M, Peak:0.00M | Scene, ViewLayer | Updating Shaders
Fra:1 Mem:16.53M (Peak 17.04M) | Time:00:00.04 | Mem:0.00M, Peak:0.00M | Scene, ViewLayer | Loading render kernels (may take a few minutes the first time)
Fra:1 Mem:16.53M (Peak 43.69M) | Time:00:00.10 | Mem:0.01M, Peak:0.01M | Scene, ViewLayer | Updating Procedurals
Fra:1 Mem:16.53M (Peak 43.69M) | Time:00:00.10 | Mem:0.01M, Peak:0.01M | Scene, ViewLayer | Updating Background
Fra:1 Mem:16.53M (Peak 43.69M) | Time:00:00.10 | Mem:0.01M, Peak:0.01M | Scene, ViewLayer | Updating Camera
Fra:1 Mem:16.53M (Peak 43.69M) | Time:00:00.10 | Mem:0.01M, Peak:0.01M | Scene, ViewLayer | Updating Meshes Flags
Fra:1 Mem:16.53M (Peak 43.69M) | Time:00:00.10 | Mem:0.01M, Peak:0.01M | Scene, ViewLayer | Updating Objects
Fra:1 Mem:16.53M (Peak 43.69M) | Time:00:00.10 | Mem:0.01M, Peak:0.01M | Scene, ViewLayer | Updating Objects | Copying Transformations to device
Fra:1 Mem:16.53M (Peak 43.69M) | Time:00:00.10 | Mem:0.01M, Peak:0.01M | Scene, ViewLayer | Updating Particle Systems
Fra:1 Mem:16.53M (Peak 43.69M) | Time:00:00.10 | Mem:0.01M, Peak:0.01M | Scene, ViewLayer | Updating Particle Systems | Copying Particles to device
Fra:1 Mem:16.53M (Peak 43.69M) | Time:00:00.10 | Mem:0.01M, Peak:0.01M | Scene, ViewLayer | Updating Meshes
Fra:1 Mem:16.53M (Peak 43.69M) | Time:00:00.10 | Mem:0.01M, Peak:0.01M | Scene, ViewLayer | Updating Objects | Applying Static Transformations
Fra:1 Mem:16.53M (Peak 43.69M) | Time:00:00.10 | Mem:0.01M, Peak:0.01M | Scene, ViewLayer | Updating Mesh | Computing attributes
Fra:1 Mem:16.80M (Peak 43.69M) | Time:00:00.10 | Mem:0.01M, Peak:0.01M | Scene, ViewLayer | Updating Mesh | Copying Attributes to device
Fra:1 Mem:16.80M (Peak 43.69M) | Time:00:00.10 | Mem:0.27M, Peak:0.27M | Scene, ViewLayer | Updating Geometry BVH light 8/7 | Building BVH
Fra:1 Mem:16.80M (Peak 43.69M) | Time:00:00.10 | Mem:0.27M, Peak:0.27M | Scene, ViewLayer | Updating Geometry BVH light 8/7 | Building OptiX acceleration structure
Fra:1 Mem:16.80M (Peak 43.69M) | Time:00:00.10 | Mem:0.27M, Peak:0.27M | Scene, ViewLayer | Updating Geometry BVH TopSoft 7/7 | Building BVH
Fra:1 Mem:16.80M (Peak 43.69M) | Time:00:00.10 | Mem:0.27M, Peak:0.27M | Scene, ViewLayer | Updating Geometry BVH TopSoft 7/7 | Building OptiX acceleration structure
Fra:1 Mem:16.80M (Peak 43.69M) | Time:00:00.10 | Mem:0.27M, Peak:0.27M | Scene, ViewLayer | Updating Geometry BVH RightFill 6/7 | Building BVH
Fra:1 Mem:16.80M (Peak 43.69M) | Time:00:00.10 | Mem:0.27M, Peak:0.27M | Scene, ViewLayer | Updating Geometry BVH BackFill 4/7 | Building BVH
Fra:1 Mem:16.80M (Peak 43.69M) | Time:00:00.10 | Mem:0.27M, Peak:0.27M | Scene, ViewLayer | Updating Geometry BVH BackFill 4/7 | Building OptiX acceleration structure
Fra:1 Mem:16.80M (Peak 43.69M) | Time:00:00.10 | Mem:0.27M, Peak:0.27M | Scene, ViewLayer | Updating Geometry BVH 2 2/7 | Building BVH
Fra:1 Mem:16.80M (Peak 43.69M) | Time:00:00.10 | Mem:0.27M, Peak:0.27M | Scene, ViewLayer | Updating Geometry BVH 2 2/7 | Building OptiX acceleration structure
Fra:1 Mem:16.80M (Peak 43.69M) | Time:00:00.10 | Mem:1.38M, Peak:4.73M | Scene, ViewLayer | Updating Scene BVH | Building
Fra:1 Mem:16.80M (Peak 43.69M) | Time:00:00.10 | Mem:1.38M, Peak:4.73M | Scene, ViewLayer | Updating Scene BVH | Building OptiX acceleration structure
Fra:1 Mem:16.80M (Peak 43.69M) | Time:00:00.10 | Mem:1.38M, Peak:4.73M | Scene, ViewLayer | Updating Scene BVH | Copying BVH to device
Fra:1 Mem:16.80M (Peak 43.69M) | Time:00:00.10 | Mem:1.38M, Peak:4.73M | Scene, ViewLayer | Updating Mesh | Computing normals
Fra:1 Mem:18.03M (Peak 43.69M) | Time:00:00.10 | Mem:1.38M, Peak:4.73M | Scene, ViewLayer | Updating Mesh | Copying Mesh to device
Fra:1 Mem:18.03M (Peak 43.69M) | Time:00:00.10 | Mem:2.61M, Peak:4.73M | Scene, ViewLayer | Updating Objects Flags
Fra:1 Mem:18.03M (Peak 43.69M) | Time:00:00.10 | Mem:2.61M, Peak:4.73M | Scene, ViewLayer | Updating Primitive Offsets
Fra:1 Mem:18.03M (Peak 43.69M) | Time:00:00.10 | Mem:2.61M, Peak:4.73M | Scene, ViewLayer | Updating Images
Fra:1 Mem:18.03M (Peak 43.69M) | Time:00:00.10 | Mem:2.61M, Peak:4.73M | Scene, ViewLayer | Updating Camera Volume
Fra:1 Mem:18.03M (Peak 43.69M) | Time:00:00.10 | Mem:2.61M, Peak:4.73M | Scene, ViewLayer | Updating Lookup Tables
Fra:1 Mem:18.03M (Peak 43.69M) | Time:00:00.10 | Mem:2.69M, Peak:4.73M | Scene, ViewLayer | Updating Lights
Fra:1 Mem:18.03M (Peak 43.69M) | Time:00:00.10 | Mem:2.70M, Peak:4.73M | Scene, ViewLayer | Updating Lights | Computing tree
Fra:1 Mem:18.03M (Peak 43.69M) | Time:00:00.10 | Mem:2.70M, Peak:4.73M | Scene, ViewLayer | Updating Integrator
Fra:1 Mem:18.03M (Peak 43.69M) | Time:00:00.10 | Mem:2.70M, Peak:4.73M | Scene, ViewLayer | Updating Film
Fra:1 Mem:18.04M (Peak 43.69M) | Time:00:00.10 | Mem:2.62M, Peak:4.73M | Scene, ViewLayer | Updating Lookup Tables
Fra:1 Mem:18.04M (Peak 43.69M) | Time:00:00.10 | Mem:2.70M, Peak:4.73M | Scene, ViewLayer | Updating Baking
Fra:1 Mem:18.04M (Peak 43.69M) | Time:00:00.10 | Mem:2.70M, Peak:4.73M | Scene, ViewLayer | Updating Device | Writing constant memory
Fra:1 Mem:18.04M (Peak 43.69M) | Time:00:00.10 | Mem:2.70M, Peak:4.73M | Scene, ViewLayer | Loading denoising kernels (may take a few minutes the first time)
Fra:1 Mem:31.36M (Peak 43.69M) | Time:00:00.11 | Mem:1174.20M, Peak:1174.20M | Scene, ViewLayer | Sample 0/8
Fra:1 Mem:36.11M (Peak 43.69M) | Time:00:00.11 | Remaining:00:00.01 | Mem:1178.95M, Peak:1178.95M | Scene, ViewLayer | Sample 1/8
Fra:1 Mem:38.11M (Peak 43.69M) | Time:00:00.13 | Mem:1232.53M, Peak:1234.03M | Scene, ViewLayer | Sample 8/8
Fra:1 Mem:38.11M (Peak 43.69M) | Time:00:00.13 | Mem:1232.53M, Peak:1234.03M | Scene, ViewLayer | Finished
Saved: '/tmp/pose_2_90ffw90m/probe.png'
Time: 00:00.17 (Saving: 00:00.00)

Fra:1 Mem:14.88M (Peak 14.88M) | Time:00:00.04 | Mem:0.00M, Peak:0.00M | Scene, ViewLayer | Synchronizing object | 2
Fra:1 Mem:14.88M (Peak 14.88M) | Time:00:00.04 | Mem:0.00M, Peak:0.00M | Scene, ViewLayer | Synchronizing object | FrontKey
Fra:1 Mem:14.89M (Peak 14.89M) | Time:00:00.04 | Mem:0.00M, Peak:0.00M | Scene, ViewLayer | Synchronizing object | RightFill
Fra:1 Mem:14.89M (Peak 14.89M) | Time:00:00.04 | Mem:0.00M, Peak:0.00M | Scene, ViewLayer | Synchronizing object | TopSoft
Fra:1 Mem:16.69M (Peak 17.04M) | Time:00:00.04 | Mem:0.00M, Peak:0.00M | Scene, ViewLayer | Initializing
Fra:1 Mem:16.45M (Peak 17.04M) | Time:00:00.04 | Mem:0.00M, Peak:0.00M | Scene, ViewLayer | Waiting for render to start
Fra:1 Mem:16.45M (Peak 17.04M) | Time:00:00.04 | Mem:0.00M, Peak:0.00M | Scene, ViewLayer | Updating Scene
Fra:1 Mem:16.45M (Peak 17.04M) | Time:00:00.04 | Mem:0.00M, Peak:0.00M | Scene, ViewLayer | Updating Shaders
Fra:1 Mem:16.53M (Peak 17.04M) | Time:00:00.04 | Mem:0.00M, Peak:0.00M | Scene, ViewLayer | Loading render kernels (may take a few minutes the first time)
Fra:1 Mem:16.53M (Peak 43.69M) | Time:00:00.10 | Mem:0.01M, Peak:0.01M | Scene, ViewLayer | Updating Procedurals
Fra:1 Mem:16.53M (Peak 43.69M) | Time:00:00.10 | Mem:0.01M, Peak:0.01M | Scene, ViewLayer | Updating Background
Fra:1 Mem:16.53M (Peak 43.69M) | Time:00:00.10 | Mem:0.01M, Peak:0.01M | Scene, ViewLayer | Updating Camera
Fra:1 Mem:16.53M (Peak 43.69M) | Time:00:00.10 | Mem:0.01M, Peak:0.01M | Scene, ViewLayer | Updating Meshes Flags
Fra:1 Mem:16.53M (Peak 43.69M) | Time:00:00.10 | Mem:0.01M, Peak:0.01M | Scene, ViewLayer | Updating Objects
Fra:1 Mem:16.53M (Peak 43.69M) | Time:00:00.10 | Mem:0.01M, Peak:0.01M | Scene, ViewLayer | Updating Objects | Copying Transformations to device
Fra:1 Mem:16.53M (Peak 43.69M) | Time:00:00.10 | Mem:0.01M, Peak:0.01M | Scene, ViewLayer | Updating Particle Systems
Fra:1 Mem:16.53M (Peak 43.69M) | Time:00:00.10 | Mem:0.01M, Peak:0.01M | Scene, ViewLayer | Updating Particle Systems | Copying Particles to device
Fra:1 Mem:16.53M (Peak 43.69M) | Time:00:00.10 | Mem:0.01M, Peak:0.01M | Scene, ViewLayer | Updating Meshes
Fra:1 Mem:16.53M (Peak 43.69M) | Time:00:00.10 | Mem:0.01M, Peak:0.01M | Scene, ViewLayer | Updating Objects | Applying Static Transformations
Fra:1 Mem:16.53M (Peak 43.69M) | Time:00:00.10 | Mem:0.01M, Peak:0.01M | Scene, ViewLayer | Updating Mesh | Computing attributes
Fra:1 Mem:16.80M (Peak 43.69M) | Time:00:00.10 | Mem:0.01M, Peak:0.01M | Scene, ViewLayer | Updating Mesh | Copying Attributes to device
Fra:1 Mem:16.80M (Peak 43.69M) | Time:00:00.10 | Mem:0.27M, Peak:0.27M | Scene, ViewLayer | Updating Geometry BVH light 8/7 | Building BVH
Fra:1 Mem:16.80M (Peak 43.69M) | Time:00:00.10 | Mem:0.27M, Peak:0.27M | Scene, ViewLayer | Updating Geometry BVH light 8/7 | Building OptiX acceleration structure
Fra:1 Mem:16.80M (Peak 43.69M) | Time:00:00.10 | Mem:0.27M, Peak:0.27M | Scene, ViewLayer | Updating Geometry BVH TopSoft 7/7 | Building BVH
Fra:1 Mem:16.80M (Peak 43.69M) | Time:00:00.10 | Mem:0.27M, Peak:0.27M | Scene, ViewLayer | Updating Geometry BVH TopSoft 7/7 | Building OptiX acceleration structure
Fra:1 Mem:16.80M (Peak 43.69M) | Time:00:00.10 | Mem:0.27M, Peak:0.27M | Scene, ViewLayer | Updating Geometry BVH LeftFill 5/7 | Building BVH
Fra:1 Mem:16.80M (Peak 43.69M) | Time:00:00.10 | Mem:0.27M, Peak:0.27M | Scene, ViewLayer | Updating Geometry BVH RightFill 6/7 | Building OptiX acceleration structure
Fra:1 Mem:16.80M (Peak 43.69M) | Time:00:00.10 | Mem:0.27M, Peak:0.27M | Scene, ViewLayer | Updating Geometry BVH 2 2/7 | Building BVH
Fra:1 Mem:16.80M (Peak 43.69M) | Time:00:00.10 | Mem:0.27M, Peak:0.27M | Scene, ViewLayer | Updating Geometry BVH 2 2/7 | Building OptiX acceleration structure
Fra:1 Mem:16.80M (Peak 43.69M) | Time:00:00.10 | Mem:1.39M, Peak:4.74M | Scene, ViewLayer | Updating Scene BVH | Building
Fra:1 Mem:16.80M (Peak 43.69M) | Time:00:00.10 | Mem:1.39M, Peak:4.74M | Scene, ViewLayer | Updating Scene BVH | Building OptiX acceleration structure
Fra:1 Mem:16.80M (Peak 43.69M) | Time:00:00.10 | Mem:1.39M, Peak:4.74M | Scene, ViewLayer | Updating Scene BVH | Copying BVH to device
Fra:1 Mem:16.80M (Peak 43.69M) | Time:00:00.10 | Mem:1.39M, Peak:4.74M | Scene, ViewLayer | Updating Mesh | Computing normals
Fra:1 Mem:18.03M (Peak 43.69M) | Time:00:00.10 | Mem:1.39M, Peak:4.74M | Scene, ViewLayer | Updating Mesh | Copying Mesh to device
Fra:1 Mem:18.03M (Peak 43.69M) | Time:00:00.10 | Mem:2.63M, Peak:4.74M | Scene, ViewLayer | Updating Objects Flags
Fra:1 Mem:18.03M (Peak 43.69M) | Time:00:00.10 | Mem:2.63M, Peak:4.74M | Scene, ViewLayer | Updating Primitive Offsets
Fra:1 Mem:18.03M (Peak 43.69M) | Time:00:00.10 | Mem:2.63M, Peak:4.74M | Scene, ViewLayer | Updating Images
Fra:1 Mem:18.03M (Peak 43.69M) | Time:00:00.10 | Mem:2.63M, Peak:4.74M | Scene, ViewLayer | Updating Camera Volume
Fra:1 Mem:18.03M (Peak 43.69M) | Time:00:00.10 | Mem:2.63M, Peak:4.74M | Scene, ViewLayer | Updating Lookup Tables
Fra:1 Mem:18.03M (Peak 43.69M) | Time:00:00.10 | Mem:2.71M, Peak:4.74M | Scene, ViewLayer | Updating Lights
Fra:1 Mem:18.03M (Peak 43.69M) | Time:00:00.10 | Mem:2.71M, Peak:4.74M | Scene, ViewLayer | Updating Lights | Computing tree
Fra:1 Mem:18.03M (Peak 43.69M) | Time:00:00.10 | Mem:2.71M, Peak:4.74M | Scene, ViewLayer | Updating Integrator
Fra:1 Mem:18.03M (Peak 43.69M) | Time:00:00.10 | Mem:2.71M, Peak:4.74M | Scene, ViewLayer | Updating Film
Fra:1 Mem:18.04M (Peak 43.69M) | Time:00:00.10 | Mem:2.63M, Peak:4.74M | Scene, ViewLayer | Updating Lookup Tables
Fra:1 Mem:18.04M (Peak 43.69M) | Time:00:00.10 | Mem:2.71M, Peak:4.74M | Scene, ViewLayer | Updating Baking
Fra:1 Mem:18.04M (Peak 43.69M) | Time:00:00.10 | Mem:2.71M, Peak:4.74M | Scene, ViewLayer | Updating Device | Writing constant memory
Fra:1 Mem:18.04M (Peak 43.69M) | Time:00:00.10 | Mem:2.71M, Peak:4.74M | Scene, ViewLayer | Loading denoising kernels (may take a few minutes the first time)
Fra:1 Mem:31.36M (Peak 43.69M) | Time:00:00.11 | Mem:1174.22M, Peak:1174.22M | Scene, ViewLayer | Sample 0/8
Fra:1 Mem:36.11M (Peak 43.69M) | Time:00:00.11 | Remaining:00:00.01 | Mem:1178.97M, Peak:1178.97M | Scene, ViewLayer | Sample 1/8
Fra:1 Mem:38.11M (Peak 43.69M) | Time:00:00.13 | Mem:1232.54M, Peak:1234.04M | Scene, ViewLayer | Sample 8/8
Fra:1 Mem:38.11M (Peak 43.69M) | Time:00:00.13 | Mem:1232.54M, Peak:1234.04M | Scene, ViewLayer | Finished
Saved: '/tmp/pose_2_90ffw90m/probe.png'
Time: 00:00.17 (Saving: 00:00.00)

Fra:1 Mem:14.88M (Peak 14.88M) | Time:00:00.04 | Mem:0.00M, Peak:0.00M | Scene, ViewLayer | Synchronizing object | 2
Fra:1 Mem:14.88M (Peak 14.88M) | Time:00:00.04 | Mem:0.00M, Peak:0.00M | Scene, ViewLayer | Synchronizing object | BackFill
Fra:1 Mem:14.89M (Peak 14.89M) | Time:00:00.04 | Mem:0.00M, Peak:0.00M | Scene, ViewLayer | Synchronizing object | TopSoft
Fra:1 Mem:16.69M (Peak 17.04M) | Time:00:00.04 | Mem:0.00M, Peak:0.00M | Scene, ViewLayer | Initializing
Fra:1 Mem:16.45M (Peak 17.04M) | Time:00:00.04 | Mem:0.00M, Peak:0.00M | Scene, ViewLayer | Waiting for render to start
Fra:1 Mem:16.45M (Peak 17.04M) | Time:00:00.04 | Mem:0.00M, Peak:0.00M | Scene, ViewLayer | Updating Scene
Fra:1 Mem:16.45M (Peak 17.04M) | Time:00:00.04 | Mem:0.00M, Peak:0.00M | Scene, ViewLayer | Updating Shaders
Fra:1 Mem:16.53M (Peak 17.04M) | Time:00:00.04 | Mem:0.00M, Peak:0.00M | Scene, ViewLayer | Loading render kernels (may take a few minutes the first time)
Fra:1 Mem:16.53M (Peak 43.69M) | Time:00:00.10 | Mem:0.01M, Peak:0.01M | Scene, ViewLayer | Updating Procedurals
Fra:1 Mem:16.53M (Peak 43.69M) | Time:00:00.10 | Mem:0.01M, Peak:0.01M | Scene, ViewLayer | Updating Background
Fra:1 Mem:16.53M (Peak 43.69M) | Time:00:00.10 | Mem:0.01M, Peak:0.01M | Scene, ViewLayer | Updating Camera
Fra:1 Mem:16.53M (Peak 43.69M) | Time:00:00.10 | Mem:0.01M, Peak:0.01M | Scene, ViewLayer | Updating Meshes Flags
Fra:1 Mem:16.53M (Peak 43.69M) | Time:00:00.10 | Mem:0.01M, Peak:0.01M | Scene, ViewLayer | Updating Objects
Fra:1 Mem:16.53M (Peak 43.69M) | Time:00:00.10 | Mem:0.01M, Peak:0.01M | Scene, ViewLayer | Updating Objects | Copying Transformations to device
Fra:1 Mem:16.53M (Peak 43.69M) | Time:00:00.10 | Mem:0.01M, Peak:0.01M | Scene, ViewLayer | Updating Particle Systems
Fra:1 Mem:16.53M (Peak 43.69M) | Time:00:00.10 | Mem:0.01M, Peak:0.01M | Scene, ViewLayer | Updating Particle Systems | Copying Particles to device
Fra:1 Mem:16.53M (Peak 43.69M) | Time:00:00.10 | Mem:0.01M, Peak:0.01M | Scene, ViewLayer | Updating Meshes
Fra:1 Mem:16.53M (Peak 43.69M) | Time:00:00.10 | Mem:0.01M, Peak:0.01M | Scene, ViewLayer | Updating Objects | Applying Static Transformations
Fra:1 Mem:16.53M (Peak 43.69M) | Time:00:00.10 | Mem:0.01M, Peak:0.01M | Scene, ViewLayer | Updating Mesh | Computing attributes
Fra:1 Mem:16.80M (Peak 43.69M) | Time:00:00.10 | Mem:0.01M, Peak:0.01M | Scene, ViewLayer | Updating Mesh | Copying Attributes to device
Fra:1 Mem:16.80M (Peak 43.69M) | Time:00:00.10 | Mem:0.27M, Peak:0.27M | Scene, ViewLayer | Updating Geometry BVH light 8/7 | Building BVH
Fra:1 Mem:16.80M (Peak 43.69M) | Time:00:00.10 | Mem:0.27M, Peak:0.27M | Scene, ViewLayer | Updating Geometry BVH light 8/7 | Building OptiX acceleration structure
Fra:1 Mem:16.80M (Peak 43.69M) | Time:00:00.10 | Mem:0.27M, Peak:0.27M | Scene, ViewLayer | Updating Geometry BVH TopSoft 7/7 | Building BVH
Fra:1 Mem:16.80M (Peak 43.69M) | Time:00:00.10 | Mem:0.27M, Peak:0.27M | Scene, ViewLayer | Updating Geometry BVH FrontKey 3/7 | Building OptiX acceleration structure
Fra:1 Mem:16.80M (Peak 43.69M) | Time:00:00.10 | Mem:0.27M, Peak:0.27M | Scene, ViewLayer | Updating Geometry BVH RightFill 6/7 | Building BVH
Fra:1 Mem:16.80M (Peak 43.69M) | Time:00:00.10 | Mem:0.27M, Peak:0.27M | Scene, ViewLayer | Updating Geometry BVH RightFill 6/7 | Building OptiX acceleration structure
Fra:1 Mem:16.80M (Peak 43.69M) | Time:00:00.10 | Mem:0.27M, Peak:0.27M | Scene, ViewLayer | Updating Geometry BVH 2 2/7 | Building BVH
Fra:1 Mem:16.80M (Peak 43.69M) | Time:00:00.10 | Mem:0.27M, Peak:0.27M | Scene, ViewLayer | Updating Geometry BVH 2 2/7 | Building OptiX acceleration structure
Fra:1 Mem:16.80M (Peak 43.69M) | Time:00:00.10 | Mem:1.37M, Peak:4.73M | Scene, ViewLayer | Updating Scene BVH | Building
Fra:1 Mem:16.80M (Peak 43.69M) | Time:00:00.10 | Mem:1.37M, Peak:4.73M | Scene, ViewLayer | Updating Scene BVH | Building OptiX acceleration structure
Fra:1 Mem:16.80M (Peak 43.69M) | Time:00:00.10 | Mem:1.38M, Peak:4.73M | Scene, ViewLayer | Updating Scene BVH | Copying BVH to device
Fra:1 Mem:16.80M (Peak 43.69M) | Time:00:00.10 | Mem:1.38M, Peak:4.73M | Scene, ViewLayer | Updating Mesh | Computing normals
Fra:1 Mem:18.03M (Peak 43.69M) | Time:00:00.10 | Mem:1.38M, Peak:4.73M | Scene, ViewLayer | Updating Mesh | Copying Mesh to device
Fra:1 Mem:18.03M (Peak 43.69M) | Time:00:00.10 | Mem:2.61M, Peak:4.73M | Scene, ViewLayer | Updating Objects Flags
Fra:1 Mem:18.03M (Peak 43.69M) | Time:00:00.10 | Mem:2.61M, Peak:4.73M | Scene, ViewLayer | Updating Primitive Offsets
Fra:1 Mem:18.03M (Peak 43.69M) | Time:00:00.10 | Mem:2.61M, Peak:4.73M | Scene, ViewLayer | Updating Images
Fra:1 Mem:18.03M (Peak 43.69M) | Time:00:00.10 | Mem:2.61M, Peak:4.73M | Scene, ViewLayer | Updating Camera Volume
Fra:1 Mem:18.03M (Peak 43.69M) | Time:00:00.10 | Mem:2.61M, Peak:4.73M | Scene, ViewLayer | Updating Lookup Tables
Fra:1 Mem:18.03M (Peak 43.69M) | Time:00:00.10 | Mem:2.69M, Peak:4.73M | Scene, ViewLayer | Updating Lights
Fra:1 Mem:18.03M (Peak 43.69M) | Time:00:00.10 | Mem:2.69M, Peak:4.73M | Scene, ViewLayer | Updating Lights | Computing tree
Fra:1 Mem:18.03M (Peak 43.69M) | Time:00:00.10 | Mem:2.69M, Peak:4.73M | Scene, ViewLayer | Updating Integrator
Fra:1 Mem:18.03M (Peak 43.69M) | Time:00:00.10 | Mem:2.69M, Peak:4.73M | Scene, ViewLayer | Updating Film
Fra:1 Mem:18.04M (Peak 43.69M) | Time:00:00.10 | Mem:2.61M, Peak:4.73M | Scene, ViewLayer | Updating Lookup Tables
Fra:1 Mem:18.04M (Peak 43.69M) | Time:00:00.10 | Mem:2.70M, Peak:4.73M | Scene, ViewLayer | Updating Baking
Fra:1 Mem:18.04M (Peak 43.69M) | Time:00:00.10 | Mem:2.70M, Peak:4.73M | Scene, ViewLayer | Updating Device | Writing constant memory
Fra:1 Mem:18.04M (Peak 43.69M) | Time:00:00.10 | Mem:2.70M, Peak:4.73M | Scene, ViewLayer | Loading denoising kernels (may take a few minutes the first time)
Fra:1 Mem:31.36M (Peak 43.69M) | Time:00:00.11 | Mem:1174.20M, Peak:1174.20M | Scene, ViewLayer | Sample 0/8
Fra:1 Mem:36.11M (Peak 43.69M) | Time:00:00.11 | Remaining:00:00.01 | Mem:1178.95M, Peak:1178.95M | Scene, ViewLayer | Sample 1/8
Fra:1 Mem:38.11M (Peak 43.69M) | Time:00:00.12 | Mem:1232.53M, Peak:1234.03M | Scene, ViewLayer | Sample 8/8
Fra:1 Mem:38.11M (Peak 43.69M) | Time:00:00.12 | Mem:1232.53M, Peak:1234.03M | Scene, ViewLayer | Finished
Saved: '/tmp/pose_2_90ffw90m/probe.png'
Time: 00:00.17 (Saving: 00:00.00)

Fra:1 Mem:14.88M (Peak 14.88M) | Time:00:00.04 | Mem:0.00M, Peak:0.00M | Scene, ViewLayer | Synchronizing object | 2
Fra:1 Mem:14.88M (Peak 14.88M) | Time:00:00.04 | Mem:0.00M, Peak:0.00M | Scene, ViewLayer | Synchronizing object | FrontKey
Fra:1 Mem:14.89M (Peak 14.89M) | Time:00:00.04 | Mem:0.00M, Peak:0.00M | Scene, ViewLayer | Synchronizing object | LeftFill
Fra:1 Mem:14.89M (Peak 14.89M) | Time:00:00.04 | Mem:0.00M, Peak:0.00M | Scene, ViewLayer | Synchronizing object | TopSoft
Fra:1 Mem:16.69M (Peak 17.04M) | Time:00:00.04 | Mem:0.00M, Peak:0.00M | Scene, ViewLayer | Initializing
Fra:1 Mem:16.45M (Peak 17.04M) | Time:00:00.04 | Mem:0.00M, Peak:0.00M | Scene, ViewLayer | Waiting for render to start
Fra:1 Mem:16.45M (Peak 17.04M) | Time:00:00.04 | Mem:0.00M, Peak:0.00M | Scene, ViewLayer | Updating Scene
Fra:1 Mem:16.45M (Peak 17.04M) | Time:00:00.04 | Mem:0.00M, Peak:0.00M | Scene, ViewLayer | Updating Shaders
Fra:1 Mem:16.53M (Peak 17.04M) | Time:00:00.04 | Mem:0.00M, Peak:0.00M | Scene, ViewLayer | Loading render kernels (may take a few minutes the first time)
Fra:1 Mem:16.53M (Peak 43.69M) | Time:00:00.10 | Mem:0.01M, Peak:0.01M | Scene, ViewLayer | Updating Procedurals
Fra:1 Mem:16.53M (Peak 43.69M) | Time:00:00.10 | Mem:0.01M, Peak:0.01M | Scene, ViewLayer | Updating Background
Fra:1 Mem:16.53M (Peak 43.69M) | Time:00:00.10 | Mem:0.01M, Peak:0.01M | Scene, ViewLayer | Updating Camera
Fra:1 Mem:16.53M (Peak 43.69M) | Time:00:00.10 | Mem:0.01M, Peak:0.01M | Scene, ViewLayer | Updating Meshes Flags
Fra:1 Mem:16.53M (Peak 43.69M) | Time:00:00.10 | Mem:0.01M, Peak:0.01M | Scene, ViewLayer | Updating Objects
Fra:1 Mem:16.53M (Peak 43.69M) | Time:00:00.10 | Mem:0.01M, Peak:0.01M | Scene, ViewLayer | Updating Objects | Copying Transformations to device
Fra:1 Mem:16.53M (Peak 43.69M) | Time:00:00.10 | Mem:0.01M, Peak:0.01M | Scene, ViewLayer | Updating Particle Systems
Fra:1 Mem:16.53M (Peak 43.69M) | Time:00:00.10 | Mem:0.01M, Peak:0.01M | Scene, ViewLayer | Updating Particle Systems | Copying Particles to device
Fra:1 Mem:16.53M (Peak 43.69M) | Time:00:00.10 | Mem:0.01M, Peak:0.01M | Scene, ViewLayer | Updating Meshes
Fra:1 Mem:16.53M (Peak 43.69M) | Time:00:00.10 | Mem:0.01M, Peak:0.01M | Scene, ViewLayer | Updating Objects | Applying Static Transformations
Fra:1 Mem:16.53M (Peak 43.69M) | Time:00:00.10 | Mem:0.01M, Peak:0.01M | Scene, ViewLayer | Updating Mesh | Computing attributes
Fra:1 Mem:16.80M (Peak 43.69M) | Time:00:00.10 | Mem:0.01M, Peak:0.01M | Scene, ViewLayer | Updating Mesh | Copying Attributes to device
Fra:1 Mem:16.80M (Peak 43.69M) | Time:00:00.10 | Mem:0.27M, Peak:0.27M | Scene, ViewLayer | Updating Geometry BVH light 8/7 | Building BVH
Fra:1 Mem:16.80M (Peak 43.69M) | Time:00:00.10 | Mem:0.27M, Peak:0.27M | Scene, ViewLayer | Updating Geometry BVH light 8/7 | Building OptiX acceleration structure
Fra:1 Mem:16.80M (Peak 43.69M) | Time:00:00.10 | Mem:0.27M, Peak:0.27M | Scene, ViewLayer | Updating Geometry BVH TopSoft 7/7 | Building BVH
Fra:1 Mem:16.80M (Peak 43.69M) | Time:00:00.10 | Mem:0.27M, Peak:0.27M | Scene, ViewLayer | Updating Geometry BVH TopSoft 7/7 | Building OptiX acceleration structure
Fra:1 Mem:16.80M (Peak 43.69M) | Time:00:00.10 | Mem:0.27M, Peak:0.27M | Scene, ViewLayer | Updating Geometry BVH RightFill 6/7 | Building BVH
Fra:1 Mem:16.80M (Peak 43.69M) | Time:00:00.10 | Mem:0.27M, Peak:0.27M | Scene, ViewLayer | Updating Geometry BVH RightFill 6/7 | Building OptiX acceleration structure
Fra:1 Mem:16.80M (Peak 43.69M) | Time:00:00.10 | Mem:0.27M, Peak:0.27M | Scene, ViewLayer | Updating Geometry BVH BackFill 4/7 | Building BVH
Fra:1 Mem:16.80M (Peak 43.69M) | Time:00:00.10 | Mem:0.27M, Peak:0.27M | Scene, ViewLayer | Updating Geometry BVH BackFill 4/7 | Building OptiX acceleration structure
Fra:1 Mem:16.80M (Peak 43.69M) | Time:00:00.10 | Mem:0.27M, Peak:0.27M | Scene, ViewLayer | Updating Geometry BVH 2 2/7 | Building BVH
Fra:1 Mem:16.80M (Peak 43.69M) | Time:00:00.10 | Mem:0.27M, Peak:0.27M | Scene, ViewLayer | Updating Geometry BVH 2 2/7 | Building OptiX acceleration structure
Fra:1 Mem:16.80M (Peak 43.69M) | Time:00:00.10 | Mem:1.37M, Peak:4.72M | Scene, ViewLayer | Updating Scene BVH | Building
Fra:1 Mem:16.80M (Peak 43.69M) | Time:00:00.10 | Mem:1.37M, Peak:4.72M | Scene, ViewLayer | Updating Scene BVH | Building OptiX acceleration structure
Fra:1 Mem:16.80M (Peak 43.69M) | Time:00:00.10 | Mem:1.37M, Peak:4.72M | Scene, ViewLayer | Updating Scene BVH | Copying BVH to device
Fra:1 Mem:16.80M (Peak 43.69M) | Time:00:00.10 | Mem:1.37M, Peak:4.72M | Scene, ViewLayer | Updating Mesh | Computing normals
Fra:1 Mem:18.03M (Peak 43.69M) | Time:00:00.10 | Mem:1.37M, Peak:4.72M | Scene, ViewLayer | Updating Mesh | Copying Mesh to device
Fra:1 Mem:18.03M (Peak 43.69M) | Time:00:00.10 | Mem:2.60M, Peak:4.72M | Scene, ViewLayer | Updating Objects Flags
Fra:1 Mem:18.03M (Peak 43.69M) | Time:00:00.10 | Mem:2.60M, Peak:4.72M | Scene, ViewLayer | Updating Primitive Offsets
Fra:1 Mem:18.03M (Peak 43.69M) | Time:00:00.10 | Mem:2.60M, Peak:4.72M | Scene, ViewLayer | Updating Images
Fra:1 Mem:18.03M (Peak 43.69M) | Time:00:00.10 | Mem:2.60M, Peak:4.72M | Scene, ViewLayer | Updating Camera Volume
Fra:1 Mem:18.03M (Peak 43.69M) | Time:00:00.10 | Mem:2.60M, Peak:4.72M | Scene, ViewLayer | Updating Lookup Tables
Fra:1 Mem:18.03M (Peak 43.69M) | Time:00:00.10 | Mem:2.68M, Peak:4.72M | Scene, ViewLayer | Updating Lights
Fra:1 Mem:18.03M (Peak 43.69M) | Time:00:00.10 | Mem:2.68M, Peak:4.72M | Scene, ViewLayer | Updating Lights | Computing tree
Fra:1 Mem:18.03M (Peak 43.69M) | Time:00:00.10 | Mem:2.69M, Peak:4.72M | Scene, ViewLayer | Updating Integrator
Fra:1 Mem:18.03M (Peak 43.69M) | Time:00:00.10 | Mem:2.69M, Peak:4.72M | Scene, ViewLayer | Updating Film
Fra:1 Mem:18.04M (Peak 43.69M) | Time:00:00.10 | Mem:2.60M, Peak:4.72M | Scene, ViewLayer | Updating Lookup Tables
Fra:1 Mem:18.04M (Peak 43.69M) | Time:00:00.10 | Mem:2.69M, Peak:4.72M | Scene, ViewLayer | Updating Baking
Fra:1 Mem:18.04M (Peak 43.69M) | Time:00:00.10 | Mem:2.69M, Peak:4.72M | Scene, ViewLayer | Updating Device | Writing constant memory
Fra:1 Mem:18.04M (Peak 43.69M) | Time:00:00.10 | Mem:2.69M, Peak:4.72M | Scene, ViewLayer | Loading denoising kernels (may take a few minutes the first time)
Fra:1 Mem:31.36M (Peak 43.69M) | Time:00:00.11 | Mem:1174.19M, Peak:1174.19M | Scene, ViewLayer | Sample 0/8
Fra:1 Mem:36.11M (Peak 43.69M) | Time:00:00.11 | Remaining:00:00.01 | Mem:1178.94M, Peak:1178.94M | Scene, ViewLayer | Sample 1/8
Fra:1 Mem:38.11M (Peak 43.69M) | Time:00:00.13 | Mem:1232.52M, Peak:1234.02M | Scene, ViewLayer | Sample 8/8
Fra:1 Mem:38.11M (Peak 43.69M) | Time:00:00.13 | Mem:1232.52M, Peak:1234.02M | Scene, ViewLayer | Finished
Saved: '/tmp/pose_2_90ffw90m/probe.png'
Time: 00:00.17 (Saving: 00:00.00)

Fra:1 Mem:14.88M (Peak 14.88M) | Time:00:00.04 | Mem:0.00M, Peak:0.00M | Scene, ViewLayer | Synchronizing object | 2
Fra:1 Mem:14.89M (Peak 14.89M) | Time:00:00.04 | Mem:0.00M, Peak:0.00M | Scene, ViewLayer | Synchronizing object | BackFill
Fra:1 Mem:14.89M (Peak 14.89M) | Time:00:00.04 | Mem:0.00M, Peak:0.00M | Scene, ViewLayer | Synchronizing object | TopSoft
Fra:1 Mem:16.69M (Peak 17.04M) | Time:00:00.04 | Mem:0.00M, Peak:0.00M | Scene, ViewLayer | Initializing
Fra:1 Mem:16.45M (Peak 17.04M) | Time:00:00.04 | Mem:0.00M, Peak:0.00M | Scene, ViewLayer | Waiting for render to start
Fra:1 Mem:16.45M (Peak 17.04M) | Time:00:00.04 | Mem:0.00M, Peak:0.00M | Scene, ViewLayer | Updating Scene
Fra:1 Mem:16.45M (Peak 17.04M) | Time:00:00.04 | Mem:0.00M, Peak:0.00M | Scene, ViewLayer | Updating Shaders
Fra:1 Mem:16.53M (Peak 17.04M) | Time:00:00.04 | Mem:0.00M, Peak:0.00M | Scene, ViewLayer | Loading render kernels (may take a few minutes the first time)
Fra:1 Mem:16.53M (Peak 43.69M) | Time:00:00.10 | Mem:0.01M, Peak:0.01M | Scene, ViewLayer | Updating Procedurals
Fra:1 Mem:16.53M (Peak 43.69M) | Time:00:00.10 | Mem:0.01M, Peak:0.01M | Scene, ViewLayer | Updating Background
Fra:1 Mem:16.53M (Peak 43.69M) | Time:00:00.10 | Mem:0.01M, Peak:0.01M | Scene, ViewLayer | Updating Camera
Fra:1 Mem:16.53M (Peak 43.69M) | Time:00:00.10 | Mem:0.01M, Peak:0.01M | Scene, ViewLayer | Updating Meshes Flags
Fra:1 Mem:16.53M (Peak 43.69M) | Time:00:00.10 | Mem:0.01M, Peak:0.01M | Scene, ViewLayer | Updating Objects
Fra:1 Mem:16.53M (Peak 43.69M) | Time:00:00.10 | Mem:0.01M, Peak:0.01M | Scene, ViewLayer | Updating Objects | Copying Transformations to device
Fra:1 Mem:16.53M (Peak 43.69M) | Time:00:00.10 | Mem:0.01M, Peak:0.01M | Scene, ViewLayer | Updating Particle Systems
Fra:1 Mem:16.53M (Peak 43.69M) | Time:00:00.10 | Mem:0.01M, Peak:0.01M | Scene, ViewLayer | Updating Particle Systems | Copying Particles to device
Fra:1 Mem:16.53M (Peak 43.69M) | Time:00:00.10 | Mem:0.01M, Peak:0.01M | Scene, ViewLayer | Updating Meshes
Fra:1 Mem:16.53M (Peak 43.69M) | Time:00:00.10 | Mem:0.01M, Peak:0.01M | Scene, ViewLayer | Updating Objects | Applying Static Transformations
Fra:1 Mem:16.53M (Peak 43.69M) | Time:00:00.10 | Mem:0.01M, Peak:0.01M | Scene, ViewLayer | Updating Mesh | Computing attributes
Fra:1 Mem:16.80M (Peak 43.69M) | Time:00:00.10 | Mem:0.01M, Peak:0.01M | Scene, ViewLayer | Updating Mesh | Copying Attributes to device
Fra:1 Mem:16.80M (Peak 43.69M) | Time:00:00.10 | Mem:0.27M, Peak:0.27M | Scene, ViewLayer | Updating Geometry BVH light 8/7 | Building BVH
Fra:1 Mem:16.80M (Peak 43.69M) | Time:00:00.10 | Mem:0.27M, Peak:0.27M | Scene, ViewLayer | Updating Geometry BVH light 8/7 | Building OptiX acceleration structure
Fra:1 Mem:16.80M (Peak 43.69M) | Time:00:00.10 | Mem:0.27M, Peak:0.27M | Scene, ViewLayer | Updating Geometry BVH TopSoft 7/7 | Building BVH
Fra:1 Mem:16.80M (Peak 43.69M) | Time:00:00.10 | Mem:0.27M, Peak:0.27M | Scene, ViewLayer | Updating Geometry BVH TopSoft 7/7 | Building OptiX acceleration structure
Fra:1 Mem:16.80M (Peak 43.69M) | Time:00:00.10 | Mem:0.27M, Peak:0.27M | Scene, ViewLayer | Updating Geometry BVH RightFill 6/7 | Building BVH
Fra:1 Mem:16.80M (Peak 43.69M) | Time:00:00.10 | Mem:0.27M, Peak:0.27M | Scene, ViewLayer | Updating Geometry BVH LeftFill 5/7 | Building BVH
Fra:1 Mem:16.80M (Peak 43.69M) | Time:00:00.10 | Mem:0.27M, Peak:0.27M | Scene, ViewLayer | Updating Geometry BVH FrontKey 3/7 | Building OptiX acceleration structure
Fra:1 Mem:16.80M (Peak 43.69M) | Time:00:00.10 | Mem:0.27M, Peak:0.27M | Scene, ViewLayer | Updating Geometry BVH 2 2/7 | Building OptiX acceleration structure
Fra:1 Mem:16.80M (Peak 43.69M) | Time:00:00.10 | Mem:1.38M, Peak:4.73M | Scene, ViewLayer | Updating Scene BVH | Building
Fra:1 Mem:16.80M (Peak 43.69M) | Time:00:00.10 | Mem:1.38M, Peak:4.73M | Scene, ViewLayer | Updating Scene BVH | Building OptiX acceleration structure
Fra:1 Mem:16.80M (Peak 43.69M) | Time:00:00.10 | Mem:1.38M, Peak:4.73M | Scene, ViewLayer | Updating Scene BVH | Copying BVH to device
Fra:1 Mem:16.80M (Peak 43.69M) | Time:00:00.10 | Mem:1.38M, Peak:4.73M | Scene, ViewLayer | Updating Mesh | Computing normals
Fra:1 Mem:18.03M (Peak 43.69M) | Time:00:00.10 | Mem:1.38M, Peak:4.73M | Scene, ViewLayer | Updating Mesh | Copying Mesh to device
Fra:1 Mem:18.03M (Peak 43.69M) | Time:00:00.10 | Mem:2.61M, Peak:4.73M | Scene, ViewLayer | Updating Objects Flags
Fra:1 Mem:18.03M (Peak 43.69M) | Time:00:00.10 | Mem:2.61M, Peak:4.73M | Scene, ViewLayer | Updating Primitive Offsets
Fra:1 Mem:18.03M (Peak 43.69M) | Time:00:00.10 | Mem:2.61M, Peak:4.73M | Scene, ViewLayer | Updating Images
Fra:1 Mem:18.03M (Peak 43.69M) | Time:00:00.10 | Mem:2.61M, Peak:4.73M | Scene, ViewLayer | Updating Camera Volume
Fra:1 Mem:18.03M (Peak 43.69M) | Time:00:00.10 | Mem:2.61M, Peak:4.73M | Scene, ViewLayer | Updating Lookup Tables
Fra:1 Mem:18.03M (Peak 43.69M) | Time:00:00.11 | Mem:2.69M, Peak:4.73M | Scene, ViewLayer | Updating Lights
Fra:1 Mem:18.03M (Peak 43.69M) | Time:00:00.11 | Mem:2.69M, Peak:4.73M | Scene, ViewLayer | Updating Lights | Computing tree
Fra:1 Mem:18.03M (Peak 43.69M) | Time:00:00.11 | Mem:2.69M, Peak:4.73M | Scene, ViewLayer | Updating Integrator
Fra:1 Mem:18.03M (Peak 43.69M) | Time:00:00.11 | Mem:2.69M, Peak:4.73M | Scene, ViewLayer | Updating Film
Fra:1 Mem:18.04M (Peak 43.69M) | Time:00:00.11 | Mem:2.61M, Peak:4.73M | Scene, ViewLayer | Updating Lookup Tables
Fra:1 Mem:18.04M (Peak 43.69M) | Time:00:00.11 | Mem:2.70M, Peak:4.73M | Scene, ViewLayer | Updating Baking
Fra:1 Mem:18.04M (Peak 43.69M) | Time:00:00.11 | Mem:2.70M, Peak:4.73M | Scene, ViewLayer | Updating Device | Writing constant memory
Fra:1 Mem:18.04M (Peak 43.69M) | Time:00:00.11 | Mem:2.70M, Peak:4.73M | Scene, ViewLayer | Loading denoising kernels (may take a few minutes the first time)
Fra:1 Mem:31.36M (Peak 43.69M) | Time:00:00.11 | Mem:1174.20M, Peak:1174.20M | Scene, ViewLayer | Sample 0/8
Fra:1 Mem:36.11M (Peak 43.69M) | Time:00:00.11 | Remaining:00:00.01 | Mem:1178.95M, Peak:1178.95M | Scene, ViewLayer | Sample 1/8
Fra:1 Mem:38.11M (Peak 43.69M) | Time:00:00.13 | Mem:1232.53M, Peak:1234.03M | Scene, ViewLayer | Sample 8/8
Fra:1 Mem:38.11M (Peak 43.69M) | Time:00:00.13 | Mem:1232.53M, Peak:1234.03M | Scene, ViewLayer | Finished
Saved: '/tmp/pose_2_90ffw90m/probe.png'
Time: 00:00.18 (Saving: 00:00.00)

Fra:1 Mem:14.88M (Peak 14.88M) | Time:00:00.04 | Mem:0.00M, Peak:0.00M | Scene, ViewLayer | Synchronizing object | 2
Fra:1 Mem:14.89M (Peak 14.89M) | Time:00:00.04 | Mem:0.00M, Peak:0.00M | Scene, ViewLayer | Synchronizing object | LeftFill
Fra:1 Mem:14.89M (Peak 14.89M) | Time:00:00.04 | Mem:0.00M, Peak:0.00M | Scene, ViewLayer | Synchronizing object | TopSoft
Fra:1 Mem:16.69M (Peak 17.04M) | Time:00:00.04 | Mem:0.00M, Peak:0.00M | Scene, ViewLayer | Initializing
Fra:1 Mem:16.45M (Peak 17.04M) | Time:00:00.04 | Mem:0.00M, Peak:0.00M | Scene, ViewLayer | Waiting for render to start
Fra:1 Mem:16.45M (Peak 17.04M) | Time:00:00.04 | Mem:0.00M, Peak:0.00M | Scene, ViewLayer | Updating Scene
Fra:1 Mem:16.45M (Peak 17.04M) | Time:00:00.04 | Mem:0.00M, Peak:0.00M | Scene, ViewLayer | Updating Shaders
Fra:1 Mem:16.53M (Peak 17.04M) | Time:00:00.04 | Mem:0.00M, Peak:0.00M | Scene, ViewLayer | Loading render kernels (may take a few minutes the first time)
Fra:1 Mem:16.53M (Peak 43.69M) | Time:00:00.10 | Mem:0.01M, Peak:0.01M | Scene, ViewLayer | Updating Procedurals
Fra:1 Mem:16.53M (Peak 43.69M) | Time:00:00.10 | Mem:0.01M, Peak:0.01M | Scene, ViewLayer | Updating Background
Fra:1 Mem:16.53M (Peak 43.69M) | Time:00:00.10 | Mem:0.01M, Peak:0.01M | Scene, ViewLayer | Updating Camera
Fra:1 Mem:16.53M (Peak 43.69M) | Time:00:00.10 | Mem:0.01M, Peak:0.01M | Scene, ViewLayer | Updating Meshes Flags
Fra:1 Mem:16.53M (Peak 43.69M) | Time:00:00.10 | Mem:0.01M, Peak:0.01M | Scene, ViewLayer | Updating Objects
Fra:1 Mem:16.53M (Peak 43.69M) | Time:00:00.10 | Mem:0.01M, Peak:0.01M | Scene, ViewLayer | Updating Objects | Copying Transformations to device
Fra:1 Mem:16.53M (Peak 43.69M) | Time:00:00.10 | Mem:0.01M, Peak:0.01M | Scene, ViewLayer | Updating Particle Systems
Fra:1 Mem:16.53M (Peak 43.69M) | Time:00:00.10 | Mem:0.01M, Peak:0.01M | Scene, ViewLayer | Updating Particle Systems | Copying Particles to device
Fra:1 Mem:16.53M (Peak 43.69M) | Time:00:00.10 | Mem:0.01M, Peak:0.01M | Scene, ViewLayer | Updating Meshes
Fra:1 Mem:16.53M (Peak 43.69M) | Time:00:00.10 | Mem:0.01M, Peak:0.01M | Scene, ViewLayer | Updating Objects | Applying Static Transformations
Fra:1 Mem:16.53M (Peak 43.69M) | Time:00:00.10 | Mem:0.01M, Peak:0.01M | Scene, ViewLayer | Updating Mesh | Computing attributes
Fra:1 Mem:16.80M (Peak 43.69M) | Time:00:00.10 | Mem:0.01M, Peak:0.01M | Scene, ViewLayer | Updating Mesh | Copying Attributes to device
Fra:1 Mem:16.80M (Peak 43.69M) | Time:00:00.10 | Mem:0.27M, Peak:0.27M | Scene, ViewLayer | Updating Geometry BVH light 8/7 | Building BVH
Fra:1 Mem:16.80M (Peak 43.69M) | Time:00:00.10 | Mem:0.27M, Peak:0.27M | Scene, ViewLayer | Updating Geometry BVH light 8/7 | Building OptiX acceleration structure
Fra:1 Mem:16.80M (Peak 43.69M) | Time:00:00.10 | Mem:0.27M, Peak:0.27M | Scene, ViewLayer | Updating Geometry BVH TopSoft 7/7 | Building BVH
Fra:1 Mem:16.80M (Peak 43.69M) | Time:00:00.10 | Mem:0.27M, Peak:0.27M | Scene, ViewLayer | Updating Geometry BVH TopSoft 7/7 | Building OptiX acceleration structure
Fra:1 Mem:16.80M (Peak 43.69M) | Time:00:00.10 | Mem:0.27M, Peak:0.27M | Scene, ViewLayer | Updating Geometry BVH RightFill 6/7 | Building BVH
Fra:1 Mem:16.80M (Peak 43.69M) | Time:00:00.10 | Mem:0.27M, Peak:0.27M | Scene, ViewLayer | Updating Geometry BVH BackFill 4/7 | Building BVH
Fra:1 Mem:16.80M (Peak 43.69M) | Time:00:00.10 | Mem:0.27M, Peak:0.27M | Scene, ViewLayer | Updating Geometry BVH LeftFill 5/7 | Building OptiX acceleration structure
Fra:1 Mem:16.80M (Peak 43.69M) | Time:00:00.10 | Mem:0.27M, Peak:0.27M | Scene, ViewLayer | Updating Geometry BVH 2 2/7 | Building BVH
Fra:1 Mem:16.80M (Peak 43.69M) | Time:00:00.10 | Mem:0.27M, Peak:0.27M | Scene, ViewLayer | Updating Geometry BVH 2 2/7 | Building OptiX acceleration structure
Fra:1 Mem:16.80M (Peak 43.69M) | Time:00:00.10 | Mem:1.37M, Peak:4.72M | Scene, ViewLayer | Updating Scene BVH | Building
Fra:1 Mem:16.80M (Peak 43.69M) | Time:00:00.10 | Mem:1.37M, Peak:4.72M | Scene, ViewLayer | Updating Scene BVH | Building OptiX acceleration structure
Fra:1 Mem:16.80M (Peak 43.69M) | Time:00:00.11 | Mem:1.37M, Peak:4.72M | Scene, ViewLayer | Updating Scene BVH | Copying BVH to device
Fra:1 Mem:16.80M (Peak 43.69M) | Time:00:00.11 | Mem:1.37M, Peak:4.72M | Scene, ViewLayer | Updating Mesh | Computing normals
Fra:1 Mem:18.03M (Peak 43.69M) | Time:00:00.11 | Mem:1.37M, Peak:4.72M | Scene, ViewLayer | Updating Mesh | Copying Mesh to device
Fra:1 Mem:18.03M (Peak 43.69M) | Time:00:00.11 | Mem:2.61M, Peak:4.72M | Scene, ViewLayer | Updating Objects Flags
Fra:1 Mem:18.03M (Peak 43.69M) | Time:00:00.11 | Mem:2.61M, Peak:4.72M | Scene, ViewLayer | Updating Primitive Offsets
Fra:1 Mem:18.03M (Peak 43.69M) | Time:00:00.11 | Mem:2.61M, Peak:4.72M | Scene, ViewLayer | Updating Images
Fra:1 Mem:18.03M (Peak 43.69M) | Time:00:00.11 | Mem:2.61M, Peak:4.72M | Scene, ViewLayer | Updating Camera Volume
Fra:1 Mem:18.03M (Peak 43.69M) | Time:00:00.11 | Mem:2.61M, Peak:4.72M | Scene, ViewLayer | Updating Lookup Tables
Fra:1 Mem:18.03M (Peak 43.69M) | Time:00:00.11 | Mem:2.69M, Peak:4.72M | Scene, ViewLayer | Updating Lights
Fra:1 Mem:18.03M (Peak 43.69M) | Time:00:00.11 | Mem:2.69M, Peak:4.72M | Scene, ViewLayer | Updating Lights | Computing tree
Fra:1 Mem:18.03M (Peak 43.69M) | Time:00:00.11 | Mem:2.69M, Peak:4.72M | Scene, ViewLayer | Updating Integrator
Fra:1 Mem:18.03M (Peak 43.69M) | Time:00:00.11 | Mem:2.69M, Peak:4.72M | Scene, ViewLayer | Updating Film
Fra:1 Mem:18.04M (Peak 43.69M) | Time:00:00.11 | Mem:2.61M, Peak:4.72M | Scene, ViewLayer | Updating Lookup Tables
Fra:1 Mem:18.04M (Peak 43.69M) | Time:00:00.11 | Mem:2.69M, Peak:4.72M | Scene, ViewLayer | Updating Baking
Fra:1 Mem:18.04M (Peak 43.69M) | Time:00:00.11 | Mem:2.69M, Peak:4.72M | Scene, ViewLayer | Updating Device | Writing constant memory
Fra:1 Mem:18.04M (Peak 43.69M) | Time:00:00.11 | Mem:2.69M, Peak:4.72M | Scene, ViewLayer | Loading denoising kernels (may take a few minutes the first time)
Fra:1 Mem:31.36M (Peak 43.69M) | Time:00:00.11 | Mem:1174.20M, Peak:1174.20M | Scene, ViewLayer | Sample 0/8
Fra:1 Mem:36.11M (Peak 43.69M) | Time:00:00.11 | Remaining:00:00.01 | Mem:1178.95M, Peak:1178.95M | Scene, ViewLayer | Sample 1/8
Fra:1 Mem:38.11M (Peak 43.69M) | Time:00:00.13 | Mem:1232.52M, Peak:1234.02M | Scene, ViewLayer | Sample 8/8
Fra:1 Mem:38.11M (Peak 43.69M) | Time:00:00.13 | Mem:1232.52M, Peak:1234.02M | Scene, ViewLayer | Finished
Saved: '/tmp/pose_2_90ffw90m/probe.png'
Time: 00:00.18 (Saving: 00:00.00)

Fra:1 Mem:14.88M (Peak 14.88M) | Time:00:00.04 | Mem:0.00M, Peak:0.00M | Scene, ViewLayer | Synchronizing object | 2
Fra:1 Mem:14.89M (Peak 14.89M) | Time:00:00.04 | Mem:0.00M, Peak:0.00M | Scene, ViewLayer | Synchronizing object | LeftFill
Fra:1 Mem:14.89M (Peak 14.89M) | Time:00:00.04 | Mem:0.00M, Peak:0.00M | Scene, ViewLayer | Synchronizing object | TopSoft
Fra:1 Mem:16.69M (Peak 17.04M) | Time:00:00.04 | Mem:0.00M, Peak:0.00M | Scene, ViewLayer | Initializing
Fra:1 Mem:16.45M (Peak 17.04M) | Time:00:00.04 | Mem:0.00M, Peak:0.00M | Scene, ViewLayer | Waiting for render to start
Fra:1 Mem:16.45M (Peak 17.04M) | Time:00:00.04 | Mem:0.00M, Peak:0.00M | Scene, ViewLayer | Updating Scene
Fra:1 Mem:16.45M (Peak 17.04M) | Time:00:00.04 | Mem:0.00M, Peak:0.00M | Scene, ViewLayer | Updating Shaders
Fra:1 Mem:16.53M (Peak 17.04M) | Time:00:00.04 | Mem:0.00M, Peak:0.00M | Scene, ViewLayer | Loading render kernels (may take a few minutes the first time)
Fra:1 Mem:16.53M (Peak 43.69M) | Time:00:00.10 | Mem:0.01M, Peak:0.01M | Scene, ViewLayer | Updating Procedurals
Fra:1 Mem:16.53M (Peak 43.69M) | Time:00:00.10 | Mem:0.01M, Peak:0.01M | Scene, ViewLayer | Updating Background
Fra:1 Mem:16.53M (Peak 43.69M) | Time:00:00.10 | Mem:0.01M, Peak:0.01M | Scene, ViewLayer | Updating Camera
Fra:1 Mem:16.53M (Peak 43.69M) | Time:00:00.10 | Mem:0.01M, Peak:0.01M | Scene, ViewLayer | Updating Meshes Flags
Fra:1 Mem:16.53M (Peak 43.69M) | Time:00:00.10 | Mem:0.01M, Peak:0.01M | Scene, ViewLayer | Updating Objects
Fra:1 Mem:16.53M (Peak 43.69M) | Time:00:00.10 | Mem:0.01M, Peak:0.01M | Scene, ViewLayer | Updating Objects | Copying Transformations to device
Fra:1 Mem:16.53M (Peak 43.69M) | Time:00:00.10 | Mem:0.01M, Peak:0.01M | Scene, ViewLayer | Updating Particle Systems
Fra:1 Mem:16.53M (Peak 43.69M) | Time:00:00.10 | Mem:0.01M, Peak:0.01M | Scene, ViewLayer | Updating Particle Systems | Copying Particles to device
Fra:1 Mem:16.53M (Peak 43.69M) | Time:00:00.10 | Mem:0.01M, Peak:0.01M | Scene, ViewLayer | Updating Meshes
Fra:1 Mem:16.53M (Peak 43.69M) | Time:00:00.10 | Mem:0.01M, Peak:0.01M | Scene, ViewLayer | Updating Objects | Applying Static Transformations
Fra:1 Mem:16.53M (Peak 43.69M) | Time:00:00.10 | Mem:0.01M, Peak:0.01M | Scene, ViewLayer | Updating Mesh | Computing attributes
Fra:1 Mem:16.80M (Peak 43.69M) | Time:00:00.10 | Mem:0.01M, Peak:0.01M | Scene, ViewLayer | Updating Mesh | Copying Attributes to device
Fra:1 Mem:16.80M (Peak 43.69M) | Time:00:00.10 | Mem:0.27M, Peak:0.27M | Scene, ViewLayer | Updating Geometry BVH light 8/7 | Building BVH
Fra:1 Mem:16.80M (Peak 43.69M) | Time:00:00.10 | Mem:0.27M, Peak:0.27M | Scene, ViewLayer | Updating Geometry BVH light 8/7 | Building OptiX acceleration structure
Fra:1 Mem:16.80M (Peak 43.69M) | Time:00:00.10 | Mem:0.27M, Peak:0.27M | Scene, ViewLayer | Updating Geometry BVH TopSoft 7/7 | Building BVH
Fra:1 Mem:16.80M (Peak 43.69M) | Time:00:00.10 | Mem:0.27M, Peak:0.27M | Scene, ViewLayer | Updating Geometry BVH TopSoft 7/7 | Building OptiX acceleration structure
Fra:1 Mem:16.80M (Peak 43.69M) | Time:00:00.10 | Mem:0.27M, Peak:0.27M | Scene, ViewLayer | Updating Geometry BVH RightFill 6/7 | Building BVH
Fra:1 Mem:16.80M (Peak 43.69M) | Time:00:00.10 | Mem:0.27M, Peak:0.27M | Scene, ViewLayer | Updating Geometry BVH RightFill 6/7 | Building OptiX acceleration structure
Fra:1 Mem:16.80M (Peak 43.69M) | Time:00:00.10 | Mem:0.27M, Peak:0.27M | Scene, ViewLayer | Updating Geometry BVH LeftFill 5/7 | Building BVH
Fra:1 Mem:16.80M (Peak 43.69M) | Time:00:00.10 | Mem:0.27M, Peak:0.27M | Scene, ViewLayer | Updating Geometry BVH 2 2/7 | Building OptiX acceleration structure
Fra:1 Mem:16.80M (Peak 43.69M) | Time:00:00.10 | Mem:1.38M, Peak:4.74M | Scene, ViewLayer | Updating Scene BVH | Building
Fra:1 Mem:16.80M (Peak 43.69M) | Time:00:00.10 | Mem:1.38M, Peak:4.74M | Scene, ViewLayer | Updating Scene BVH | Building OptiX acceleration structure
Fra:1 Mem:16.80M (Peak 43.69M) | Time:00:00.10 | Mem:1.38M, Peak:4.74M | Scene, ViewLayer | Updating Scene BVH | Copying BVH to device
Fra:1 Mem:16.80M (Peak 43.69M) | Time:00:00.10 | Mem:1.38M, Peak:4.74M | Scene, ViewLayer | Updating Mesh | Computing normals
Fra:1 Mem:18.03M (Peak 43.69M) | Time:00:00.10 | Mem:1.38M, Peak:4.74M | Scene, ViewLayer | Updating Mesh | Copying Mesh to device
Fra:1 Mem:18.03M (Peak 43.69M) | Time:00:00.10 | Mem:2.62M, Peak:4.74M | Scene, ViewLayer | Updating Objects Flags
Fra:1 Mem:18.03M (Peak 43.69M) | Time:00:00.10 | Mem:2.62M, Peak:4.74M | Scene, ViewLayer | Updating Primitive Offsets
Fra:1 Mem:18.03M (Peak 43.69M) | Time:00:00.10 | Mem:2.62M, Peak:4.74M | Scene, ViewLayer | Updating Images
Fra:1 Mem:18.03M (Peak 43.69M) | Time:00:00.10 | Mem:2.62M, Peak:4.74M | Scene, ViewLayer | Updating Camera Volume
Fra:1 Mem:18.03M (Peak 43.69M) | Time:00:00.10 | Mem:2.62M, Peak:4.74M | Scene, ViewLayer | Updating Lookup Tables
Fra:1 Mem:18.03M (Peak 43.69M) | Time:00:00.10 | Mem:2.70M, Peak:4.74M | Scene, ViewLayer | Updating Lights
Fra:1 Mem:18.03M (Peak 43.69M) | Time:00:00.10 | Mem:2.70M, Peak:4.74M | Scene, ViewLayer | Updating Lights | Computing tree
Fra:1 Mem:18.03M (Peak 43.69M) | Time:00:00.10 | Mem:2.70M, Peak:4.74M | Scene, ViewLayer | Updating Integrator
Fra:1 Mem:18.03M (Peak 43.69M) | Time:00:00.10 | Mem:2.70M, Peak:4.74M | Scene, ViewLayer | Updating Film
Fra:1 Mem:18.04M (Peak 43.69M) | Time:00:00.10 | Mem:2.62M, Peak:4.74M | Scene, ViewLayer | Updating Lookup Tables
Fra:1 Mem:18.04M (Peak 43.69M) | Time:00:00.10 | Mem:2.70M, Peak:4.74M | Scene, ViewLayer | Updating Baking
Fra:1 Mem:18.04M (Peak 43.69M) | Time:00:00.10 | Mem:2.70M, Peak:4.74M | Scene, ViewLayer | Updating Device | Writing constant memory
Fra:1 Mem:18.04M (Peak 43.69M) | Time:00:00.10 | Mem:2.70M, Peak:4.74M | Scene, ViewLayer | Loading denoising kernels (may take a few minutes the first time)
Fra:1 Mem:31.36M (Peak 43.69M) | Time:00:00.11 | Mem:1174.21M, Peak:1174.21M | Scene, ViewLayer | Sample 0/8
Fra:1 Mem:36.11M (Peak 43.69M) | Time:00:00.11 | Remaining:00:00.01 | Mem:1178.96M, Peak:1178.96M | Scene, ViewLayer | Sample 1/8
Fra:1 Mem:38.11M (Peak 43.69M) | Time:00:00.13 | Mem:1232.53M, Peak:1234.03M | Scene, ViewLayer | Sample 8/8
Fra:1 Mem:38.11M (Peak 43.69M) | Time:00:00.13 | Mem:1232.53M, Peak:1234.03M | Scene, ViewLayer | Finished
Saved: '/tmp/pose_2_90ffw90m/probe.png'
Time: 00:00.18 (Saving: 00:00.00)

Fra:1 Mem:14.88M (Peak 14.88M) | Time:00:00.04 | Mem:0.00M, Peak:0.00M | Scene, ViewLayer | Synchronizing object | 2
Fra:1 Mem:14.89M (Peak 14.89M) | Time:00:00.04 | Mem:0.00M, Peak:0.00M | Scene, ViewLayer | Synchronizing object | BackFill
Fra:1 Mem:14.89M (Peak 14.89M) | Time:00:00.04 | Mem:0.00M, Peak:0.00M | Scene, ViewLayer | Synchronizing object | TopSoft
Fra:1 Mem:16.69M (Peak 17.04M) | Time:00:00.04 | Mem:0.00M, Peak:0.00M | Scene, ViewLayer | Initializing
Fra:1 Mem:16.45M (Peak 17.04M) | Time:00:00.04 | Mem:0.00M, Peak:0.00M | Scene, ViewLayer | Waiting for render to start
Fra:1 Mem:16.45M (Peak 17.04M) | Time:00:00.04 | Mem:0.00M, Peak:0.00M | Scene, ViewLayer | Updating Scene
Fra:1 Mem:16.45M (Peak 17.04M) | Time:00:00.04 | Mem:0.00M, Peak:0.00M | Scene, ViewLayer | Updating Shaders
Fra:1 Mem:16.53M (Peak 17.04M) | Time:00:00.04 | Mem:0.00M, Peak:0.00M | Scene, ViewLayer | Loading render kernels (may take a few minutes the first time)
Fra:1 Mem:16.53M (Peak 43.69M) | Time:00:00.10 | Mem:0.01M, Peak:0.01M | Scene, ViewLayer | Updating Procedurals
Fra:1 Mem:16.53M (Peak 43.69M) | Time:00:00.10 | Mem:0.01M, Peak:0.01M | Scene, ViewLayer | Updating Background
Fra:1 Mem:16.53M (Peak 43.69M) | Time:00:00.10 | Mem:0.01M, Peak:0.01M | Scene, ViewLayer | Updating Camera
Fra:1 Mem:16.53M (Peak 43.69M) | Time:00:00.10 | Mem:0.01M, Peak:0.01M | Scene, ViewLayer | Updating Meshes Flags
Fra:1 Mem:16.53M (Peak 43.69M) | Time:00:00.10 | Mem:0.01M, Peak:0.01M | Scene, ViewLayer | Updating Objects
Fra:1 Mem:16.53M (Peak 43.69M) | Time:00:00.10 | Mem:0.01M, Peak:0.01M | Scene, ViewLayer | Updating Objects | Copying Transformations to device
Fra:1 Mem:16.53M (Peak 43.69M) | Time:00:00.10 | Mem:0.01M, Peak:0.01M | Scene, ViewLayer | Updating Particle Systems
Fra:1 Mem:16.53M (Peak 43.69M) | Time:00:00.10 | Mem:0.01M, Peak:0.01M | Scene, ViewLayer | Updating Particle Systems | Copying Particles to device
Fra:1 Mem:16.53M (Peak 43.69M) | Time:00:00.10 | Mem:0.01M, Peak:0.01M | Scene, ViewLayer | Updating Meshes
Fra:1 Mem:16.53M (Peak 43.69M) | Time:00:00.10 | Mem:0.01M, Peak:0.01M | Scene, ViewLayer | Updating Objects | Applying Static Transformations
Fra:1 Mem:16.53M (Peak 43.69M) | Time:00:00.10 | Mem:0.01M, Peak:0.01M | Scene, ViewLayer | Updating Mesh | Computing attributes
Fra:1 Mem:16.80M (Peak 43.69M) | Time:00:00.10 | Mem:0.01M, Peak:0.01M | Scene, ViewLayer | Updating Mesh | Copying Attributes to device
Fra:1 Mem:16.80M (Peak 43.69M) | Time:00:00.10 | Mem:0.27M, Peak:0.27M | Scene, ViewLayer | Updating Geometry BVH light 8/7 | Building BVH
Fra:1 Mem:16.80M (Peak 43.69M) | Time:00:00.10 | Mem:0.27M, Peak:0.27M | Scene, ViewLayer | Updating Geometry BVH light 8/7 | Building OptiX acceleration structure
Fra:1 Mem:16.80M (Peak 43.69M) | Time:00:00.10 | Mem:0.27M, Peak:0.27M | Scene, ViewLayer | Updating Geometry BVH TopSoft 7/7 | Building BVH
Fra:1 Mem:16.80M (Peak 43.69M) | Time:00:00.10 | Mem:0.27M, Peak:0.27M | Scene, ViewLayer | Updating Geometry BVH FrontKey 3/7 | Building OptiX acceleration structure
Fra:1 Mem:16.80M (Peak 43.69M) | Time:00:00.10 | Mem:0.27M, Peak:0.27M | Scene, ViewLayer | Updating Geometry BVH LeftFill 5/7 | Building BVH
Fra:1 Mem:16.80M (Peak 43.69M) | Time:00:00.10 | Mem:0.27M, Peak:0.27M | Scene, ViewLayer | Updating Geometry BVH RightFill 6/7 | Building OptiX acceleration structure
Fra:1 Mem:16.80M (Peak 43.69M) | Time:00:00.10 | Mem:0.27M, Peak:0.27M | Scene, ViewLayer | Updating Geometry BVH 2 2/7 | Building BVH
Fra:1 Mem:16.80M (Peak 43.69M) | Time:00:00.10 | Mem:0.27M, Peak:0.27M | Scene, ViewLayer | Updating Geometry BVH 2 2/7 | Building OptiX acceleration structure
Fra:1 Mem:16.80M (Peak 43.69M) | Time:00:00.10 | Mem:1.38M, Peak:4.74M | Scene, ViewLayer | Updating Scene BVH | Building
Fra:1 Mem:16.80M (Peak 43.69M) | Time:00:00.10 | Mem:1.38M, Peak:4.74M | Scene, ViewLayer | Updating Scene BVH | Building OptiX acceleration structure
Fra:1 Mem:16.80M (Peak 43.69M) | Time:00:00.10 | Mem:1.38M, Peak:4.74M | Scene, ViewLayer | Updating Scene BVH | Copying BVH to device
Fra:1 Mem:16.80M (Peak 43.69M) | Time:00:00.10 | Mem:1.38M, Peak:4.74M | Scene, ViewLayer | Updating Mesh | Computing normals
Fra:1 Mem:18.03M (Peak 43.69M) | Time:00:00.10 | Mem:1.38M, Peak:4.74M | Scene, ViewLayer | Updating Mesh | Copying Mesh to device
Fra:1 Mem:18.03M (Peak 43.69M) | Time:00:00.10 | Mem:2.62M, Peak:4.74M | Scene, ViewLayer | Updating Objects Flags
Fra:1 Mem:18.03M (Peak 43.69M) | Time:00:00.10 | Mem:2.62M, Peak:4.74M | Scene, ViewLayer | Updating Primitive Offsets
Fra:1 Mem:18.03M (Peak 43.69M) | Time:00:00.10 | Mem:2.62M, Peak:4.74M | Scene, ViewLayer | Updating Images
Fra:1 Mem:18.03M (Peak 43.69M) | Time:00:00.10 | Mem:2.62M, Peak:4.74M | Scene, ViewLayer | Updating Camera Volume
Fra:1 Mem:18.03M (Peak 43.69M) | Time:00:00.10 | Mem:2.62M, Peak:4.74M | Scene, ViewLayer | Updating Lookup Tables
Fra:1 Mem:18.03M (Peak 43.69M) | Time:00:00.10 | Mem:2.70M, Peak:4.74M | Scene, ViewLayer | Updating Lights
Fra:1 Mem:18.03M (Peak 43.69M) | Time:00:00.10 | Mem:2.70M, Peak:4.74M | Scene, ViewLayer | Updating Lights | Computing tree
Fra:1 Mem:18.03M (Peak 43.69M) | Time:00:00.10 | Mem:2.70M, Peak:4.74M | Scene, ViewLayer | Updating Integrator
Fra:1 Mem:18.03M (Peak 43.69M) | Time:00:00.10 | Mem:2.70M, Peak:4.74M | Scene, ViewLayer | Updating Film
Fra:1 Mem:18.04M (Peak 43.69M) | Time:00:00.10 | Mem:2.62M, Peak:4.74M | Scene, ViewLayer | Updating Lookup Tables
Fra:1 Mem:18.04M (Peak 43.69M) | Time:00:00.10 | Mem:2.70M, Peak:4.74M | Scene, ViewLayer | Updating Baking
Fra:1 Mem:18.04M (Peak 43.69M) | Time:00:00.10 | Mem:2.70M, Peak:4.74M | Scene, ViewLayer | Updating Device | Writing constant memory
Fra:1 Mem:18.04M (Peak 43.69M) | Time:00:00.10 | Mem:2.70M, Peak:4.74M | Scene, ViewLayer | Loading denoising kernels (may take a few minutes the first time)
Fra:1 Mem:31.36M (Peak 43.69M) | Time:00:00.11 | Mem:1174.21M, Peak:1174.21M | Scene, ViewLayer | Sample 0/8
Fra:1 Mem:36.11M (Peak 43.69M) | Time:00:00.11 | Remaining:00:00.01 | Mem:1178.96M, Peak:1178.96M | Scene, ViewLayer | Sample 1/8
Fra:1 Mem:38.11M (Peak 43.69M) | Time:00:00.12 | Mem:1232.53M, Peak:1234.03M | Scene, ViewLayer | Sample 8/8
Fra:1 Mem:38.11M (Peak 43.69M) | Time:00:00.12 | Mem:1232.53M, Peak:1234.03M | Scene, ViewLayer | Finished
Saved: '/tmp/pose_2_90ffw90m/probe.png'
Time: 00:00.17 (Saving: 00:00.00)

Fra:1 Mem:14.88M (Peak 14.88M) | Time:00:00.04 | Mem:0.00M, Peak:0.00M | Scene, ViewLayer | Synchronizing object | 2
Fra:1 Mem:14.88M (Peak 14.89M) | Time:00:00.04 | Mem:0.00M, Peak:0.00M | Scene, ViewLayer | Synchronizing object | FrontKey
Fra:1 Mem:14.89M (Peak 14.89M) | Time:00:00.04 | Mem:0.00M, Peak:0.00M | Scene, ViewLayer | Synchronizing object | TopSoft
Fra:1 Mem:16.69M (Peak 17.04M) | Time:00:00.04 | Mem:0.00M, Peak:0.00M | Scene, ViewLayer | Initializing
Fra:1 Mem:16.45M (Peak 17.04M) | Time:00:00.04 | Mem:0.00M, Peak:0.00M | Scene, ViewLayer | Waiting for render to start
Fra:1 Mem:16.45M (Peak 17.04M) | Time:00:00.04 | Mem:0.00M, Peak:0.00M | Scene, ViewLayer | Updating Scene
Fra:1 Mem:16.45M (Peak 17.04M) | Time:00:00.04 | Mem:0.00M, Peak:0.00M | Scene, ViewLayer | Updating Shaders
Fra:1 Mem:16.53M (Peak 17.04M) | Time:00:00.04 | Mem:0.00M, Peak:0.00M | Scene, ViewLayer | Loading render kernels (may take a few minutes the first time)
Fra:1 Mem:16.53M (Peak 43.69M) | Time:00:00.10 | Mem:0.01M, Peak:0.01M | Scene, ViewLayer | Updating Procedurals
Fra:1 Mem:16.53M (Peak 43.69M) | Time:00:00.10 | Mem:0.01M, Peak:0.01M | Scene, ViewLayer | Updating Background
Fra:1 Mem:16.53M (Peak 43.69M) | Time:00:00.10 | Mem:0.01M, Peak:0.01M | Scene, ViewLayer | Updating Camera
Fra:1 Mem:16.53M (Peak 43.69M) | Time:00:00.10 | Mem:0.01M, Peak:0.01M | Scene, ViewLayer | Updating Meshes Flags
Fra:1 Mem:16.53M (Peak 43.69M) | Time:00:00.10 | Mem:0.01M, Peak:0.01M | Scene, ViewLayer | Updating Objects
Fra:1 Mem:16.53M (Peak 43.69M) | Time:00:00.10 | Mem:0.01M, Peak:0.01M | Scene, ViewLayer | Updating Objects | Copying Transformations to device
Fra:1 Mem:16.53M (Peak 43.69M) | Time:00:00.10 | Mem:0.01M, Peak:0.01M | Scene, ViewLayer | Updating Particle Systems
Fra:1 Mem:16.53M (Peak 43.69M) | Time:00:00.10 | Mem:0.01M, Peak:0.01M | Scene, ViewLayer | Updating Particle Systems | Copying Particles to device
Fra:1 Mem:16.53M (Peak 43.69M) | Time:00:00.10 | Mem:0.01M, Peak:0.01M | Scene, ViewLayer | Updating Meshes
Fra:1 Mem:16.53M (Peak 43.69M) | Time:00:00.10 | Mem:0.01M, Peak:0.01M | Scene, ViewLayer | Updating Objects | Applying Static Transformations
Fra:1 Mem:16.53M (Peak 43.69M) | Time:00:00.10 | Mem:0.01M, Peak:0.01M | Scene, ViewLayer | Updating Mesh | Computing attributes
Fra:1 Mem:16.80M (Peak 43.69M) | Time:00:00.10 | Mem:0.01M, Peak:0.01M | Scene, ViewLayer | Updating Mesh | Copying Attributes to device
Fra:1 Mem:16.80M (Peak 43.69M) | Time:00:00.10 | Mem:0.27M, Peak:0.27M | Scene, ViewLayer | Updating Geometry BVH light 8/7 | Building BVH
Fra:1 Mem:16.80M (Peak 43.69M) | Time:00:00.10 | Mem:0.27M, Peak:0.27M | Scene, ViewLayer | Updating Geometry BVH light 8/7 | Building OptiX acceleration structure
Fra:1 Mem:16.80M (Peak 43.69M) | Time:00:00.10 | Mem:0.27M, Peak:0.27M | Scene, ViewLayer | Updating Geometry BVH TopSoft 7/7 | Building BVH
Fra:1 Mem:16.80M (Peak 43.69M) | Time:00:00.10 | Mem:0.27M, Peak:0.27M | Scene, ViewLayer | Updating Geometry BVH TopSoft 7/7 | Building OptiX acceleration structure
Fra:1 Mem:16.80M (Peak 43.69M) | Time:00:00.10 | Mem:0.27M, Peak:0.27M | Scene, ViewLayer | Updating Geometry BVH RightFill 6/7 | Building BVH
Fra:1 Mem:16.80M (Peak 43.69M) | Time:00:00.10 | Mem:0.27M, Peak:0.27M | Scene, ViewLayer | Updating Geometry BVH FrontKey 3/7 | Building BVH
Fra:1 Mem:16.80M (Peak 43.69M) | Time:00:00.10 | Mem:0.27M, Peak:0.27M | Scene, ViewLayer | Updating Geometry BVH FrontKey 3/7 | Building OptiX acceleration structure
Fra:1 Mem:16.80M (Peak 43.69M) | Time:00:00.10 | Mem:0.27M, Peak:0.27M | Scene, ViewLayer | Updating Geometry BVH 2 2/7 | Building BVH
Fra:1 Mem:16.80M (Peak 43.69M) | Time:00:00.10 | Mem:0.27M, Peak:0.27M | Scene, ViewLayer | Updating Geometry BVH 2 2/7 | Building OptiX acceleration structure
Fra:1 Mem:16.80M (Peak 43.69M) | Time:00:00.10 | Mem:1.38M, Peak:4.73M | Scene, ViewLayer | Updating Scene BVH | Building
Fra:1 Mem:16.80M (Peak 43.69M) | Time:00:00.10 | Mem:1.38M, Peak:4.73M | Scene, ViewLayer | Updating Scene BVH | Building OptiX acceleration structure
Fra:1 Mem:16.80M (Peak 43.69M) | Time:00:00.10 | Mem:1.38M, Peak:4.73M | Scene, ViewLayer | Updating Scene BVH | Copying BVH to device
Fra:1 Mem:16.80M (Peak 43.69M) | Time:00:00.10 | Mem:1.38M, Peak:4.73M | Scene, ViewLayer | Updating Mesh | Computing normals
Fra:1 Mem:18.03M (Peak 43.69M) | Time:00:00.10 | Mem:1.38M, Peak:4.73M | Scene, ViewLayer | Updating Mesh | Copying Mesh to device
Fra:1 Mem:18.03M (Peak 43.69M) | Time:00:00.10 | Mem:2.61M, Peak:4.73M | Scene, ViewLayer | Updating Objects Flags
Fra:1 Mem:18.03M (Peak 43.69M) | Time:00:00.10 | Mem:2.62M, Peak:4.73M | Scene, ViewLayer | Updating Primitive Offsets
Fra:1 Mem:18.03M (Peak 43.69M) | Time:00:00.10 | Mem:2.62M, Peak:4.73M | Scene, ViewLayer | Updating Images
Fra:1 Mem:18.03M (Peak 43.69M) | Time:00:00.10 | Mem:2.62M, Peak:4.73M | Scene, ViewLayer | Updating Camera Volume
Fra:1 Mem:18.03M (Peak 43.69M) | Time:00:00.10 | Mem:2.62M, Peak:4.73M | Scene, ViewLayer | Updating Lookup Tables
Fra:1 Mem:18.03M (Peak 43.69M) | Time:00:00.10 | Mem:2.70M, Peak:4.73M | Scene, ViewLayer | Updating Lights
Fra:1 Mem:18.03M (Peak 43.69M) | Time:00:00.10 | Mem:2.70M, Peak:4.73M | Scene, ViewLayer | Updating Lights | Computing tree
Fra:1 Mem:18.03M (Peak 43.69M) | Time:00:00.10 | Mem:2.70M, Peak:4.73M | Scene, ViewLayer | Updating Integrator
Fra:1 Mem:18.03M (Peak 43.69M) | Time:00:00.10 | Mem:2.70M, Peak:4.73M | Scene, ViewLayer | Updating Film
Fra:1 Mem:18.04M (Peak 43.69M) | Time:00:00.10 | Mem:2.62M, Peak:4.73M | Scene, ViewLayer | Updating Lookup Tables
Fra:1 Mem:18.04M (Peak 43.69M) | Time:00:00.10 | Mem:2.70M, Peak:4.73M | Scene, ViewLayer | Updating Baking
Fra:1 Mem:18.04M (Peak 43.69M) | Time:00:00.10 | Mem:2.70M, Peak:4.73M | Scene, ViewLayer | Updating Device | Writing constant memory
Fra:1 Mem:18.04M (Peak 43.69M) | Time:00:00.10 | Mem:2.70M, Peak:4.73M | Scene, ViewLayer | Loading denoising kernels (may take a few minutes the first time)
Fra:1 Mem:31.36M (Peak 43.69M) | Time:00:00.11 | Mem:1174.21M, Peak:1174.21M | Scene, ViewLayer | Sample 0/8
Fra:1 Mem:36.11M (Peak 43.69M) | Time:00:00.11 | Remaining:00:00.01 | Mem:1178.96M, Peak:1178.96M | Scene, ViewLayer | Sample 1/8
Fra:1 Mem:38.11M (Peak 43.69M) | Time:00:00.12 | Mem:1232.53M, Peak:1234.03M | Scene, ViewLayer | Sample 8/8
Fra:1 Mem:38.11M (Peak 43.69M) | Time:00:00.12 | Mem:1232.53M, Peak:1234.03M | Scene, ViewLayer | Finished
Saved: '/tmp/pose_2_90ffw90m/probe.png'
Time: 00:00.17 (Saving: 00:00.00)

Fra:1 Mem:14.88M (Peak 14.88M) | Time:00:00.04 | Mem:0.00M, Peak:0.00M | Scene, ViewLayer | Synchronizing object | 2
Fra:1 Mem:14.89M (Peak 14.89M) | Time:00:00.04 | Mem:0.00M, Peak:0.00M | Scene, ViewLayer | Synchronizing object | LeftFill
Fra:1 Mem:14.89M (Peak 14.89M) | Time:00:00.04 | Mem:0.00M, Peak:0.00M | Scene, ViewLayer | Synchronizing object | TopSoft
Fra:1 Mem:16.69M (Peak 17.04M) | Time:00:00.04 | Mem:0.00M, Peak:0.00M | Scene, ViewLayer | Initializing
Fra:1 Mem:16.45M (Peak 17.04M) | Time:00:00.04 | Mem:0.00M, Peak:0.00M | Scene, ViewLayer | Waiting for render to start
Fra:1 Mem:16.45M (Peak 17.04M) | Time:00:00.04 | Mem:0.00M, Peak:0.00M | Scene, ViewLayer | Updating Scene
Fra:1 Mem:16.45M (Peak 17.04M) | Time:00:00.04 | Mem:0.00M, Peak:0.00M | Scene, ViewLayer | Updating Shaders
Fra:1 Mem:16.53M (Peak 17.04M) | Time:00:00.04 | Mem:0.00M, Peak:0.00M | Scene, ViewLayer | Loading render kernels (may take a few minutes the first time)
Fra:1 Mem:16.53M (Peak 43.69M) | Time:00:00.10 | Mem:0.01M, Peak:0.01M | Scene, ViewLayer | Updating Procedurals
Fra:1 Mem:16.53M (Peak 43.69M) | Time:00:00.10 | Mem:0.01M, Peak:0.01M | Scene, ViewLayer | Updating Background
Fra:1 Mem:16.53M (Peak 43.69M) | Time:00:00.10 | Mem:0.01M, Peak:0.01M | Scene, ViewLayer | Updating Camera
Fra:1 Mem:16.53M (Peak 43.69M) | Time:00:00.10 | Mem:0.01M, Peak:0.01M | Scene, ViewLayer | Updating Meshes Flags
Fra:1 Mem:16.53M (Peak 43.69M) | Time:00:00.10 | Mem:0.01M, Peak:0.01M | Scene, ViewLayer | Updating Objects
Fra:1 Mem:16.53M (Peak 43.69M) | Time:00:00.10 | Mem:0.01M, Peak:0.01M | Scene, ViewLayer | Updating Objects | Copying Transformations to device
Fra:1 Mem:16.53M (Peak 43.69M) | Time:00:00.10 | Mem:0.01M, Peak:0.01M | Scene, ViewLayer | Updating Particle Systems
Fra:1 Mem:16.53M (Peak 43.69M) | Time:00:00.10 | Mem:0.01M, Peak:0.01M | Scene, ViewLayer | Updating Particle Systems | Copying Particles to device
Fra:1 Mem:16.53M (Peak 43.69M) | Time:00:00.10 | Mem:0.01M, Peak:0.01M | Scene, ViewLayer | Updating Meshes
Fra:1 Mem:16.53M (Peak 43.69M) | Time:00:00.10 | Mem:0.01M, Peak:0.01M | Scene, ViewLayer | Updating Objects | Applying Static Transformations
Fra:1 Mem:16.53M (Peak 43.69M) | Time:00:00.10 | Mem:0.01M, Peak:0.01M | Scene, ViewLayer | Updating Mesh | Computing attributes
Fra:1 Mem:16.80M (Peak 43.69M) | Time:00:00.10 | Mem:0.01M, Peak:0.01M | Scene, ViewLayer | Updating Mesh | Copying Attributes to device
Fra:1 Mem:16.80M (Peak 43.69M) | Time:00:00.10 | Mem:0.27M, Peak:0.27M | Scene, ViewLayer | Updating Geometry BVH light 8/7 | Building BVH
Fra:1 Mem:16.80M (Peak 43.69M) | Time:00:00.10 | Mem:0.27M, Peak:0.27M | Scene, ViewLayer | Updating Geometry BVH light 8/7 | Building OptiX acceleration structure
Fra:1 Mem:16.80M (Peak 43.69M) | Time:00:00.10 | Mem:0.27M, Peak:0.27M | Scene, ViewLayer | Updating Geometry BVH TopSoft 7/7 | Building BVH
Fra:1 Mem:16.80M (Peak 43.69M) | Time:00:00.10 | Mem:0.27M, Peak:0.27M | Scene, ViewLayer | Updating Geometry BVH TopSoft 7/7 | Building OptiX acceleration structure
Fra:1 Mem:16.80M (Peak 43.69M) | Time:00:00.10 | Mem:0.27M, Peak:0.27M | Scene, ViewLayer | Updating Geometry BVH RightFill 6/7 | Building BVH
Fra:1 Mem:16.80M (Peak 43.69M) | Time:00:00.10 | Mem:0.27M, Peak:0.27M | Scene, ViewLayer | Updating Geometry BVH RightFill 6/7 | Building OptiX acceleration structure
Fra:1 Mem:16.80M (Peak 43.69M) | Time:00:00.10 | Mem:0.27M, Peak:0.27M | Scene, ViewLayer | Updating Geometry BVH FrontKey 3/7 | Building BVH
Fra:1 Mem:16.80M (Peak 43.69M) | Time:00:00.10 | Mem:0.27M, Peak:0.27M | Scene, ViewLayer | Updating Geometry BVH BackFill 4/7 | Building OptiX acceleration structure
Fra:1 Mem:16.80M (Peak 43.69M) | Time:00:00.10 | Mem:0.27M, Peak:0.27M | Scene, ViewLayer | Updating Geometry BVH 2 2/7 | Building BVH
Fra:1 Mem:16.80M (Peak 43.69M) | Time:00:00.10 | Mem:0.27M, Peak:0.27M | Scene, ViewLayer | Updating Geometry BVH 2 2/7 | Building OptiX acceleration structure
Fra:1 Mem:16.80M (Peak 43.69M) | Time:00:00.11 | Mem:1.38M, Peak:4.73M | Scene, ViewLayer | Updating Scene BVH | Building
Fra:1 Mem:16.80M (Peak 43.69M) | Time:00:00.11 | Mem:1.38M, Peak:4.73M | Scene, ViewLayer | Updating Scene BVH | Building OptiX acceleration structure
Fra:1 Mem:16.80M (Peak 43.69M) | Time:00:00.11 | Mem:1.38M, Peak:4.73M | Scene, ViewLayer | Updating Scene BVH | Copying BVH to device
Fra:1 Mem:16.80M (Peak 43.69M) | Time:00:00.11 | Mem:1.38M, Peak:4.73M | Scene, ViewLayer | Updating Mesh | Computing normals
Fra:1 Mem:18.03M (Peak 43.69M) | Time:00:00.11 | Mem:1.38M, Peak:4.73M | Scene, ViewLayer | Updating Mesh | Copying Mesh to device
Fra:1 Mem:18.03M (Peak 43.69M) | Time:00:00.11 | Mem:2.61M, Peak:4.73M | Scene, ViewLayer | Updating Objects Flags
Fra:1 Mem:18.03M (Peak 43.69M) | Time:00:00.11 | Mem:2.61M, Peak:4.73M | Scene, ViewLayer | Updating Primitive Offsets
Fra:1 Mem:18.03M (Peak 43.69M) | Time:00:00.11 | Mem:2.61M, Peak:4.73M | Scene, ViewLayer | Updating Images
Fra:1 Mem:18.03M (Peak 43.69M) | Time:00:00.11 | Mem:2.61M, Peak:4.73M | Scene, ViewLayer | Updating Camera Volume
Fra:1 Mem:18.03M (Peak 43.69M) | Time:00:00.11 | Mem:2.61M, Peak:4.73M | Scene, ViewLayer | Updating Lookup Tables
Fra:1 Mem:18.03M (Peak 43.69M) | Time:00:00.11 | Mem:2.69M, Peak:4.73M | Scene, ViewLayer | Updating Lights
Fra:1 Mem:18.03M (Peak 43.69M) | Time:00:00.11 | Mem:2.70M, Peak:4.73M | Scene, ViewLayer | Updating Lights | Computing tree
Fra:1 Mem:18.03M (Peak 43.69M) | Time:00:00.11 | Mem:2.70M, Peak:4.73M | Scene, ViewLayer | Updating Integrator
Fra:1 Mem:18.03M (Peak 43.69M) | Time:00:00.11 | Mem:2.70M, Peak:4.73M | Scene, ViewLayer | Updating Film
Fra:1 Mem:18.04M (Peak 43.69M) | Time:00:00.11 | Mem:2.62M, Peak:4.73M | Scene, ViewLayer | Updating Lookup Tables
Fra:1 Mem:18.04M (Peak 43.69M) | Time:00:00.11 | Mem:2.70M, Peak:4.73M | Scene, ViewLayer | Updating Baking
Fra:1 Mem:18.04M (Peak 43.69M) | Time:00:00.11 | Mem:2.70M, Peak:4.73M | Scene, ViewLayer | Updating Device | Writing constant memory
Fra:1 Mem:18.04M (Peak 43.69M) | Time:00:00.11 | Mem:2.70M, Peak:4.73M | Scene, ViewLayer | Loading denoising kernels (may take a few minutes the first time)
Fra:1 Mem:31.36M (Peak 43.69M) | Time:00:00.11 | Mem:1174.20M, Peak:1174.20M | Scene, ViewLayer | Sample 0/8
Fra:1 Mem:36.11M (Peak 43.69M) | Time:00:00.12 | Remaining:00:00.01 | Mem:1178.95M, Peak:1178.95M | Scene, ViewLayer | Sample 1/8
Fra:1 Mem:38.11M (Peak 43.69M) | Time:00:00.13 | Mem:1232.53M, Peak:1234.03M | Scene, ViewLayer | Sample 8/8
Fra:1 Mem:38.11M (Peak 43.69M) | Time:00:00.13 | Mem:1232.53M, Peak:1234.03M | Scene, ViewLayer | Finished
Saved: '/tmp/pose_2_90ffw90m/probe.png'
Time: 00:00.18 (Saving: 00:00.00)

Fra:1 Mem:14.88M (Peak 14.88M) | Time:00:00.04 | Mem:0.00M, Peak:0.00M | Scene, ViewLayer | Synchronizing object | 2
Fra:1 Mem:14.88M (Peak 14.88M) | Time:00:00.04 | Mem:0.00M, Peak:0.00M | Scene, ViewLayer | Synchronizing object | BackFill
Fra:1 Mem:14.89M (Peak 14.89M) | Time:00:00.04 | Mem:0.00M, Peak:0.00M | Scene, ViewLayer | Synchronizing object | RightFill
Fra:1 Mem:14.89M (Peak 14.89M) | Time:00:00.04 | Mem:0.00M, Peak:0.00M | Scene, ViewLayer | Synchronizing object | TopSoft
Fra:1 Mem:16.69M (Peak 17.04M) | Time:00:00.04 | Mem:0.00M, Peak:0.00M | Scene, ViewLayer | Initializing
Fra:1 Mem:16.45M (Peak 17.04M) | Time:00:00.04 | Mem:0.00M, Peak:0.00M | Scene, ViewLayer | Waiting for render to start
Fra:1 Mem:16.45M (Peak 17.04M) | Time:00:00.04 | Mem:0.00M, Peak:0.00M | Scene, ViewLayer | Updating Scene
Fra:1 Mem:16.45M (Peak 17.04M) | Time:00:00.04 | Mem:0.00M, Peak:0.00M | Scene, ViewLayer | Updating Shaders
Fra:1 Mem:16.53M (Peak 17.04M) | Time:00:00.04 | Mem:0.00M, Peak:0.00M | Scene, ViewLayer | Loading render kernels (may take a few minutes the first time)
Fra:1 Mem:16.53M (Peak 43.69M) | Time:00:00.10 | Mem:0.01M, Peak:0.01M | Scene, ViewLayer | Updating Procedurals
Fra:1 Mem:16.53M (Peak 43.69M) | Time:00:00.10 | Mem:0.01M, Peak:0.01M | Scene, ViewLayer | Updating Background
Fra:1 Mem:16.53M (Peak 43.69M) | Time:00:00.10 | Mem:0.01M, Peak:0.01M | Scene, ViewLayer | Updating Camera
Fra:1 Mem:16.53M (Peak 43.69M) | Time:00:00.10 | Mem:0.01M, Peak:0.01M | Scene, ViewLayer | Updating Meshes Flags
Fra:1 Mem:16.53M (Peak 43.69M) | Time:00:00.10 | Mem:0.01M, Peak:0.01M | Scene, ViewLayer | Updating Objects
Fra:1 Mem:16.53M (Peak 43.69M) | Time:00:00.10 | Mem:0.01M, Peak:0.01M | Scene, ViewLayer | Updating Objects | Copying Transformations to device
Fra:1 Mem:16.53M (Peak 43.69M) | Time:00:00.10 | Mem:0.01M, Peak:0.01M | Scene, ViewLayer | Updating Particle Systems
Fra:1 Mem:16.53M (Peak 43.69M) | Time:00:00.10 | Mem:0.01M, Peak:0.01M | Scene, ViewLayer | Updating Particle Systems | Copying Particles to device
Fra:1 Mem:16.53M (Peak 43.69M) | Time:00:00.10 | Mem:0.01M, Peak:0.01M | Scene, ViewLayer | Updating Meshes
Fra:1 Mem:16.53M (Peak 43.69M) | Time:00:00.10 | Mem:0.01M, Peak:0.01M | Scene, ViewLayer | Updating Objects | Applying Static Transformations
Fra:1 Mem:16.53M (Peak 43.69M) | Time:00:00.10 | Mem:0.01M, Peak:0.01M | Scene, ViewLayer | Updating Mesh | Computing attributes
Fra:1 Mem:16.80M (Peak 43.69M) | Time:00:00.10 | Mem:0.01M, Peak:0.01M | Scene, ViewLayer | Updating Mesh | Copying Attributes to device
Fra:1 Mem:16.80M (Peak 43.69M) | Time:00:00.10 | Mem:0.27M, Peak:0.27M | Scene, ViewLayer | Updating Geometry BVH light 8/7 | Building BVH
Fra:1 Mem:16.80M (Peak 43.69M) | Time:00:00.10 | Mem:0.27M, Peak:0.27M | Scene, ViewLayer | Updating Geometry BVH light 8/7 | Building OptiX acceleration structure
Fra:1 Mem:16.80M (Peak 43.69M) | Time:00:00.10 | Mem:0.27M, Peak:0.27M | Scene, ViewLayer | Updating Geometry BVH TopSoft 7/7 | Building BVH
Fra:1 Mem:16.80M (Peak 43.69M) | Time:00:00.10 | Mem:0.27M, Peak:0.27M | Scene, ViewLayer | Updating Geometry BVH TopSoft 7/7 | Building OptiX acceleration structure
Fra:1 Mem:16.80M (Peak 43.69M) | Time:00:00.10 | Mem:0.27M, Peak:0.27M | Scene, ViewLayer | Updating Geometry BVH RightFill 6/7 | Building BVH
Fra:1 Mem:16.80M (Peak 43.69M) | Time:00:00.10 | Mem:0.27M, Peak:0.27M | Scene, ViewLayer | Updating Geometry BVH FrontKey 3/7 | Building BVH
Fra:1 Mem:16.80M (Peak 43.69M) | Time:00:00.10 | Mem:0.27M, Peak:0.27M | Scene, ViewLayer | Updating Geometry BVH BackFill 4/7 | Building OptiX acceleration structure
Fra:1 Mem:16.80M (Peak 43.69M) | Time:00:00.10 | Mem:0.27M, Peak:0.27M | Scene, ViewLayer | Updating Geometry BVH 2 2/7 | Building BVH
Fra:1 Mem:16.80M (Peak 43.69M) | Time:00:00.10 | Mem:0.27M, Peak:0.27M | Scene, ViewLayer | Updating Geometry BVH 2 2/7 | Building OptiX acceleration structure
Fra:1 Mem:16.80M (Peak 43.69M) | Time:00:00.10 | Mem:1.38M, Peak:4.73M | Scene, ViewLayer | Updating Scene BVH | Building
Fra:1 Mem:16.80M (Peak 43.69M) | Time:00:00.10 | Mem:1.38M, Peak:4.73M | Scene, ViewLayer | Updating Scene BVH | Building OptiX acceleration structure
Fra:1 Mem:16.80M (Peak 43.69M) | Time:00:00.10 | Mem:1.38M, Peak:4.73M | Scene, ViewLayer | Updating Scene BVH | Copying BVH to device
Fra:1 Mem:16.80M (Peak 43.69M) | Time:00:00.10 | Mem:1.38M, Peak:4.73M | Scene, ViewLayer | Updating Mesh | Computing normals
Fra:1 Mem:18.03M (Peak 43.69M) | Time:00:00.11 | Mem:1.38M, Peak:4.73M | Scene, ViewLayer | Updating Mesh | Copying Mesh to device
Fra:1 Mem:18.03M (Peak 43.69M) | Time:00:00.11 | Mem:2.62M, Peak:4.73M | Scene, ViewLayer | Updating Objects Flags
Fra:1 Mem:18.03M (Peak 43.69M) | Time:00:00.11 | Mem:2.62M, Peak:4.73M | Scene, ViewLayer | Updating Primitive Offsets
Fra:1 Mem:18.03M (Peak 43.69M) | Time:00:00.11 | Mem:2.62M, Peak:4.73M | Scene, ViewLayer | Updating Images
Fra:1 Mem:18.03M (Peak 43.69M) | Time:00:00.11 | Mem:2.62M, Peak:4.73M | Scene, ViewLayer | Updating Camera Volume
Fra:1 Mem:18.03M (Peak 43.69M) | Time:00:00.11 | Mem:2.62M, Peak:4.73M | Scene, ViewLayer | Updating Lookup Tables
Fra:1 Mem:18.03M (Peak 43.69M) | Time:00:00.11 | Mem:2.70M, Peak:4.73M | Scene, ViewLayer | Updating Lights
Fra:1 Mem:18.03M (Peak 43.69M) | Time:00:00.11 | Mem:2.70M, Peak:4.73M | Scene, ViewLayer | Updating Lights | Computing tree
Fra:1 Mem:18.03M (Peak 43.69M) | Time:00:00.11 | Mem:2.70M, Peak:4.73M | Scene, ViewLayer | Updating Integrator
Fra:1 Mem:18.03M (Peak 43.69M) | Time:00:00.11 | Mem:2.70M, Peak:4.73M | Scene, ViewLayer | Updating Film
Fra:1 Mem:18.04M (Peak 43.69M) | Time:00:00.11 | Mem:2.62M, Peak:4.73M | Scene, ViewLayer | Updating Lookup Tables
Fra:1 Mem:18.04M (Peak 43.69M) | Time:00:00.11 | Mem:2.70M, Peak:4.73M | Scene, ViewLayer | Updating Baking
Fra:1 Mem:18.04M (Peak 43.69M) | Time:00:00.11 | Mem:2.70M, Peak:4.73M | Scene, ViewLayer | Updating Device | Writing constant memory
Fra:1 Mem:18.04M (Peak 43.69M) | Time:00:00.11 | Mem:2.70M, Peak:4.73M | Scene, ViewLayer | Loading denoising kernels (may take a few minutes the first time)
Fra:1 Mem:31.36M (Peak 43.69M) | Time:00:00.11 | Mem:1174.21M, Peak:1174.21M | Scene, ViewLayer | Sample 0/8
Fra:1 Mem:36.11M (Peak 43.69M) | Time:00:00.11 | Remaining:00:00.01 | Mem:1178.96M, Peak:1178.96M | Scene, ViewLayer | Sample 1/8
Fra:1 Mem:38.11M (Peak 43.69M) | Time:00:00.13 | Mem:1232.53M, Peak:1234.03M | Scene, ViewLayer | Sample 8/8
Fra:1 Mem:38.11M (Peak 43.69M) | Time:00:00.13 | Mem:1232.53M, Peak:1234.03M | Scene, ViewLayer | Finished
Saved: '/tmp/pose_2_90ffw90m/probe.png'
Time: 00:00.18 (Saving: 00:00.00)

Fra:1 Mem:14.88M (Peak 14.88M) | Time:00:00.04 | Mem:0.00M, Peak:0.00M | Scene, ViewLayer | Synchronizing object | 2
Fra:1 Mem:14.88M (Peak 14.88M) | Time:00:00.04 | Mem:0.00M, Peak:0.00M | Scene, ViewLayer | Synchronizing object | BackFill
Fra:1 Mem:14.89M (Peak 14.89M) | Time:00:00.04 | Mem:0.00M, Peak:0.00M | Scene, ViewLayer | Synchronizing object | TopSoft
Fra:1 Mem:16.69M (Peak 17.05M) | Time:00:00.04 | Mem:0.00M, Peak:0.00M | Scene, ViewLayer | Initializing
Fra:1 Mem:16.45M (Peak 17.05M) | Time:00:00.04 | Mem:0.00M, Peak:0.00M | Scene, ViewLayer | Waiting for render to start
Fra:1 Mem:16.45M (Peak 17.05M) | Time:00:00.04 | Mem:0.00M, Peak:0.00M | Scene, ViewLayer | Updating Scene
Fra:1 Mem:16.45M (Peak 17.05M) | Time:00:00.04 | Mem:0.00M, Peak:0.00M | Scene, ViewLayer | Updating Shaders
Fra:1 Mem:16.53M (Peak 17.05M) | Time:00:00.04 | Mem:0.00M, Peak:0.00M | Scene, ViewLayer | Loading render kernels (may take a few minutes the first time)
Fra:1 Mem:16.53M (Peak 43.69M) | Time:00:00.10 | Mem:0.01M, Peak:0.01M | Scene, ViewLayer | Updating Procedurals
Fra:1 Mem:16.53M (Peak 43.69M) | Time:00:00.10 | Mem:0.01M, Peak:0.01M | Scene, ViewLayer | Updating Background
Fra:1 Mem:16.53M (Peak 43.69M) | Time:00:00.10 | Mem:0.01M, Peak:0.01M | Scene, ViewLayer | Updating Camera
Fra:1 Mem:16.53M (Peak 43.69M) | Time:00:00.10 | Mem:0.01M, Peak:0.01M | Scene, ViewLayer | Updating Meshes Flags
Fra:1 Mem:16.53M (Peak 43.69M) | Time:00:00.10 | Mem:0.01M, Peak:0.01M | Scene, ViewLayer | Updating Objects
Fra:1 Mem:16.53M (Peak 43.69M) | Time:00:00.10 | Mem:0.01M, Peak:0.01M | Scene, ViewLayer | Updating Objects | Copying Transformations to device
Fra:1 Mem:16.53M (Peak 43.69M) | Time:00:00.10 | Mem:0.01M, Peak:0.01M | Scene, ViewLayer | Updating Particle Systems
Fra:1 Mem:16.53M (Peak 43.69M) | Time:00:00.10 | Mem:0.01M, Peak:0.01M | Scene, ViewLayer | Updating Particle Systems | Copying Particles to device
Fra:1 Mem:16.53M (Peak 43.69M) | Time:00:00.10 | Mem:0.01M, Peak:0.01M | Scene, ViewLayer | Updating Meshes
Fra:1 Mem:16.53M (Peak 43.69M) | Time:00:00.10 | Mem:0.01M, Peak:0.01M | Scene, ViewLayer | Updating Objects | Applying Static Transformations
Fra:1 Mem:16.53M (Peak 43.69M) | Time:00:00.10 | Mem:0.01M, Peak:0.01M | Scene, ViewLayer | Updating Mesh | Computing attributes
Fra:1 Mem:16.80M (Peak 43.69M) | Time:00:00.10 | Mem:0.01M, Peak:0.01M | Scene, ViewLayer | Updating Mesh | Copying Attributes to device
Fra:1 Mem:16.80M (Peak 43.69M) | Time:00:00.10 | Mem:0.27M, Peak:0.27M | Scene, ViewLayer | Updating Geometry BVH light 8/7 | Building BVH
Fra:1 Mem:16.80M (Peak 43.69M) | Time:00:00.10 | Mem:0.27M, Peak:0.27M | Scene, ViewLayer | Updating Geometry BVH light 8/7 | Building OptiX acceleration structure
Fra:1 Mem:16.80M (Peak 43.69M) | Time:00:00.10 | Mem:0.27M, Peak:0.27M | Scene, ViewLayer | Updating Geometry BVH TopSoft 7/7 | Building BVH
Fra:1 Mem:16.80M (Peak 43.69M) | Time:00:00.10 | Mem:0.27M, Peak:0.27M | Scene, ViewLayer | Updating Geometry BVH TopSoft 7/7 | Building OptiX acceleration structure
Fra:1 Mem:16.80M (Peak 43.69M) | Time:00:00.10 | Mem:0.27M, Peak:0.27M | Scene, ViewLayer | Updating Geometry BVH FrontKey 3/7 | Building BVH
Fra:1 Mem:16.80M (Peak 43.69M) | Time:00:00.10 | Mem:0.27M, Peak:0.27M | Scene, ViewLayer | Updating Geometry BVH LeftFill 5/7 | Building OptiX acceleration structure
Fra:1 Mem:16.80M (Peak 43.69M) | Time:00:00.10 | Mem:0.27M, Peak:0.27M | Scene, ViewLayer | Updating Geometry BVH 2 2/7 | Building OptiX acceleration structure
Fra:1 Mem:16.80M (Peak 43.69M) | Time:00:00.10 | Mem:1.37M, Peak:4.73M | Scene, ViewLayer | Updating Scene BVH | Building
Fra:1 Mem:16.80M (Peak 43.69M) | Time:00:00.10 | Mem:1.37M, Peak:4.73M | Scene, ViewLayer | Updating Scene BVH | Building OptiX acceleration structure
Fra:1 Mem:16.80M (Peak 43.69M) | Time:00:00.10 | Mem:1.38M, Peak:4.73M | Scene, ViewLayer | Updating Scene BVH | Copying BVH to device
Fra:1 Mem:16.80M (Peak 43.69M) | Time:00:00.10 | Mem:1.38M, Peak:4.73M | Scene, ViewLayer | Updating Mesh | Computing normals
Fra:1 Mem:18.03M (Peak 43.69M) | Time:00:00.10 | Mem:1.38M, Peak:4.73M | Scene, ViewLayer | Updating Mesh | Copying Mesh to device
Fra:1 Mem:18.03M (Peak 43.69M) | Time:00:00.10 | Mem:2.61M, Peak:4.73M | Scene, ViewLayer | Updating Objects Flags
Fra:1 Mem:18.03M (Peak 43.69M) | Time:00:00.10 | Mem:2.61M, Peak:4.73M | Scene, ViewLayer | Updating Primitive Offsets
Fra:1 Mem:18.03M (Peak 43.69M) | Time:00:00.10 | Mem:2.61M, Peak:4.73M | Scene, ViewLayer | Updating Images
Fra:1 Mem:18.03M (Peak 43.69M) | Time:00:00.10 | Mem:2.61M, Peak:4.73M | Scene, ViewLayer | Updating Camera Volume
Fra:1 Mem:18.03M (Peak 43.69M) | Time:00:00.10 | Mem:2.61M, Peak:4.73M | Scene, ViewLayer | Updating Lookup Tables
Fra:1 Mem:18.03M (Peak 43.69M) | Time:00:00.10 | Mem:2.69M, Peak:4.73M | Scene, ViewLayer | Updating Lights
Fra:1 Mem:18.03M (Peak 43.69M) | Time:00:00.10 | Mem:2.69M, Peak:4.73M | Scene, ViewLayer | Updating Lights | Computing tree
Fra:1 Mem:18.03M (Peak 43.69M) | Time:00:00.11 | Mem:2.69M, Peak:4.73M | Scene, ViewLayer | Updating Integrator
Fra:1 Mem:18.03M (Peak 43.69M) | Time:00:00.11 | Mem:2.69M, Peak:4.73M | Scene, ViewLayer | Updating Film
Fra:1 Mem:18.04M (Peak 43.69M) | Time:00:00.11 | Mem:2.61M, Peak:4.73M | Scene, ViewLayer | Updating Lookup Tables
Fra:1 Mem:18.04M (Peak 43.69M) | Time:00:00.11 | Mem:2.70M, Peak:4.73M | Scene, ViewLayer | Updating Baking
Fra:1 Mem:18.04M (Peak 43.69M) | Time:00:00.11 | Mem:2.70M, Peak:4.73M | Scene, ViewLayer | Updating Device | Writing constant memory
Fra:1 Mem:18.04M (Peak 43.69M) | Time:00:00.11 | Mem:2.70M, Peak:4.73M | Scene, ViewLayer | Loading denoising kernels (may take a few minutes the first time)
Fra:1 Mem:31.36M (Peak 43.69M) | Time:00:00.11 | Mem:1174.20M, Peak:1174.20M | Scene, ViewLayer | Sample 0/8
Fra:1 Mem:36.11M (Peak 43.69M) | Time:00:00.11 | Remaining:00:00.01 | Mem:1178.95M, Peak:1178.95M | Scene, ViewLayer | Sample 1/8
Fra:1 Mem:38.11M (Peak 43.69M) | Time:00:00.13 | Mem:1232.53M, Peak:1234.03M | Scene, ViewLayer | Sample 8/8
Fra:1 Mem:38.11M (Peak 43.69M) | Time:00:00.13 | Mem:1232.53M, Peak:1234.03M | Scene, ViewLayer | Finished
Saved: '/tmp/pose_2_90ffw90m/probe.png'
Time: 00:00.18 (Saving: 00:00.00)

Fra:1 Mem:15.09M (Peak 15.09M) | Time:00:00.04 | Mem:0.00M, Peak:0.00M | Scene, ViewLayer | Synchronizing object | 2
Fra:1 Mem:15.10M (Peak 15.10M) | Time:00:00.04 | Mem:0.00M, Peak:0.00M | Scene, ViewLayer | Synchronizing object | FrontKey
Fra:1 Mem:15.10M (Peak 15.10M) | Time:00:00.04 | Mem:0.00M, Peak:0.00M | Scene, ViewLayer | Synchronizing object | RightFill
Fra:1 Mem:16.20M (Peak 16.20M) | Time:00:00.04 | Mem:0.00M, Peak:0.00M | Scene, ViewLayer | Synchronizing object | TopSoft
Fra:1 Mem:16.90M (Peak 17.26M) | Time:00:00.04 | Mem:0.00M, Peak:0.00M | Scene, ViewLayer | Initializing
Fra:1 Mem:16.60M (Peak 17.26M) | Time:00:00.04 | Mem:0.00M, Peak:0.00M | Scene, ViewLayer | Waiting for render to start
Fra:1 Mem:16.60M (Peak 17.26M) | Time:00:00.04 | Mem:0.00M, Peak:0.00M | Scene, ViewLayer | Updating Scene
Fra:1 Mem:16.60M (Peak 17.26M) | Time:00:00.04 | Mem:0.00M, Peak:0.00M | Scene, ViewLayer | Updating Shaders
Fra:1 Mem:16.68M (Peak 17.26M) | Time:00:00.04 | Mem:0.00M, Peak:0.00M | Scene, ViewLayer | Loading render kernels (may take a few minutes the first time)
Fra:1 Mem:16.68M (Peak 43.85M) | Time:00:00.10 | Mem:0.01M, Peak:0.01M | Scene, ViewLayer | Updating Procedurals
Fra:1 Mem:16.68M (Peak 43.85M) | Time:00:00.10 | Mem:0.01M, Peak:0.01M | Scene, ViewLayer | Updating Background
Fra:1 Mem:16.68M (Peak 43.85M) | Time:00:00.10 | Mem:0.01M, Peak:0.01M | Scene, ViewLayer | Updating Camera
Fra:1 Mem:16.68M (Peak 43.85M) | Time:00:00.10 | Mem:0.01M, Peak:0.01M | Scene, ViewLayer | Updating Meshes Flags
Fra:1 Mem:16.68M (Peak 43.85M) | Time:00:00.10 | Mem:0.01M, Peak:0.01M | Scene, ViewLayer | Updating Objects
Fra:1 Mem:16.68M (Peak 43.85M) | Time:00:00.10 | Mem:0.01M, Peak:0.01M | Scene, ViewLayer | Updating Objects | Copying Transformations to device
Fra:1 Mem:16.68M (Peak 43.85M) | Time:00:00.10 | Mem:0.01M, Peak:0.01M | Scene, ViewLayer | Updating Particle Systems
Fra:1 Mem:16.68M (Peak 43.85M) | Time:00:00.10 | Mem:0.01M, Peak:0.01M | Scene, ViewLayer | Updating Particle Systems | Copying Particles to device
Fra:1 Mem:16.68M (Peak 43.85M) | Time:00:00.10 | Mem:0.01M, Peak:0.01M | Scene, ViewLayer | Updating Meshes
Fra:1 Mem:19.33M (Peak 43.85M) | Time:00:00.14 | Mem:0.01M, Peak:0.01M | Scene, ViewLayer | Updating Objects | Applying Static Transformations
Fra:1 Mem:19.33M (Peak 43.85M) | Time:00:00.14 | Mem:0.01M, Peak:0.01M | Scene, ViewLayer | Updating Mesh | Computing attributes
Fra:1 Mem:21.71M (Peak 43.85M) | Time:00:00.14 | Mem:0.01M, Peak:0.01M | Scene, ViewLayer | Updating Mesh | Copying Attributes to device
Fra:1 Mem:21.71M (Peak 43.85M) | Time:00:00.14 | Mem:2.39M, Peak:2.39M | Scene, ViewLayer | Updating Geometry BVH light 8/7 | Building BVH
Fra:1 Mem:21.71M (Peak 43.85M) | Time:00:00.14 | Mem:2.39M, Peak:2.39M | Scene, ViewLayer | Updating Geometry BVH light 8/7 | Building OptiX acceleration structure
Fra:1 Mem:21.71M (Peak 43.85M) | Time:00:00.14 | Mem:2.39M, Peak:2.39M | Scene, ViewLayer | Updating Geometry BVH TopSoft 7/7 | Building BVH
Fra:1 Mem:21.71M (Peak 43.85M) | Time:00:00.14 | Mem:2.39M, Peak:2.39M | Scene, ViewLayer | Updating Geometry BVH FrontKey 3/7 | Building OptiX acceleration structure
Fra:1 Mem:21.71M (Peak 43.85M) | Time:00:00.14 | Mem:2.39M, Peak:2.39M | Scene, ViewLayer | Updating Geometry BVH RightFill 6/7 | Building BVH
Fra:1 Mem:21.71M (Peak 43.85M) | Time:00:00.14 | Mem:2.39M, Peak:2.39M | Scene, ViewLayer | Updating Geometry BVH 2 2/7 | Building OptiX acceleration structure
Fra:1 Mem:21.71M (Peak 43.85M) | Time:00:00.14 | Mem:3.50M, Peak:6.85M | Scene, ViewLayer | Updating Scene BVH | Building
Fra:1 Mem:21.71M (Peak 43.85M) | Time:00:00.14 | Mem:3.50M, Peak:6.85M | Scene, ViewLayer | Updating Scene BVH | Building OptiX acceleration structure
Fra:1 Mem:21.71M (Peak 43.85M) | Time:00:00.14 | Mem:3.50M, Peak:6.85M | Scene, ViewLayer | Updating Scene BVH | Copying BVH to device
Fra:1 Mem:21.71M (Peak 43.85M) | Time:00:00.14 | Mem:3.50M, Peak:6.85M | Scene, ViewLayer | Updating Mesh | Computing normals
Fra:1 Mem:22.94M (Peak 43.85M) | Time:00:00.15 | Mem:3.50M, Peak:6.85M | Scene, ViewLayer | Updating Mesh | Copying Mesh to device
Fra:1 Mem:22.94M (Peak 43.85M) | Time:00:00.15 | Mem:4.73M, Peak:6.85M | Scene, ViewLayer | Updating Objects Flags
Fra:1 Mem:22.94M (Peak 43.85M) | Time:00:00.15 | Mem:4.73M, Peak:6.85M | Scene, ViewLayer | Updating Primitive Offsets
Fra:1 Mem:22.94M (Peak 43.85M) | Time:00:00.15 | Mem:4.73M, Peak:6.85M | Scene, ViewLayer | Updating Images
Fra:1 Mem:22.94M (Peak 43.85M) | Time:00:00.15 | Mem:4.73M, Peak:6.85M | Scene, ViewLayer | Updating Images | Loading Leather010_1K-JPG_Displacement.jpg
Fra:1 Mem:23.94M (Peak 43.85M) | Time:00:00.15 | Mem:4.73M, Peak:6.85M | Scene, ViewLayer | Updating Images | Loading Leather010_1K-JPG_Color.jpg
Fra:1 Mem:23.94M (Peak 43.85M) | Time:00:00.15 | Mem:4.73M, Peak:6.85M | Scene, ViewLayer | Updating Images | Loading Leather010_1K-JPG_NormalGL.jpg
Fra:1 Mem:32.95M (Peak 43.85M) | Time:00:00.17 | Mem:14.73M, Peak:14.73M | Scene, ViewLayer | Updating Camera Volume
Fra:1 Mem:32.95M (Peak 43.85M) | Time:00:00.17 | Mem:14.73M, Peak:14.73M | Scene, ViewLayer | Updating Lookup Tables
Fra:1 Mem:32.95M (Peak 43.85M) | Time:00:00.17 | Mem:14.81M, Peak:14.81M | Scene, ViewLayer | Updating Lights
Fra:1 Mem:32.95M (Peak 43.85M) | Time:00:00.17 | Mem:14.81M, Peak:14.81M | Scene, ViewLayer | Updating Lights | Computing tree
Fra:1 Mem:32.95M (Peak 43.85M) | Time:00:00.17 | Mem:14.81M, Peak:14.81M | Scene, ViewLayer | Updating Integrator
Fra:1 Mem:32.95M (Peak 43.85M) | Time:00:00.17 | Mem:14.81M, Peak:14.81M | Scene, ViewLayer | Updating Film
Fra:1 Mem:32.96M (Peak 43.85M) | Time:00:00.17 | Mem:14.73M, Peak:14.81M | Scene, ViewLayer | Updating Lookup Tables
Fra:1 Mem:32.96M (Peak 43.85M) | Time:00:00.17 | Mem:14.82M, Peak:14.82M | Scene, ViewLayer | Updating Baking
Fra:1 Mem:32.96M (Peak 43.85M) | Time:00:00.17 | Mem:14.82M, Peak:14.82M | Scene, ViewLayer | Updating Device | Writing constant memory
Fra:1 Mem:32.96M (Peak 43.85M) | Time:00:00.17 | Mem:14.82M, Peak:14.82M | Scene, ViewLayer | Loading denoising kernels (may take a few minutes the first time)
Fra:1 Mem:46.28M (Peak 46.28M) | Time:00:00.18 | Mem:1186.32M, Peak:1186.32M | Scene, ViewLayer | Sample 0/16
Fra:1 Mem:51.03M (Peak 51.03M) | Time:00:00.18 | Remaining:00:00.02 | Mem:1191.08M, Peak:1191.08M | Scene, ViewLayer | Sample 1/16
Fra:1 Mem:53.03M (Peak 56.04M) | Time:00:00.20 | Mem:1244.66M, Peak:1246.16M | Scene, ViewLayer | Sample 16/16
Fra:1 Mem:53.03M (Peak 56.04M) | Time:00:00.20 | Mem:1244.66M, Peak:1246.16M | Scene, ViewLayer | Finished
Saved: '/home/users/samahabd/triad-stimuli-pipeline/data/generated_stimuli/_verify/single/B_controlled_simple/1/texture_match.png'
Time: 00:00.25 (Saving: 00:00.00)

Timer 'STL Import' took 10.72 ms
Fra:1 Mem:13.03M (Peak 13.03M) | Time:00:00.04 | Mem:0.00M, Peak:0.00M | Scene, ViewLayer | Synchronizing object | 2
Fra:1 Mem:13.03M (Peak 13.03M) | Time:00:00.04 | Mem:0.00M, Peak:0.00M | Scene, ViewLayer | Synchronizing object | BackFill
Fra:1 Mem:13.03M (Peak 13.03M) | Time:00:00.04 | Mem:0.00M, Peak:0.00M | Scene, ViewLayer | Synchronizing object | TopSoft
Fra:1 Mem:16.95M (Peak 16.95M) | Time:00:00.04 | Mem:0.00M, Peak:0.00M | Scene, ViewLayer | Initializing
Fra:1 Mem:16.63M (Peak 16.95M) | Time:00:00.04 | Mem:0.00M, Peak:0.00M | Scene, ViewLayer | Waiting for render to start
Fra:1 Mem:16.63M (Peak 16.95M) | Time:00:00.04 | Mem:0.00M, Peak:0.00M | Scene, ViewLayer | Updating Scene
Fra:1 Mem:16.63M (Peak 16.95M) | Time:00:00.04 | Mem:0.00M, Peak:0.00M | Scene, ViewLayer | Updating Shaders
Fra:1 Mem:16.72M (Peak 16.95M) | Time:00:00.04 | Mem:0.00M, Peak:0.00M | Scene, ViewLayer | Loading render kernels (may take a few minutes the first time)
Fra:1 Mem:16.72M (Peak 43.88M) | Time:00:00.11 | Mem:0.01M, Peak:0.01M | Scene, ViewLayer | Updating Procedurals
Fra:1 Mem:16.72M (Peak 43.88M) | Time:00:00.11 | Mem:0.01M, Peak:0.01M | Scene, ViewLayer | Updating Background
Fra:1 Mem:16.72M (Peak 43.88M) | Time:00:00.11 | Mem:0.01M, Peak:0.01M | Scene, ViewLayer | Updating Camera
Fra:1 Mem:16.72M (Peak 43.88M) | Time:00:00.11 | Mem:0.01M, Peak:0.01M | Scene, ViewLayer | Updating Meshes Flags
Fra:1 Mem:16.72M (Peak 43.88M) | Time:00:00.11 | Mem:0.01M, Peak:0.01M | Scene, ViewLayer | Updating Objects
Fra:1 Mem:16.72M (Peak 43.88M) | Time:00:00.11 | Mem:0.01M, Peak:0.01M | Scene, ViewLayer | Updating Objects | Copying Transformations to device
Fra:1 Mem:16.72M (Peak 43.88M) | Time:00:00.11 | Mem:0.01M, Peak:0.01M | Scene, ViewLayer | Updating Particle Systems
Fra:1 Mem:16.72M (Peak 43.88M) | Time:00:00.11 | Mem:0.01M, Peak:0.01M | Scene, ViewLayer | Updating Particle Systems | Copying Particles to device
Fra:1 Mem:16.72M (Peak 43.88M) | Time:00:00.11 | Mem:0.01M, Peak:0.01M | Scene, ViewLayer | Updating Meshes
Fra:1 Mem:19.36M (Peak 43.88M) | Time:00:00.16 | Mem:0.01M, Peak:0.01M | Scene, ViewLayer | Updating Objects | Applying Static Transformations
Fra:1 Mem:19.36M (Peak 43.88M) | Time:00:00.16 | Mem:0.01M, Peak:0.01M | Scene, ViewLayer | Updating Mesh | Computing attributes
Fra:1 Mem:21.74M (Peak 43.88M) | Time:00:00.16 | Mem:0.01M, Peak:0.01M | Scene, ViewLayer | Updating Mesh | Copying Attributes to device
Fra:1 Mem:21.74M (Peak 43.88M) | Time:00:00.16 | Mem:2.39M, Peak:2.39M | Scene, ViewLayer | Updating Geometry BVH light 8/7 | Building BVH
Fra:1 Mem:21.74M (Peak 43.88M) | Time:00:00.16 | Mem:2.39M, Peak:2.39M | Scene, ViewLayer | Updating Geometry BVH light 8/7 | Building OptiX acceleration structure
Fra:1 Mem:21.74M (Peak 43.88M) | Time:00:00.16 | Mem:2.39M, Peak:2.39M | Scene, ViewLayer | Updating Geometry BVH TopSoft 7/7 | Building BVH
Fra:1 Mem:21.74M (Peak 43.88M) | Time:00:00.16 | Mem:2.39M, Peak:2.39M | Scene, ViewLayer | Updating Geometry BVH 2 2/7 | Building BVH
Fra:1 Mem:21.74M (Peak 43.88M) | Time:00:00.16 | Mem:2.39M, Peak:2.39M | Scene, ViewLayer | Updating Geometry BVH 2 2/7 | Building OptiX acceleration structure
Fra:1 Mem:21.74M (Peak 43.88M) | Time:00:00.16 | Mem:3.50M, Peak:6.85M | Scene, ViewLayer | Updating Scene BVH | Building
Fra:1 Mem:21.74M (Peak 43.88M) | Time:00:00.16 | Mem:3.50M, Peak:6.85M | Scene, ViewLayer | Updating Scene BVH | Building OptiX acceleration structure
Fra:1 Mem:21.74M (Peak 43.88M) | Time:00:00.16 | Mem:3.50M, Peak:6.85M | Scene, ViewLayer | Updating Scene BVH | Copying BVH to device
Fra:1 Mem:21.74M (Peak 43.88M) | Time:00:00.16 | Mem:3.50M, Peak:6.85M | Scene, ViewLayer | Updating Mesh | Computing normals
Fra:1 Mem:22.97M (Peak 43.88M) | Time:00:00.16 | Mem:3.50M, Peak:6.85M | Scene, ViewLayer | Updating Mesh | Copying Mesh to device
Fra:1 Mem:22.97M (Peak 43.88M) | Time:00:00.16 | Mem:4.73M, Peak:6.85M | Scene, ViewLayer | Updating Objects Flags
Fra:1 Mem:22.97M (Peak 43.88M) | Time:00:00.16 | Mem:4.73M, Peak:6.85M | Scene, ViewLayer | Updating Primitive Offsets
Fra:1 Mem:22.97M (Peak 43.88M) | Time:00:00.16 | Mem:4.73M, Peak:6.85M | Scene, ViewLayer | Updating Images
Fra:1 Mem:22.97M (Peak 43.88M) | Time:00:00.16 | Mem:4.73M, Peak:6.85M | Scene, ViewLayer | Updating Images | Loading Fabric062_1K-JPG_Color.jpg
Fra:1 Mem:22.97M (Peak 43.88M) | Time:00:00.16 | Mem:4.73M, Peak:6.85M | Scene, ViewLayer | Updating Images | Loading Fabric062_1K-JPG_AmbientOcclusion.jpg
Fra:1 Mem:22.97M (Peak 43.88M) | Time:00:00.16 | Mem:4.73M, Peak:6.85M | Scene, ViewLayer | Updating Images | Loading Fabric062_1K-JPG_NormalGL.jpg
Fra:1 Mem:33.99M (Peak 43.88M) | Time:00:00.18 | Mem:15.73M, Peak:15.73M | Scene, ViewLayer | Updating Camera Volume
Fra:1 Mem:33.99M (Peak 43.88M) | Time:00:00.18 | Mem:15.73M, Peak:15.73M | Scene, ViewLayer | Updating Lookup Tables
Fra:1 Mem:33.99M (Peak 43.88M) | Time:00:00.18 | Mem:15.81M, Peak:15.81M | Scene, ViewLayer | Updating Lights
Fra:1 Mem:33.99M (Peak 43.88M) | Time:00:00.18 | Mem:15.81M, Peak:15.81M | Scene, ViewLayer | Updating Lights | Computing tree
Fra:1 Mem:33.99M (Peak 43.88M) | Time:00:00.18 | Mem:15.81M, Peak:15.81M | Scene, ViewLayer | Updating Integrator
Fra:1 Mem:33.99M (Peak 43.88M) | Time:00:00.18 | Mem:15.81M, Peak:15.81M | Scene, ViewLayer | Updating Film
Fra:1 Mem:33.99M (Peak 43.88M) | Time:00:00.18 | Mem:15.73M, Peak:15.81M | Scene, ViewLayer | Updating Lookup Tables
Fra:1 Mem:33.99M (Peak 43.88M) | Time:00:00.19 | Mem:15.82M, Peak:15.82M | Scene, ViewLayer | Updating Baking
Fra:1 Mem:33.99M (Peak 43.88M) | Time:00:00.19 | Mem:15.82M, Peak:15.82M | Scene, ViewLayer | Updating Device | Writing constant memory
Fra:1 Mem:33.99M (Peak 43.88M) | Time:00:00.19 | Mem:15.82M, Peak:15.82M | Scene, ViewLayer | Loading denoising kernels (may take a few minutes the first time)
Fra:1 Mem:47.31M (Peak 47.31M) | Time:00:00.19 | Mem:1187.32M, Peak:1187.32M | Scene, ViewLayer | Sample 0/16
Fra:1 Mem:52.06M (Peak 52.06M) | Time:00:00.19 | Remaining:00:00.03 | Mem:1192.08M, Peak:1192.08M | Scene, ViewLayer | Sample 1/16
Fra:1 Mem:54.07M (Peak 57.07M) | Time:00:00.21 | Mem:1245.66M, Peak:1247.16M | Scene, ViewLayer | Sample 16/16
Fra:1 Mem:54.07M (Peak 57.07M) | Time:00:00.21 | Mem:1245.66M, Peak:1247.16M | Scene, ViewLayer | Finished
Saved: '/home/users/samahabd/triad-stimuli-pipeline/data/generated_stimuli/_verify/single/B_controlled_simple/2/reference.png'
Time: 00:00.27 (Saving: 00:00.00)

Timer 'STL Import' took 11.76 ms
Fra:1 Mem:12.82M (Peak 12.82M) | Time:00:00.04 | Mem:0.00M, Peak:0.00M | Scene, ViewLayer | Synchronizing object | 2
Fra:1 Mem:12.82M (Peak 12.82M) | Time:00:00.04 | Mem:0.00M, Peak:0.00M | Scene, ViewLayer | Synchronizing object | LeftFill
Fra:1 Mem:12.82M (Peak 12.82M) | Time:00:00.04 | Mem:0.00M, Peak:0.00M | Scene, ViewLayer | Synchronizing object | TopSoft
Fra:1 Mem:16.74M (Peak 16.74M) | Time:00:00.04 | Mem:0.00M, Peak:0.00M | Scene, ViewLayer | Initializing
Fra:1 Mem:16.50M (Peak 16.74M) | Time:00:00.04 | Mem:0.00M, Peak:0.00M | Scene, ViewLayer | Waiting for render to start
Fra:1 Mem:16.50M (Peak 16.74M) | Time:00:00.04 | Mem:0.00M, Peak:0.00M | Scene, ViewLayer | Updating Scene
Fra:1 Mem:16.50M (Peak 16.74M) | Time:00:00.04 | Mem:0.00M, Peak:0.00M | Scene, ViewLayer | Updating Shaders
Fra:1 Mem:16.58M (Peak 16.74M) | Time:00:00.04 | Mem:0.00M, Peak:0.00M | Scene, ViewLayer | Loading render kernels (may take a few minutes the first time)
Fra:1 Mem:16.58M (Peak 43.74M) | Time:00:00.11 | Mem:0.01M, Peak:0.01M | Scene, ViewLayer | Updating Procedurals
Fra:1 Mem:16.58M (Peak 43.74M) | Time:00:00.11 | Mem:0.01M, Peak:0.01M | Scene, ViewLayer | Updating Background
Fra:1 Mem:16.58M (Peak 43.74M) | Time:00:00.11 | Mem:0.01M, Peak:0.01M | Scene, ViewLayer | Updating Camera
Fra:1 Mem:16.58M (Peak 43.74M) | Time:00:00.11 | Mem:0.01M, Peak:0.01M | Scene, ViewLayer | Updating Meshes Flags
Fra:1 Mem:16.58M (Peak 43.74M) | Time:00:00.11 | Mem:0.01M, Peak:0.01M | Scene, ViewLayer | Updating Objects
Fra:1 Mem:16.58M (Peak 43.74M) | Time:00:00.11 | Mem:0.01M, Peak:0.01M | Scene, ViewLayer | Updating Objects | Copying Transformations to device
Fra:1 Mem:16.58M (Peak 43.74M) | Time:00:00.11 | Mem:0.01M, Peak:0.01M | Scene, ViewLayer | Updating Particle Systems
Fra:1 Mem:16.58M (Peak 43.74M) | Time:00:00.11 | Mem:0.01M, Peak:0.01M | Scene, ViewLayer | Updating Particle Systems | Copying Particles to device
Fra:1 Mem:16.58M (Peak 43.74M) | Time:00:00.11 | Mem:0.01M, Peak:0.01M | Scene, ViewLayer | Updating Meshes
Fra:1 Mem:16.58M (Peak 43.74M) | Time:00:00.11 | Mem:0.01M, Peak:0.01M | Scene, ViewLayer | Updating Objects | Applying Static Transformations
Fra:1 Mem:16.58M (Peak 43.74M) | Time:00:00.11 | Mem:0.01M, Peak:0.01M | Scene, ViewLayer | Updating Mesh | Computing attributes
Fra:1 Mem:16.85M (Peak 43.74M) | Time:00:00.11 | Mem:0.01M, Peak:0.01M | Scene, ViewLayer | Updating Mesh | Copying Attributes to device
Fra:1 Mem:16.85M (Peak 43.74M) | Time:00:00.11 | Mem:0.27M, Peak:0.27M | Scene, ViewLayer | Updating Geometry BVH light 8/7 | Building BVH
Fra:1 Mem:16.85M (Peak 43.74M) | Time:00:00.11 | Mem:0.27M, Peak:0.27M | Scene, ViewLayer | Updating Geometry BVH light 8/7 | Building OptiX acceleration structure
Fra:1 Mem:16.85M (Peak 43.74M) | Time:00:00.11 | Mem:0.27M, Peak:0.27M | Scene, ViewLayer | Updating Geometry BVH TopSoft 7/7 | Building BVH
Fra:1 Mem:16.85M (Peak 43.74M) | Time:00:00.11 | Mem:0.27M, Peak:0.27M | Scene, ViewLayer | Updating Geometry BVH TopSoft 7/7 | Building OptiX acceleration structure
Fra:1 Mem:16.85M (Peak 43.74M) | Time:00:00.11 | Mem:0.27M, Peak:0.27M | Scene, ViewLayer | Updating Geometry BVH RightFill 6/7 | Building BVH
Fra:1 Mem:16.85M (Peak 43.74M) | Time:00:00.11 | Mem:0.27M, Peak:0.27M | Scene, ViewLayer | Updating Geometry BVH RightFill 6/7 | Building OptiX acceleration structure
Fra:1 Mem:16.85M (Peak 43.74M) | Time:00:00.11 | Mem:0.27M, Peak:0.27M | Scene, ViewLayer | Updating Geometry BVH LeftFill 5/7 | Building BVH
Fra:1 Mem:16.85M (Peak 43.74M) | Time:00:00.11 | Mem:0.27M, Peak:0.27M | Scene, ViewLayer | Updating Geometry BVH FrontKey 3/7 | Building OptiX acceleration structure
Fra:1 Mem:16.85M (Peak 43.74M) | Time:00:00.11 | Mem:0.27M, Peak:0.27M | Scene, ViewLayer | Updating Geometry BVH 2 2/7 | Building BVH
Fra:1 Mem:16.85M (Peak 43.74M) | Time:00:00.11 | Mem:0.27M, Peak:0.27M | Scene, ViewLayer | Updating Geometry BVH 2 2/7 | Building OptiX acceleration structure
Fra:1 Mem:16.85M (Peak 43.74M) | Time:00:00.11 | Mem:1.38M, Peak:4.73M | Scene, ViewLayer | Updating Scene BVH | Building
Fra:1 Mem:16.85M (Peak 43.74M) | Time:00:00.11 | Mem:1.38M, Peak:4.73M | Scene, ViewLayer | Updating Scene BVH | Building OptiX acceleration structure
Fra:1 Mem:16.85M (Peak 43.74M) | Time:00:00.11 | Mem:1.38M, Peak:4.73M | Scene, ViewLayer | Updating Scene BVH | Copying BVH to device
Fra:1 Mem:16.85M (Peak 43.74M) | Time:00:00.11 | Mem:1.38M, Peak:4.73M | Scene, ViewLayer | Updating Mesh | Computing normals
Fra:1 Mem:18.08M (Peak 43.74M) | Time:00:00.11 | Mem:1.38M, Peak:4.73M | Scene, ViewLayer | Updating Mesh | Copying Mesh to device
Fra:1 Mem:18.08M (Peak 43.74M) | Time:00:00.11 | Mem:2.61M, Peak:4.73M | Scene, ViewLayer | Updating Objects Flags
Fra:1 Mem:18.08M (Peak 43.74M) | Time:00:00.11 | Mem:2.62M, Peak:4.73M | Scene, ViewLayer | Updating Primitive Offsets
Fra:1 Mem:18.08M (Peak 43.74M) | Time:00:00.11 | Mem:2.62M, Peak:4.73M | Scene, ViewLayer | Updating Images
Fra:1 Mem:18.08M (Peak 43.74M) | Time:00:00.11 | Mem:2.62M, Peak:4.73M | Scene, ViewLayer | Updating Camera Volume
Fra:1 Mem:18.08M (Peak 43.74M) | Time:00:00.11 | Mem:2.62M, Peak:4.73M | Scene, ViewLayer | Updating Lookup Tables
Fra:1 Mem:18.08M (Peak 43.74M) | Time:00:00.11 | Mem:2.70M, Peak:4.73M | Scene, ViewLayer | Updating Lights
Fra:1 Mem:18.08M (Peak 43.74M) | Time:00:00.11 | Mem:2.70M, Peak:4.73M | Scene, ViewLayer | Updating Lights | Computing tree
Fra:1 Mem:18.08M (Peak 43.74M) | Time:00:00.11 | Mem:2.70M, Peak:4.73M | Scene, ViewLayer | Updating Integrator
Fra:1 Mem:18.08M (Peak 43.74M) | Time:00:00.11 | Mem:2.70M, Peak:4.73M | Scene, ViewLayer | Updating Film
Fra:1 Mem:18.09M (Peak 43.74M) | Time:00:00.11 | Mem:2.62M, Peak:4.73M | Scene, ViewLayer | Updating Lookup Tables
Fra:1 Mem:18.09M (Peak 43.74M) | Time:00:00.11 | Mem:2.70M, Peak:4.73M | Scene, ViewLayer | Updating Baking
Fra:1 Mem:18.09M (Peak 43.74M) | Time:00:00.11 | Mem:2.70M, Peak:4.73M | Scene, ViewLayer | Updating Device | Writing constant memory
Fra:1 Mem:18.09M (Peak 43.74M) | Time:00:00.11 | Mem:2.70M, Peak:4.73M | Scene, ViewLayer | Loading denoising kernels (may take a few minutes the first time)
Fra:1 Mem:31.41M (Peak 43.74M) | Time:00:00.11 | Mem:1174.21M, Peak:1174.21M | Scene, ViewLayer | Sample 0/16
Fra:1 Mem:36.16M (Peak 43.74M) | Time:00:00.12 | Remaining:00:00.03 | Mem:1178.96M, Peak:1178.96M | Scene, ViewLayer | Sample 1/16
Fra:1 Mem:38.16M (Peak 43.74M) | Time:00:00.14 | Mem:1232.53M, Peak:1234.03M | Scene, ViewLayer | Sample 16/16
Fra:1 Mem:38.16M (Peak 43.74M) | Time:00:00.14 | Mem:1232.53M, Peak:1234.03M | Scene, ViewLayer | Finished
Saved: '/home/users/samahabd/triad-stimuli-pipeline/data/generated_stimuli/_verify/single/B_controlled_simple/2/shape_match.png'
Time: 00:00.19 (Saving: 00:00.00)

Timer 'STL Import' took 0.47 ms
Fra:1 Mem:10.58M (Peak 10.58M) | Time:00:00.04 | Mem:0.00M, Peak:0.00M | Scene, ViewLayer | Synchronizing object | 3
Fra:1 Mem:10.58M (Peak 10.58M) | Time:00:00.04 | Mem:0.00M, Peak:0.00M | Scene, ViewLayer | Synchronizing object | BackFill
Fra:1 Mem:10.58M (Peak 10.58M) | Time:00:00.04 | Mem:0.00M, Peak:0.00M | Scene, ViewLayer | Synchronizing object | TopSoft
Fra:1 Mem:10.59M (Peak 10.59M) | Time:00:00.04 | Mem:0.00M, Peak:0.00M | Scene, ViewLayer | Initializing
Fra:1 Mem:10.35M (Peak 10.59M) | Time:00:00.04 | Mem:0.00M, Peak:0.00M | Scene, ViewLayer | Waiting for render to start
Fra:1 Mem:10.35M (Peak 10.59M) | Time:00:00.04 | Mem:0.00M, Peak:0.00M | Scene, ViewLayer | Updating Scene
Fra:1 Mem:10.35M (Peak 10.59M) | Time:00:00.04 | Mem:0.00M, Peak:0.00M | Scene, ViewLayer | Updating Shaders
Fra:1 Mem:10.43M (Peak 10.59M) | Time:00:00.04 | Mem:0.00M, Peak:0.00M | Scene, ViewLayer | Loading render kernels (may take a few minutes the first time)
Fra:1 Mem:10.43M (Peak 37.59M) | Time:00:00.10 | Mem:0.01M, Peak:0.01M | Scene, ViewLayer | Updating Procedurals
Fra:1 Mem:10.43M (Peak 37.59M) | Time:00:00.10 | Mem:0.01M, Peak:0.01M | Scene, ViewLayer | Updating Background
Fra:1 Mem:10.43M (Peak 37.59M) | Time:00:00.10 | Mem:0.01M, Peak:0.01M | Scene, ViewLayer | Updating Camera
Fra:1 Mem:10.43M (Peak 37.59M) | Time:00:00.10 | Mem:0.01M, Peak:0.01M | Scene, ViewLayer | Updating Meshes Flags
Fra:1 Mem:10.43M (Peak 37.59M) | Time:00:00.10 | Mem:0.01M, Peak:0.01M | Scene, ViewLayer | Updating Objects
Fra:1 Mem:10.43M (Peak 37.59M) | Time:00:00.10 | Mem:0.01M, Peak:0.01M | Scene, ViewLayer | Updating Objects | Copying Transformations to device
Fra:1 Mem:10.43M (Peak 37.59M) | Time:00:00.10 | Mem:0.01M, Peak:0.01M | Scene, ViewLayer | Updating Particle Systems
Fra:1 Mem:10.43M (Peak 37.59M) | Time:00:00.10 | Mem:0.01M, Peak:0.01M | Scene, ViewLayer | Updating Particle Systems | Copying Particles to device
Fra:1 Mem:10.43M (Peak 37.59M) | Time:00:00.10 | Mem:0.01M, Peak:0.01M | Scene, ViewLayer | Updating Meshes
Fra:1 Mem:10.43M (Peak 37.59M) | Time:00:00.10 | Mem:0.01M, Peak:0.01M | Scene, ViewLayer | Updating Objects | Applying Static Transformations
Fra:1 Mem:10.43M (Peak 37.59M) | Time:00:00.10 | Mem:0.01M, Peak:0.01M | Scene, ViewLayer | Updating Mesh | Computing attributes
Fra:1 Mem:10.43M (Peak 37.59M) | Time:00:00.10 | Mem:0.01M, Peak:0.01M | Scene, ViewLayer | Updating Mesh | Copying Attributes to device
Fra:1 Mem:10.43M (Peak 37.59M) | Time:00:00.10 | Mem:0.01M, Peak:0.01M | Scene, ViewLayer | Updating Geometry BVH light 8/7 | Building BVH
Fra:1 Mem:10.43M (Peak 37.59M) | Time:00:00.10 | Mem:0.01M, Peak:0.01M | Scene, ViewLayer | Updating Geometry BVH light 8/7 | Building OptiX acceleration structure
Fra:1 Mem:10.43M (Peak 37.59M) | Time:00:00.10 | Mem:0.01M, Peak:0.01M | Scene, ViewLayer | Updating Geometry BVH TopSoft 7/7 | Building BVH
Fra:1 Mem:10.43M (Peak 37.59M) | Time:00:00.10 | Mem:0.01M, Peak:0.01M | Scene, ViewLayer | Updating Geometry BVH TopSoft 7/7 | Building OptiX acceleration structure
Fra:1 Mem:10.43M (Peak 37.59M) | Time:00:00.10 | Mem:0.01M, Peak:0.01M | Scene, ViewLayer | Updating Geometry BVH RightFill 6/7 | Building BVH
Fra:1 Mem:10.43M (Peak 37.59M) | Time:00:00.10 | Mem:0.01M, Peak:0.01M | Scene, ViewLayer | Updating Geometry BVH FrontKey 3/7 | Building OptiX acceleration structure
Fra:1 Mem:10.43M (Peak 37.59M) | Time:00:00.10 | Mem:0.01M, Peak:0.01M | Scene, ViewLayer | Updating Geometry BVH LeftFill 5/7 | Building BVH
Fra:1 Mem:10.43M (Peak 37.59M) | Time:00:00.10 | Mem:0.01M, Peak:0.01M | Scene, ViewLayer | Updating Geometry BVH LeftFill 5/7 | Building OptiX acceleration structure
Fra:1 Mem:10.43M (Peak 37.59M) | Time:00:00.10 | Mem:0.01M, Peak:0.02M | Scene, ViewLayer | Updating Scene BVH | Building
Fra:1 Mem:10.43M (Peak 37.59M) | Time:00:00.10 | Mem:0.01M, Peak:0.02M | Scene, ViewLayer | Updating Scene BVH | Building OptiX acceleration structure
Fra:1 Mem:10.43M (Peak 37.59M) | Time:00:00.10 | Mem:0.01M, Peak:0.02M | Scene, ViewLayer | Updating Scene BVH | Copying BVH to device
Fra:1 Mem:10.43M (Peak 37.59M) | Time:00:00.10 | Mem:0.01M, Peak:0.02M | Scene, ViewLayer | Updating Mesh | Computing normals
Fra:1 Mem:10.43M (Peak 37.59M) | Time:00:00.10 | Mem:0.01M, Peak:0.02M | Scene, ViewLayer | Updating Mesh | Copying Mesh to device
Fra:1 Mem:10.43M (Peak 37.59M) | Time:00:00.10 | Mem:0.02M, Peak:0.02M | Scene, ViewLayer | Updating Objects Flags
Fra:1 Mem:10.43M (Peak 37.59M) | Time:00:00.10 | Mem:0.02M, Peak:0.02M | Scene, ViewLayer | Updating Primitive Offsets
Fra:1 Mem:10.43M (Peak 37.59M) | Time:00:00.10 | Mem:0.02M, Peak:0.02M | Scene, ViewLayer | Updating Images
Fra:1 Mem:10.43M (Peak 37.59M) | Time:00:00.10 | Mem:0.02M, Peak:0.02M | Scene, ViewLayer | Updating Camera Volume
Fra:1 Mem:10.43M (Peak 37.59M) | Time:00:00.10 | Mem:0.02M, Peak:0.02M | Scene, ViewLayer | Updating Lookup Tables
Fra:1 Mem:10.43M (Peak 37.59M) | Time:00:00.10 | Mem:0.10M, Peak:0.10M | Scene, ViewLayer | Updating Lights
Fra:1 Mem:10.43M (Peak 37.59M) | Time:00:00.10 | Mem:0.10M, Peak:0.10M | Scene, ViewLayer | Updating Lights | Computing tree
Fra:1 Mem:10.44M (Peak 37.59M) | Time:00:00.10 | Mem:0.10M, Peak:0.10M | Scene, ViewLayer | Updating Integrator
Fra:1 Mem:10.44M (Peak 37.59M) | Time:00:00.10 | Mem:0.10M, Peak:0.10M | Scene, ViewLayer | Updating Film
Fra:1 Mem:10.44M (Peak 37.59M) | Time:00:00.10 | Mem:0.02M, Peak:0.10M | Scene, ViewLayer | Updating Lookup Tables
Fra:1 Mem:10.44M (Peak 37.59M) | Time:00:00.10 | Mem:0.10M, Peak:0.10M | Scene, ViewLayer | Updating Baking
Fra:1 Mem:10.44M (Peak 37.59M) | Time:00:00.10 | Mem:0.10M, Peak:0.10M | Scene, ViewLayer | Updating Device | Writing constant memory
Fra:1 Mem:10.44M (Peak 37.59M) | Time:00:00.10 | Mem:0.10M, Peak:0.10M | Scene, ViewLayer | Loading denoising kernels (may take a few minutes the first time)
Fra:1 Mem:23.76M (Peak 37.59M) | Time:00:00.10 | Mem:1171.61M, Peak:1171.61M | Scene, ViewLayer | Sample 0/8
Fra:1 Mem:28.51M (Peak 37.59M) | Time:00:00.11 | Remaining:00:00.01 | Mem:1176.36M, Peak:1176.36M | Scene, ViewLayer | Sample 1/8
Fra:1 Mem:30.52M (Peak 37.59M) | Time:00:00.12 | Mem:1229.93M, Peak:1231.43M | Scene, ViewLayer | Sample 8/8
Fra:1 Mem:30.52M (Peak 37.59M) | Time:00:00.12 | Mem:1229.93M, Peak:1231.43M | Scene, ViewLayer | Finished
Saved: '/tmp/pose_3_aci5ouml/probe.png'
Time: 00:00.17 (Saving: 00:00.00)

Fra:1 Mem:10.58M (Peak 10.58M) | Time:00:00.04 | Mem:0.00M, Peak:0.00M | Scene, ViewLayer | Synchronizing object | 3
Fra:1 Mem:10.59M (Peak 10.59M) | Time:00:00.04 | Mem:0.00M, Peak:0.00M | Scene, ViewLayer | Synchronizing object | FrontKey
Fra:1 Mem:10.59M (Peak 10.59M) | Time:00:00.04 | Mem:0.00M, Peak:0.00M | Scene, ViewLayer | Synchronizing object | TopSoft
Fra:1 Mem:10.59M (Peak 10.59M) | Time:00:00.04 | Mem:0.00M, Peak:0.00M | Scene, ViewLayer | Initializing
Fra:1 Mem:10.35M (Peak 10.59M) | Time:00:00.04 | Mem:0.00M, Peak:0.00M | Scene, ViewLayer | Waiting for render to start
Fra:1 Mem:10.35M (Peak 10.59M) | Time:00:00.04 | Mem:0.00M, Peak:0.00M | Scene, ViewLayer | Updating Scene
Fra:1 Mem:10.35M (Peak 10.59M) | Time:00:00.04 | Mem:0.00M, Peak:0.00M | Scene, ViewLayer | Updating Shaders
Fra:1 Mem:10.43M (Peak 10.59M) | Time:00:00.04 | Mem:0.00M, Peak:0.00M | Scene, ViewLayer | Loading render kernels (may take a few minutes the first time)
Fra:1 Mem:10.43M (Peak 37.59M) | Time:00:00.10 | Mem:0.01M, Peak:0.01M | Scene, ViewLayer | Updating Procedurals
Fra:1 Mem:10.43M (Peak 37.59M) | Time:00:00.10 | Mem:0.01M, Peak:0.01M | Scene, ViewLayer | Updating Background
Fra:1 Mem:10.43M (Peak 37.59M) | Time:00:00.10 | Mem:0.01M, Peak:0.01M | Scene, ViewLayer | Updating Camera
Fra:1 Mem:10.43M (Peak 37.59M) | Time:00:00.10 | Mem:0.01M, Peak:0.01M | Scene, ViewLayer | Updating Meshes Flags
Fra:1 Mem:10.43M (Peak 37.59M) | Time:00:00.10 | Mem:0.01M, Peak:0.01M | Scene, ViewLayer | Updating Objects
Fra:1 Mem:10.43M (Peak 37.59M) | Time:00:00.10 | Mem:0.01M, Peak:0.01M | Scene, ViewLayer | Updating Objects | Copying Transformations to device
Fra:1 Mem:10.43M (Peak 37.59M) | Time:00:00.10 | Mem:0.01M, Peak:0.01M | Scene, ViewLayer | Updating Particle Systems
Fra:1 Mem:10.43M (Peak 37.59M) | Time:00:00.10 | Mem:0.01M, Peak:0.01M | Scene, ViewLayer | Updating Particle Systems | Copying Particles to device
Fra:1 Mem:10.43M (Peak 37.59M) | Time:00:00.10 | Mem:0.01M, Peak:0.01M | Scene, ViewLayer | Updating Meshes
Fra:1 Mem:10.43M (Peak 37.59M) | Time:00:00.10 | Mem:0.01M, Peak:0.01M | Scene, ViewLayer | Updating Objects | Applying Static Transformations
Fra:1 Mem:10.43M (Peak 37.59M) | Time:00:00.10 | Mem:0.01M, Peak:0.01M | Scene, ViewLayer | Updating Mesh | Computing attributes
Fra:1 Mem:10.43M (Peak 37.59M) | Time:00:00.10 | Mem:0.01M, Peak:0.01M | Scene, ViewLayer | Updating Mesh | Copying Attributes to device
Fra:1 Mem:10.43M (Peak 37.59M) | Time:00:00.10 | Mem:0.01M, Peak:0.01M | Scene, ViewLayer | Updating Geometry BVH light 8/7 | Building BVH
Fra:1 Mem:10.43M (Peak 37.59M) | Time:00:00.10 | Mem:0.01M, Peak:0.01M | Scene, ViewLayer | Updating Geometry BVH light 8/7 | Building OptiX acceleration structure
Fra:1 Mem:10.43M (Peak 37.59M) | Time:00:00.10 | Mem:0.01M, Peak:0.01M | Scene, ViewLayer | Updating Geometry BVH TopSoft 7/7 | Building BVH
Fra:1 Mem:10.43M (Peak 37.59M) | Time:00:00.10 | Mem:0.01M, Peak:0.01M | Scene, ViewLayer | Updating Geometry BVH 3 2/7 | Building OptiX acceleration structure
Fra:1 Mem:10.43M (Peak 37.59M) | Time:00:00.10 | Mem:0.01M, Peak:0.01M | Scene, ViewLayer | Updating Geometry BVH BackFill 4/7 | Building BVH
Fra:1 Mem:10.43M (Peak 37.59M) | Time:00:00.10 | Mem:0.01M, Peak:0.01M | Scene, ViewLayer | Updating Geometry BVH LeftFill 5/7 | Building OptiX acceleration structure
Fra:1 Mem:10.43M (Peak 37.59M) | Time:00:00.10 | Mem:0.01M, Peak:0.02M | Scene, ViewLayer | Updating Scene BVH | Building
Fra:1 Mem:10.43M (Peak 37.59M) | Time:00:00.10 | Mem:0.01M, Peak:0.02M | Scene, ViewLayer | Updating Scene BVH | Building OptiX acceleration structure
Fra:1 Mem:10.43M (Peak 37.59M) | Time:00:00.10 | Mem:0.01M, Peak:0.02M | Scene, ViewLayer | Updating Scene BVH | Copying BVH to device
Fra:1 Mem:10.43M (Peak 37.59M) | Time:00:00.10 | Mem:0.01M, Peak:0.02M | Scene, ViewLayer | Updating Mesh | Computing normals
Fra:1 Mem:10.43M (Peak 37.59M) | Time:00:00.10 | Mem:0.01M, Peak:0.02M | Scene, ViewLayer | Updating Mesh | Copying Mesh to device
Fra:1 Mem:10.43M (Peak 37.59M) | Time:00:00.10 | Mem:0.02M, Peak:0.02M | Scene, ViewLayer | Updating Objects Flags
Fra:1 Mem:10.43M (Peak 37.59M) | Time:00:00.10 | Mem:0.02M, Peak:0.02M | Scene, ViewLayer | Updating Primitive Offsets
Fra:1 Mem:10.43M (Peak 37.59M) | Time:00:00.10 | Mem:0.02M, Peak:0.02M | Scene, ViewLayer | Updating Images
Fra:1 Mem:10.43M (Peak 37.59M) | Time:00:00.10 | Mem:0.02M, Peak:0.02M | Scene, ViewLayer | Updating Camera Volume
Fra:1 Mem:10.43M (Peak 37.59M) | Time:00:00.10 | Mem:0.02M, Peak:0.02M | Scene, ViewLayer | Updating Lookup Tables
Fra:1 Mem:10.43M (Peak 37.59M) | Time:00:00.10 | Mem:0.10M, Peak:0.10M | Scene, ViewLayer | Updating Lights
Fra:1 Mem:10.43M (Peak 37.59M) | Time:00:00.10 | Mem:0.10M, Peak:0.10M | Scene, ViewLayer | Updating Lights | Computing tree
Fra:1 Mem:10.44M (Peak 37.59M) | Time:00:00.10 | Mem:0.10M, Peak:0.10M | Scene, ViewLayer | Updating Integrator
Fra:1 Mem:10.44M (Peak 37.59M) | Time:00:00.10 | Mem:0.10M, Peak:0.10M | Scene, ViewLayer | Updating Film
Fra:1 Mem:10.44M (Peak 37.59M) | Time:00:00.10 | Mem:0.02M, Peak:0.10M | Scene, ViewLayer | Updating Lookup Tables
Fra:1 Mem:10.44M (Peak 37.59M) | Time:00:00.10 | Mem:0.10M, Peak:0.10M | Scene, ViewLayer | Updating Baking
Fra:1 Mem:10.44M (Peak 37.59M) | Time:00:00.10 | Mem:0.10M, Peak:0.10M | Scene, ViewLayer | Updating Device | Writing constant memory
Fra:1 Mem:10.44M (Peak 37.59M) | Time:00:00.10 | Mem:0.10M, Peak:0.10M | Scene, ViewLayer | Loading denoising kernels (may take a few minutes the first time)
Fra:1 Mem:23.76M (Peak 37.59M) | Time:00:00.10 | Mem:1171.61M, Peak:1171.61M | Scene, ViewLayer | Sample 0/8
Fra:1 Mem:28.51M (Peak 37.59M) | Time:00:00.11 | Remaining:00:00.01 | Mem:1176.36M, Peak:1176.36M | Scene, ViewLayer | Sample 1/8
Fra:1 Mem:30.52M (Peak 37.59M) | Time:00:00.12 | Mem:1229.93M, Peak:1231.43M | Scene, ViewLayer | Sample 8/8
Fra:1 Mem:30.52M (Peak 37.59M) | Time:00:00.12 | Mem:1229.93M, Peak:1231.43M | Scene, ViewLayer | Finished
Saved: '/tmp/pose_3_aci5ouml/probe.png'
Time: 00:00.17 (Saving: 00:00.00)

Fra:1 Mem:10.58M (Peak 10.58M) | Time:00:00.04 | Mem:0.00M, Peak:0.00M | Scene, ViewLayer | Synchronizing object | 3
Fra:1 Mem:10.59M (Peak 10.59M) | Time:00:00.04 | Mem:0.00M, Peak:0.00M | Scene, ViewLayer | Synchronizing object | BackFill
Fra:1 Mem:10.59M (Peak 10.59M) | Time:00:00.04 | Mem:0.00M, Peak:0.00M | Scene, ViewLayer | Synchronizing object | TopSoft
Fra:1 Mem:10.59M (Peak 10.59M) | Time:00:00.04 | Mem:0.00M, Peak:0.00M | Scene, ViewLayer | Initializing
Fra:1 Mem:10.35M (Peak 10.59M) | Time:00:00.04 | Mem:0.00M, Peak:0.00M | Scene, ViewLayer | Waiting for render to start
Fra:1 Mem:10.35M (Peak 10.59M) | Time:00:00.04 | Mem:0.00M, Peak:0.00M | Scene, ViewLayer | Updating Scene
Fra:1 Mem:10.35M (Peak 10.59M) | Time:00:00.04 | Mem:0.00M, Peak:0.00M | Scene, ViewLayer | Updating Shaders
Fra:1 Mem:10.43M (Peak 10.59M) | Time:00:00.04 | Mem:0.00M, Peak:0.00M | Scene, ViewLayer | Loading render kernels (may take a few minutes the first time)
Fra:1 Mem:10.43M (Peak 37.59M) | Time:00:00.10 | Mem:0.01M, Peak:0.01M | Scene, ViewLayer | Updating Procedurals
Fra:1 Mem:10.43M (Peak 37.59M) | Time:00:00.10 | Mem:0.01M, Peak:0.01M | Scene, ViewLayer | Updating Background
Fra:1 Mem:10.43M (Peak 37.59M) | Time:00:00.10 | Mem:0.01M, Peak:0.01M | Scene, ViewLayer | Updating Camera
Fra:1 Mem:10.43M (Peak 37.59M) | Time:00:00.10 | Mem:0.01M, Peak:0.01M | Scene, ViewLayer | Updating Meshes Flags
Fra:1 Mem:10.43M (Peak 37.59M) | Time:00:00.10 | Mem:0.01M, Peak:0.01M | Scene, ViewLayer | Updating Objects
Fra:1 Mem:10.43M (Peak 37.59M) | Time:00:00.10 | Mem:0.01M, Peak:0.01M | Scene, ViewLayer | Updating Objects | Copying Transformations to device
Fra:1 Mem:10.43M (Peak 37.59M) | Time:00:00.10 | Mem:0.01M, Peak:0.01M | Scene, ViewLayer | Updating Particle Systems
Fra:1 Mem:10.43M (Peak 37.59M) | Time:00:00.10 | Mem:0.01M, Peak:0.01M | Scene, ViewLayer | Updating Particle Systems | Copying Particles to device
Fra:1 Mem:10.43M (Peak 37.59M) | Time:00:00.10 | Mem:0.01M, Peak:0.01M | Scene, ViewLayer | Updating Meshes
Fra:1 Mem:10.43M (Peak 37.59M) | Time:00:00.10 | Mem:0.01M, Peak:0.01M | Scene, ViewLayer | Updating Objects | Applying Static Transformations
Fra:1 Mem:10.43M (Peak 37.59M) | Time:00:00.10 | Mem:0.01M, Peak:0.01M | Scene, ViewLayer | Updating Mesh | Computing attributes
Fra:1 Mem:10.43M (Peak 37.59M) | Time:00:00.10 | Mem:0.01M, Peak:0.01M | Scene, ViewLayer | Updating Mesh | Copying Attributes to device
Fra:1 Mem:10.43M (Peak 37.59M) | Time:00:00.10 | Mem:0.01M, Peak:0.01M | Scene, ViewLayer | Updating Geometry BVH light 8/7 | Building BVH
Fra:1 Mem:10.43M (Peak 37.59M) | Time:00:00.10 | Mem:0.01M, Peak:0.01M | Scene, ViewLayer | Updating Geometry BVH light 8/7 | Building OptiX acceleration structure
Fra:1 Mem:10.43M (Peak 37.59M) | Time:00:00.10 | Mem:0.01M, Peak:0.01M | Scene, ViewLayer | Updating Geometry BVH TopSoft 7/7 | Building BVH
Fra:1 Mem:10.43M (Peak 37.59M) | Time:00:00.10 | Mem:0.01M, Peak:0.01M | Scene, ViewLayer | Updating Geometry BVH TopSoft 7/7 | Building OptiX acceleration structure
Fra:1 Mem:10.43M (Peak 37.59M) | Time:00:00.10 | Mem:0.01M, Peak:0.01M | Scene, ViewLayer | Updating Geometry BVH RightFill 6/7 | Building BVH
Fra:1 Mem:10.43M (Peak 37.59M) | Time:00:00.10 | Mem:0.01M, Peak:0.01M | Scene, ViewLayer | Updating Geometry BVH RightFill 6/7 | Building OptiX acceleration structure
Fra:1 Mem:10.43M (Peak 37.59M) | Time:00:00.10 | Mem:0.01M, Peak:0.01M | Scene, ViewLayer | Updating Geometry BVH FrontKey 3/7 | Building BVH
Fra:1 Mem:10.43M (Peak 37.59M) | Time:00:00.10 | Mem:0.01M, Peak:0.01M | Scene, ViewLayer | Updating Geometry BVH BackFill 4/7 | Building OptiX acceleration structure
Fra:1 Mem:10.43M (Peak 37.59M) | Time:00:00.10 | Mem:0.01M, Peak:0.02M | Scene, ViewLayer | Updating Scene BVH | Building
Fra:1 Mem:10.43M (Peak 37.59M) | Time:00:00.10 | Mem:0.01M, Peak:0.02M | Scene, ViewLayer | Updating Scene BVH | Building OptiX acceleration structure
Fra:1 Mem:10.43M (Peak 37.59M) | Time:00:00.10 | Mem:0.01M, Peak:0.02M | Scene, ViewLayer | Updating Scene BVH | Copying BVH to device
Fra:1 Mem:10.43M (Peak 37.59M) | Time:00:00.10 | Mem:0.01M, Peak:0.02M | Scene, ViewLayer | Updating Mesh | Computing normals
Fra:1 Mem:10.43M (Peak 37.59M) | Time:00:00.10 | Mem:0.01M, Peak:0.02M | Scene, ViewLayer | Updating Mesh | Copying Mesh to device
Fra:1 Mem:10.43M (Peak 37.59M) | Time:00:00.10 | Mem:0.02M, Peak:0.02M | Scene, ViewLayer | Updating Objects Flags
Fra:1 Mem:10.43M (Peak 37.59M) | Time:00:00.10 | Mem:0.02M, Peak:0.02M | Scene, ViewLayer | Updating Primitive Offsets
Fra:1 Mem:10.43M (Peak 37.59M) | Time:00:00.10 | Mem:0.02M, Peak:0.02M | Scene, ViewLayer | Updating Images
Fra:1 Mem:10.43M (Peak 37.59M) | Time:00:00.10 | Mem:0.02M, Peak:0.02M | Scene, ViewLayer | Updating Camera Volume
Fra:1 Mem:10.43M (Peak 37.59M) | Time:00:00.10 | Mem:0.02M, Peak:0.02M | Scene, ViewLayer | Updating Lookup Tables
Fra:1 Mem:10.43M (Peak 37.59M) | Time:00:00.10 | Mem:0.10M, Peak:0.10M | Scene, ViewLayer | Updating Lights
Fra:1 Mem:10.43M (Peak 37.59M) | Time:00:00.10 | Mem:0.10M, Peak:0.10M | Scene, ViewLayer | Updating Lights | Computing tree
Fra:1 Mem:10.44M (Peak 37.59M) | Time:00:00.10 | Mem:0.10M, Peak:0.10M | Scene, ViewLayer | Updating Integrator
Fra:1 Mem:10.44M (Peak 37.59M) | Time:00:00.10 | Mem:0.10M, Peak:0.10M | Scene, ViewLayer | Updating Film
Fra:1 Mem:10.44M (Peak 37.59M) | Time:00:00.10 | Mem:0.02M, Peak:0.10M | Scene, ViewLayer | Updating Lookup Tables
Fra:1 Mem:10.44M (Peak 37.59M) | Time:00:00.10 | Mem:0.10M, Peak:0.10M | Scene, ViewLayer | Updating Baking
Fra:1 Mem:10.44M (Peak 37.59M) | Time:00:00.10 | Mem:0.10M, Peak:0.10M | Scene, ViewLayer | Updating Device | Writing constant memory
Fra:1 Mem:10.44M (Peak 37.59M) | Time:00:00.10 | Mem:0.10M, Peak:0.10M | Scene, ViewLayer | Loading denoising kernels (may take a few minutes the first time)
Fra:1 Mem:23.76M (Peak 37.59M) | Time:00:00.11 | Mem:1171.61M, Peak:1171.61M | Scene, ViewLayer | Sample 0/8
Fra:1 Mem:28.51M (Peak 37.59M) | Time:00:00.11 | Remaining:00:00.01 | Mem:1176.36M, Peak:1176.36M | Scene, ViewLayer | Sample 1/8
Fra:1 Mem:30.52M (Peak 37.59M) | Time:00:00.13 | Mem:1229.93M, Peak:1231.43M | Scene, ViewLayer | Sample 8/8
Fra:1 Mem:30.52M (Peak 37.59M) | Time:00:00.13 | Mem:1229.93M, Peak:1231.43M | Scene, ViewLayer | Finished
Saved: '/tmp/pose_3_aci5ouml/probe.png'
Time: 00:00.18 (Saving: 00:00.00)

Fra:1 Mem:10.58M (Peak 10.58M) | Time:00:00.04 | Mem:0.00M, Peak:0.00M | Scene, ViewLayer | Synchronizing object | 3
Fra:1 Mem:10.59M (Peak 10.59M) | Time:00:00.04 | Mem:0.00M, Peak:0.00M | Scene, ViewLayer | Synchronizing object | LeftFill
Fra:1 Mem:10.59M (Peak 10.59M) | Time:00:00.04 | Mem:0.00M, Peak:0.00M | Scene, ViewLayer | Synchronizing object | TopSoft
Fra:1 Mem:10.59M (Peak 10.59M) | Time:00:00.04 | Mem:0.00M, Peak:0.00M | Scene, ViewLayer | Initializing
Fra:1 Mem:10.35M (Peak 10.59M) | Time:00:00.04 | Mem:0.00M, Peak:0.00M | Scene, ViewLayer | Waiting for render to start
Fra:1 Mem:10.35M (Peak 10.59M) | Time:00:00.04 | Mem:0.00M, Peak:0.00M | Scene, ViewLayer | Updating Scene
Fra:1 Mem:10.35M (Peak 10.59M) | Time:00:00.04 | Mem:0.00M, Peak:0.00M | Scene, ViewLayer | Updating Shaders
Fra:1 Mem:10.43M (Peak 10.59M) | Time:00:00.04 | Mem:0.00M, Peak:0.00M | Scene, ViewLayer | Loading render kernels (may take a few minutes the first time)
Fra:1 Mem:10.43M (Peak 37.59M) | Time:00:00.10 | Mem:0.01M, Peak:0.01M | Scene, ViewLayer | Updating Procedurals
Fra:1 Mem:10.43M (Peak 37.59M) | Time:00:00.10 | Mem:0.01M, Peak:0.01M | Scene, ViewLayer | Updating Background
Fra:1 Mem:10.43M (Peak 37.59M) | Time:00:00.10 | Mem:0.01M, Peak:0.01M | Scene, ViewLayer | Updating Camera
Fra:1 Mem:10.43M (Peak 37.59M) | Time:00:00.10 | Mem:0.01M, Peak:0.01M | Scene, ViewLayer | Updating Meshes Flags
Fra:1 Mem:10.43M (Peak 37.59M) | Time:00:00.10 | Mem:0.01M, Peak:0.01M | Scene, ViewLayer | Updating Objects
Fra:1 Mem:10.43M (Peak 37.59M) | Time:00:00.10 | Mem:0.01M, Peak:0.01M | Scene, ViewLayer | Updating Objects | Copying Transformations to device
Fra:1 Mem:10.43M (Peak 37.59M) | Time:00:00.10 | Mem:0.01M, Peak:0.01M | Scene, ViewLayer | Updating Particle Systems
Fra:1 Mem:10.43M (Peak 37.59M) | Time:00:00.10 | Mem:0.01M, Peak:0.01M | Scene, ViewLayer | Updating Particle Systems | Copying Particles to device
Fra:1 Mem:10.43M (Peak 37.59M) | Time:00:00.10 | Mem:0.01M, Peak:0.01M | Scene, ViewLayer | Updating Meshes
Fra:1 Mem:10.43M (Peak 37.59M) | Time:00:00.10 | Mem:0.01M, Peak:0.01M | Scene, ViewLayer | Updating Objects | Applying Static Transformations
Fra:1 Mem:10.43M (Peak 37.59M) | Time:00:00.10 | Mem:0.01M, Peak:0.01M | Scene, ViewLayer | Updating Mesh | Computing attributes
Fra:1 Mem:10.43M (Peak 37.59M) | Time:00:00.10 | Mem:0.01M, Peak:0.01M | Scene, ViewLayer | Updating Mesh | Copying Attributes to device
Fra:1 Mem:10.43M (Peak 37.59M) | Time:00:00.10 | Mem:0.01M, Peak:0.01M | Scene, ViewLayer | Updating Geometry BVH light 8/7 | Building BVH
Fra:1 Mem:10.43M (Peak 37.59M) | Time:00:00.10 | Mem:0.01M, Peak:0.01M | Scene, ViewLayer | Updating Geometry BVH light 8/7 | Building OptiX acceleration structure
Fra:1 Mem:10.43M (Peak 37.59M) | Time:00:00.10 | Mem:0.01M, Peak:0.01M | Scene, ViewLayer | Updating Geometry BVH TopSoft 7/7 | Building BVH
Fra:1 Mem:10.43M (Peak 37.59M) | Time:00:00.10 | Mem:0.01M, Peak:0.01M | Scene, ViewLayer | Updating Geometry BVH TopSoft 7/7 | Building OptiX acceleration structure
Fra:1 Mem:10.43M (Peak 37.59M) | Time:00:00.10 | Mem:0.01M, Peak:0.01M | Scene, ViewLayer | Updating Geometry BVH RightFill 6/7 | Building BVH
Fra:1 Mem:10.43M (Peak 37.59M) | Time:00:00.10 | Mem:0.01M, Peak:0.01M | Scene, ViewLayer | Updating Geometry BVH BackFill 4/7 | Building BVH
Fra:1 Mem:10.43M (Peak 37.59M) | Time:00:00.10 | Mem:0.01M, Peak:0.01M | Scene, ViewLayer | Updating Geometry BVH BackFill 4/7 | Building OptiX acceleration structure
Fra:1 Mem:10.43M (Peak 37.59M) | Time:00:00.10 | Mem:0.01M, Peak:0.02M | Scene, ViewLayer | Updating Scene BVH | Building
Fra:1 Mem:10.43M (Peak 37.59M) | Time:00:00.10 | Mem:0.01M, Peak:0.02M | Scene, ViewLayer | Updating Scene BVH | Building OptiX acceleration structure
Fra:1 Mem:10.43M (Peak 37.59M) | Time:00:00.10 | Mem:0.01M, Peak:0.02M | Scene, ViewLayer | Updating Scene BVH | Copying BVH to device
Fra:1 Mem:10.43M (Peak 37.59M) | Time:00:00.10 | Mem:0.01M, Peak:0.02M | Scene, ViewLayer | Updating Mesh | Computing normals
Fra:1 Mem:10.43M (Peak 37.59M) | Time:00:00.10 | Mem:0.01M, Peak:0.02M | Scene, ViewLayer | Updating Mesh | Copying Mesh to device
Fra:1 Mem:10.43M (Peak 37.59M) | Time:00:00.10 | Mem:0.02M, Peak:0.02M | Scene, ViewLayer | Updating Objects Flags
Fra:1 Mem:10.43M (Peak 37.59M) | Time:00:00.10 | Mem:0.02M, Peak:0.02M | Scene, ViewLayer | Updating Primitive Offsets
Fra:1 Mem:10.43M (Peak 37.59M) | Time:00:00.10 | Mem:0.02M, Peak:0.02M | Scene, ViewLayer | Updating Images
Fra:1 Mem:10.43M (Peak 37.59M) | Time:00:00.10 | Mem:0.02M, Peak:0.02M | Scene, ViewLayer | Updating Camera Volume
Fra:1 Mem:10.43M (Peak 37.59M) | Time:00:00.10 | Mem:0.02M, Peak:0.02M | Scene, ViewLayer | Updating Lookup Tables
Fra:1 Mem:10.43M (Peak 37.59M) | Time:00:00.10 | Mem:0.10M, Peak:0.10M | Scene, ViewLayer | Updating Lights
Fra:1 Mem:10.43M (Peak 37.59M) | Time:00:00.10 | Mem:0.10M, Peak:0.10M | Scene, ViewLayer | Updating Lights | Computing tree
Fra:1 Mem:10.44M (Peak 37.59M) | Time:00:00.10 | Mem:0.10M, Peak:0.10M | Scene, ViewLayer | Updating Integrator
Fra:1 Mem:10.44M (Peak 37.59M) | Time:00:00.10 | Mem:0.10M, Peak:0.10M | Scene, ViewLayer | Updating Film
Fra:1 Mem:10.44M (Peak 37.59M) | Time:00:00.10 | Mem:0.02M, Peak:0.10M | Scene, ViewLayer | Updating Lookup Tables
Fra:1 Mem:10.44M (Peak 37.59M) | Time:00:00.10 | Mem:0.10M, Peak:0.10M | Scene, ViewLayer | Updating Baking
Fra:1 Mem:10.44M (Peak 37.59M) | Time:00:00.10 | Mem:0.10M, Peak:0.10M | Scene, ViewLayer | Updating Device | Writing constant memory
Fra:1 Mem:10.44M (Peak 37.59M) | Time:00:00.10 | Mem:0.10M, Peak:0.10M | Scene, ViewLayer | Loading denoising kernels (may take a few minutes the first time)
Fra:1 Mem:23.76M (Peak 37.59M) | Time:00:00.11 | Mem:1171.61M, Peak:1171.61M | Scene, ViewLayer | Sample 0/8
Fra:1 Mem:28.51M (Peak 37.59M) | Time:00:00.11 | Remaining:00:00.01 | Mem:1176.36M, Peak:1176.36M | Scene, ViewLayer | Sample 1/8
Fra:1 Mem:30.52M (Peak 37.59M) | Time:00:00.13 | Mem:1229.93M, Peak:1231.43M | Scene, ViewLayer | Sample 8/8
Fra:1 Mem:30.52M (Peak 37.59M) | Time:00:00.13 | Mem:1229.93M, Peak:1231.43M | Scene, ViewLayer | Finished
Saved: '/tmp/pose_3_aci5ouml/probe.png'
Time: 00:00.18 (Saving: 00:00.00)

Fra:1 Mem:10.58M (Peak 10.58M) | Time:00:00.04 | Mem:0.00M, Peak:0.00M | Scene, ViewLayer | Synchronizing object | 3
Fra:1 Mem:10.59M (Peak 10.59M) | Time:00:00.04 | Mem:0.00M, Peak:0.00M | Scene, ViewLayer | Synchronizing object | LeftFill
Fra:1 Mem:10.59M (Peak 10.59M) | Time:00:00.04 | Mem:0.00M, Peak:0.00M | Scene, ViewLayer | Synchronizing object | TopSoft
Fra:1 Mem:10.59M (Peak 10.59M) | Time:00:00.04 | Mem:0.00M, Peak:0.00M | Scene, ViewLayer | Initializing
Fra:1 Mem:10.35M (Peak 10.59M) | Time:00:00.04 | Mem:0.00M, Peak:0.00M | Scene, ViewLayer | Waiting for render to start
Fra:1 Mem:10.35M (Peak 10.59M) | Time:00:00.04 | Mem:0.00M, Peak:0.00M | Scene, ViewLayer | Updating Scene
Fra:1 Mem:10.35M (Peak 10.59M) | Time:00:00.04 | Mem:0.00M, Peak:0.00M | Scene, ViewLayer | Updating Shaders
Fra:1 Mem:10.43M (Peak 10.59M) | Time:00:00.04 | Mem:0.00M, Peak:0.00M | Scene, ViewLayer | Loading render kernels (may take a few minutes the first time)
Fra:1 Mem:10.43M (Peak 37.59M) | Time:00:00.10 | Mem:0.01M, Peak:0.01M | Scene, ViewLayer | Updating Procedurals
Fra:1 Mem:10.43M (Peak 37.59M) | Time:00:00.10 | Mem:0.01M, Peak:0.01M | Scene, ViewLayer | Updating Background
Fra:1 Mem:10.43M (Peak 37.59M) | Time:00:00.10 | Mem:0.01M, Peak:0.01M | Scene, ViewLayer | Updating Camera
Fra:1 Mem:10.43M (Peak 37.59M) | Time:00:00.10 | Mem:0.01M, Peak:0.01M | Scene, ViewLayer | Updating Meshes Flags
Fra:1 Mem:10.43M (Peak 37.59M) | Time:00:00.10 | Mem:0.01M, Peak:0.01M | Scene, ViewLayer | Updating Objects
Fra:1 Mem:10.43M (Peak 37.59M) | Time:00:00.10 | Mem:0.01M, Peak:0.01M | Scene, ViewLayer | Updating Objects | Copying Transformations to device
Fra:1 Mem:10.43M (Peak 37.59M) | Time:00:00.10 | Mem:0.01M, Peak:0.01M | Scene, ViewLayer | Updating Particle Systems
Fra:1 Mem:10.43M (Peak 37.59M) | Time:00:00.10 | Mem:0.01M, Peak:0.01M | Scene, ViewLayer | Updating Particle Systems | Copying Particles to device
Fra:1 Mem:10.43M (Peak 37.59M) | Time:00:00.10 | Mem:0.01M, Peak:0.01M | Scene, ViewLayer | Updating Meshes
Fra:1 Mem:10.43M (Peak 37.59M) | Time:00:00.10 | Mem:0.01M, Peak:0.01M | Scene, ViewLayer | Updating Objects | Applying Static Transformations
Fra:1 Mem:10.43M (Peak 37.59M) | Time:00:00.10 | Mem:0.01M, Peak:0.01M | Scene, ViewLayer | Updating Mesh | Computing attributes
Fra:1 Mem:10.43M (Peak 37.59M) | Time:00:00.10 | Mem:0.01M, Peak:0.01M | Scene, ViewLayer | Updating Mesh | Copying Attributes to device
Fra:1 Mem:10.43M (Peak 37.59M) | Time:00:00.10 | Mem:0.01M, Peak:0.01M | Scene, ViewLayer | Updating Geometry BVH light 8/7 | Building BVH
Fra:1 Mem:10.43M (Peak 37.59M) | Time:00:00.10 | Mem:0.01M, Peak:0.01M | Scene, ViewLayer | Updating Geometry BVH light 8/7 | Building OptiX acceleration structure
Fra:1 Mem:10.43M (Peak 37.59M) | Time:00:00.10 | Mem:0.01M, Peak:0.01M | Scene, ViewLayer | Updating Geometry BVH TopSoft 7/7 | Building BVH
Fra:1 Mem:10.43M (Peak 37.59M) | Time:00:00.10 | Mem:0.01M, Peak:0.01M | Scene, ViewLayer | Updating Geometry BVH TopSoft 7/7 | Building OptiX acceleration structure
Fra:1 Mem:10.43M (Peak 37.59M) | Time:00:00.10 | Mem:0.01M, Peak:0.01M | Scene, ViewLayer | Updating Geometry BVH 3 2/7 | Building BVH
Fra:1 Mem:10.43M (Peak 37.59M) | Time:00:00.10 | Mem:0.01M, Peak:0.01M | Scene, ViewLayer | Updating Geometry BVH BackFill 4/7 | Building OptiX acceleration structure
Fra:1 Mem:10.43M (Peak 37.59M) | Time:00:00.10 | Mem:0.01M, Peak:0.02M | Scene, ViewLayer | Updating Scene BVH | Building
Fra:1 Mem:10.43M (Peak 37.59M) | Time:00:00.10 | Mem:0.01M, Peak:0.02M | Scene, ViewLayer | Updating Scene BVH | Building OptiX acceleration structure
Fra:1 Mem:10.43M (Peak 37.59M) | Time:00:00.10 | Mem:0.01M, Peak:0.02M | Scene, ViewLayer | Updating Scene BVH | Copying BVH to device
Fra:1 Mem:10.43M (Peak 37.59M) | Time:00:00.10 | Mem:0.01M, Peak:0.02M | Scene, ViewLayer | Updating Mesh | Computing normals
Fra:1 Mem:10.43M (Peak 37.59M) | Time:00:00.10 | Mem:0.01M, Peak:0.02M | Scene, ViewLayer | Updating Mesh | Copying Mesh to device
Fra:1 Mem:10.43M (Peak 37.59M) | Time:00:00.10 | Mem:0.02M, Peak:0.02M | Scene, ViewLayer | Updating Objects Flags
Fra:1 Mem:10.43M (Peak 37.59M) | Time:00:00.10 | Mem:0.02M, Peak:0.02M | Scene, ViewLayer | Updating Primitive Offsets
Fra:1 Mem:10.43M (Peak 37.59M) | Time:00:00.10 | Mem:0.02M, Peak:0.02M | Scene, ViewLayer | Updating Images
Fra:1 Mem:10.43M (Peak 37.59M) | Time:00:00.10 | Mem:0.02M, Peak:0.02M | Scene, ViewLayer | Updating Camera Volume
Fra:1 Mem:10.43M (Peak 37.59M) | Time:00:00.10 | Mem:0.02M, Peak:0.02M | Scene, ViewLayer | Updating Lookup Tables
Fra:1 Mem:10.43M (Peak 37.59M) | Time:00:00.10 | Mem:0.10M, Peak:0.10M | Scene, ViewLayer | Updating Lights
Fra:1 Mem:10.43M (Peak 37.59M) | Time:00:00.10 | Mem:0.10M, Peak:0.10M | Scene, ViewLayer | Updating Lights | Computing tree
Fra:1 Mem:10.44M (Peak 37.59M) | Time:00:00.10 | Mem:0.10M, Peak:0.10M | Scene, ViewLayer | Updating Integrator
Fra:1 Mem:10.44M (Peak 37.59M) | Time:00:00.10 | Mem:0.10M, Peak:0.10M | Scene, ViewLayer | Updating Film
Fra:1 Mem:10.44M (Peak 37.59M) | Time:00:00.10 | Mem:0.02M, Peak:0.10M | Scene, ViewLayer | Updating Lookup Tables
Fra:1 Mem:10.44M (Peak 37.59M) | Time:00:00.10 | Mem:0.10M, Peak:0.10M | Scene, ViewLayer | Updating Baking
Fra:1 Mem:10.44M (Peak 37.59M) | Time:00:00.10 | Mem:0.10M, Peak:0.10M | Scene, ViewLayer | Updating Device | Writing constant memory
Fra:1 Mem:10.44M (Peak 37.59M) | Time:00:00.10 | Mem:0.10M, Peak:0.10M | Scene, ViewLayer | Loading denoising kernels (may take a few minutes the first time)
Fra:1 Mem:23.76M (Peak 37.59M) | Time:00:00.11 | Mem:1171.61M, Peak:1171.61M | Scene, ViewLayer | Sample 0/8
Fra:1 Mem:28.51M (Peak 37.59M) | Time:00:00.11 | Remaining:00:00.01 | Mem:1176.36M, Peak:1176.36M | Scene, ViewLayer | Sample 1/8
Fra:1 Mem:30.52M (Peak 37.59M) | Time:00:00.13 | Mem:1229.93M, Peak:1231.43M | Scene, ViewLayer | Sample 8/8
Fra:1 Mem:30.52M (Peak 37.59M) | Time:00:00.13 | Mem:1229.93M, Peak:1231.43M | Scene, ViewLayer | Finished
Saved: '/tmp/pose_3_aci5ouml/probe.png'
Time: 00:00.18 (Saving: 00:00.00)

Fra:1 Mem:10.58M (Peak 10.58M) | Time:00:00.04 | Mem:0.00M, Peak:0.00M | Scene, ViewLayer | Synchronizing object | 3
Fra:1 Mem:10.59M (Peak 10.59M) | Time:00:00.04 | Mem:0.00M, Peak:0.00M | Scene, ViewLayer | Synchronizing object | BackFill
Fra:1 Mem:10.59M (Peak 10.59M) | Time:00:00.04 | Mem:0.00M, Peak:0.00M | Scene, ViewLayer | Synchronizing object | TopSoft
Fra:1 Mem:10.59M (Peak 10.59M) | Time:00:00.04 | Mem:0.00M, Peak:0.00M | Scene, ViewLayer | Initializing
Fra:1 Mem:10.35M (Peak 10.59M) | Time:00:00.04 | Mem:0.00M, Peak:0.00M | Scene, ViewLayer | Waiting for render to start
Fra:1 Mem:10.35M (Peak 10.59M) | Time:00:00.04 | Mem:0.00M, Peak:0.00M | Scene, ViewLayer | Updating Scene
Fra:1 Mem:10.35M (Peak 10.59M) | Time:00:00.04 | Mem:0.00M, Peak:0.00M | Scene, ViewLayer | Updating Shaders
Fra:1 Mem:10.43M (Peak 10.59M) | Time:00:00.04 | Mem:0.00M, Peak:0.00M | Scene, ViewLayer | Loading render kernels (may take a few minutes the first time)
Fra:1 Mem:10.43M (Peak 37.59M) | Time:00:00.10 | Mem:0.01M, Peak:0.01M | Scene, ViewLayer | Updating Procedurals
Fra:1 Mem:10.43M (Peak 37.59M) | Time:00:00.10 | Mem:0.01M, Peak:0.01M | Scene, ViewLayer | Updating Background
Fra:1 Mem:10.43M (Peak 37.59M) | Time:00:00.10 | Mem:0.01M, Peak:0.01M | Scene, ViewLayer | Updating Camera
Fra:1 Mem:10.43M (Peak 37.59M) | Time:00:00.10 | Mem:0.01M, Peak:0.01M | Scene, ViewLayer | Updating Meshes Flags
Fra:1 Mem:10.43M (Peak 37.59M) | Time:00:00.10 | Mem:0.01M, Peak:0.01M | Scene, ViewLayer | Updating Objects
Fra:1 Mem:10.43M (Peak 37.59M) | Time:00:00.10 | Mem:0.01M, Peak:0.01M | Scene, ViewLayer | Updating Objects | Copying Transformations to device
Fra:1 Mem:10.43M (Peak 37.59M) | Time:00:00.10 | Mem:0.01M, Peak:0.01M | Scene, ViewLayer | Updating Particle Systems
Fra:1 Mem:10.43M (Peak 37.59M) | Time:00:00.10 | Mem:0.01M, Peak:0.01M | Scene, ViewLayer | Updating Particle Systems | Copying Particles to device
Fra:1 Mem:10.43M (Peak 37.59M) | Time:00:00.10 | Mem:0.01M, Peak:0.01M | Scene, ViewLayer | Updating Meshes
Fra:1 Mem:10.43M (Peak 37.59M) | Time:00:00.10 | Mem:0.01M, Peak:0.01M | Scene, ViewLayer | Updating Objects | Applying Static Transformations
Fra:1 Mem:10.43M (Peak 37.59M) | Time:00:00.10 | Mem:0.01M, Peak:0.01M | Scene, ViewLayer | Updating Mesh | Computing attributes
Fra:1 Mem:10.43M (Peak 37.59M) | Time:00:00.10 | Mem:0.01M, Peak:0.01M | Scene, ViewLayer | Updating Mesh | Copying Attributes to device
Fra:1 Mem:10.43M (Peak 37.59M) | Time:00:00.10 | Mem:0.01M, Peak:0.01M | Scene, ViewLayer | Updating Geometry BVH light 8/7 | Building BVH
Fra:1 Mem:10.43M (Peak 37.59M) | Time:00:00.10 | Mem:0.01M, Peak:0.01M | Scene, ViewLayer | Updating Geometry BVH light 8/7 | Building OptiX acceleration structure
Fra:1 Mem:10.43M (Peak 37.59M) | Time:00:00.10 | Mem:0.01M, Peak:0.01M | Scene, ViewLayer | Updating Geometry BVH TopSoft 7/7 | Building BVH
Fra:1 Mem:10.43M (Peak 37.59M) | Time:00:00.10 | Mem:0.01M, Peak:0.01M | Scene, ViewLayer | Updating Geometry BVH TopSoft 7/7 | Building OptiX acceleration structure
Fra:1 Mem:10.43M (Peak 37.59M) | Time:00:00.10 | Mem:0.01M, Peak:0.01M | Scene, ViewLayer | Updating Geometry BVH RightFill 6/7 | Building BVH
Fra:1 Mem:10.43M (Peak 37.59M) | Time:00:00.10 | Mem:0.01M, Peak:0.01M | Scene, ViewLayer | Updating Geometry BVH BackFill 4/7 | Building OptiX acceleration structure
Fra:1 Mem:10.43M (Peak 37.59M) | Time:00:00.10 | Mem:0.01M, Peak:0.01M | Scene, ViewLayer | Updating Geometry BVH 3 2/7 | Building OptiX acceleration structure
Fra:1 Mem:10.43M (Peak 37.59M) | Time:00:00.10 | Mem:0.01M, Peak:0.02M | Scene, ViewLayer | Updating Scene BVH | Building
Fra:1 Mem:10.43M (Peak 37.59M) | Time:00:00.10 | Mem:0.01M, Peak:0.02M | Scene, ViewLayer | Updating Scene BVH | Building OptiX acceleration structure
Fra:1 Mem:10.43M (Peak 37.59M) | Time:00:00.10 | Mem:0.01M, Peak:0.02M | Scene, ViewLayer | Updating Scene BVH | Copying BVH to device
Fra:1 Mem:10.43M (Peak 37.59M) | Time:00:00.10 | Mem:0.01M, Peak:0.02M | Scene, ViewLayer | Updating Mesh | Computing normals
Fra:1 Mem:10.43M (Peak 37.59M) | Time:00:00.10 | Mem:0.01M, Peak:0.02M | Scene, ViewLayer | Updating Mesh | Copying Mesh to device
Fra:1 Mem:10.43M (Peak 37.59M) | Time:00:00.10 | Mem:0.02M, Peak:0.02M | Scene, ViewLayer | Updating Objects Flags
Fra:1 Mem:10.43M (Peak 37.59M) | Time:00:00.10 | Mem:0.02M, Peak:0.02M | Scene, ViewLayer | Updating Primitive Offsets
Fra:1 Mem:10.43M (Peak 37.59M) | Time:00:00.10 | Mem:0.02M, Peak:0.02M | Scene, ViewLayer | Updating Images
Fra:1 Mem:10.43M (Peak 37.59M) | Time:00:00.10 | Mem:0.02M, Peak:0.02M | Scene, ViewLayer | Updating Camera Volume
Fra:1 Mem:10.43M (Peak 37.59M) | Time:00:00.10 | Mem:0.02M, Peak:0.02M | Scene, ViewLayer | Updating Lookup Tables
Fra:1 Mem:10.43M (Peak 37.59M) | Time:00:00.10 | Mem:0.10M, Peak:0.10M | Scene, ViewLayer | Updating Lights
Fra:1 Mem:10.43M (Peak 37.59M) | Time:00:00.10 | Mem:0.10M, Peak:0.10M | Scene, ViewLayer | Updating Lights | Computing tree
Fra:1 Mem:10.44M (Peak 37.59M) | Time:00:00.10 | Mem:0.10M, Peak:0.10M | Scene, ViewLayer | Updating Integrator
Fra:1 Mem:10.44M (Peak 37.59M) | Time:00:00.10 | Mem:0.10M, Peak:0.10M | Scene, ViewLayer | Updating Film
Fra:1 Mem:10.44M (Peak 37.59M) | Time:00:00.10 | Mem:0.02M, Peak:0.10M | Scene, ViewLayer | Updating Lookup Tables
Fra:1 Mem:10.44M (Peak 37.59M) | Time:00:00.10 | Mem:0.10M, Peak:0.10M | Scene, ViewLayer | Updating Baking
Fra:1 Mem:10.44M (Peak 37.59M) | Time:00:00.10 | Mem:0.10M, Peak:0.10M | Scene, ViewLayer | Updating Device | Writing constant memory
Fra:1 Mem:10.44M (Peak 37.59M) | Time:00:00.10 | Mem:0.10M, Peak:0.10M | Scene, ViewLayer | Loading denoising kernels (may take a few minutes the first time)
Fra:1 Mem:23.76M (Peak 37.59M) | Time:00:00.11 | Mem:1171.61M, Peak:1171.61M | Scene, ViewLayer | Sample 0/8
Fra:1 Mem:28.51M (Peak 37.59M) | Time:00:00.11 | Remaining:00:00.01 | Mem:1176.36M, Peak:1176.36M | Scene, ViewLayer | Sample 1/8
Fra:1 Mem:30.52M (Peak 37.59M) | Time:00:00.12 | Mem:1229.93M, Peak:1231.43M | Scene, ViewLayer | Sample 8/8
Fra:1 Mem:30.52M (Peak 37.59M) | Time:00:00.12 | Mem:1229.93M, Peak:1231.43M | Scene, ViewLayer | Finished
Saved: '/tmp/pose_3_aci5ouml/probe.png'
Time: 00:00.17 (Saving: 00:00.00)

Fra:1 Mem:10.58M (Peak 10.58M) | Time:00:00.04 | Mem:0.00M, Peak:0.00M | Scene, ViewLayer | Synchronizing object | 3
Fra:1 Mem:10.59M (Peak 10.59M) | Time:00:00.04 | Mem:0.00M, Peak:0.00M | Scene, ViewLayer | Synchronizing object | FrontKey
Fra:1 Mem:10.59M (Peak 10.59M) | Time:00:00.04 | Mem:0.00M, Peak:0.00M | Scene, ViewLayer | Synchronizing object | RightFill
Fra:1 Mem:10.59M (Peak 10.59M) | Time:00:00.04 | Mem:0.00M, Peak:0.00M | Scene, ViewLayer | Synchronizing object | TopSoft
Fra:1 Mem:10.59M (Peak 10.59M) | Time:00:00.04 | Mem:0.00M, Peak:0.00M | Scene, ViewLayer | Initializing
Fra:1 Mem:10.35M (Peak 10.59M) | Time:00:00.04 | Mem:0.00M, Peak:0.00M | Scene, ViewLayer | Waiting for render to start
Fra:1 Mem:10.35M (Peak 10.59M) | Time:00:00.04 | Mem:0.00M, Peak:0.00M | Scene, ViewLayer | Updating Scene
Fra:1 Mem:10.35M (Peak 10.59M) | Time:00:00.04 | Mem:0.00M, Peak:0.00M | Scene, ViewLayer | Updating Shaders
Fra:1 Mem:10.43M (Peak 10.59M) | Time:00:00.04 | Mem:0.00M, Peak:0.00M | Scene, ViewLayer | Loading render kernels (may take a few minutes the first time)
Fra:1 Mem:10.43M (Peak 37.59M) | Time:00:00.10 | Mem:0.01M, Peak:0.01M | Scene, ViewLayer | Updating Procedurals
Fra:1 Mem:10.43M (Peak 37.59M) | Time:00:00.10 | Mem:0.01M, Peak:0.01M | Scene, ViewLayer | Updating Background
Fra:1 Mem:10.43M (Peak 37.59M) | Time:00:00.10 | Mem:0.01M, Peak:0.01M | Scene, ViewLayer | Updating Camera
Fra:1 Mem:10.43M (Peak 37.59M) | Time:00:00.10 | Mem:0.01M, Peak:0.01M | Scene, ViewLayer | Updating Meshes Flags
Fra:1 Mem:10.43M (Peak 37.59M) | Time:00:00.10 | Mem:0.01M, Peak:0.01M | Scene, ViewLayer | Updating Objects
Fra:1 Mem:10.43M (Peak 37.59M) | Time:00:00.10 | Mem:0.01M, Peak:0.01M | Scene, ViewLayer | Updating Objects | Copying Transformations to device
Fra:1 Mem:10.43M (Peak 37.59M) | Time:00:00.10 | Mem:0.01M, Peak:0.01M | Scene, ViewLayer | Updating Particle Systems
Fra:1 Mem:10.43M (Peak 37.59M) | Time:00:00.10 | Mem:0.01M, Peak:0.01M | Scene, ViewLayer | Updating Particle Systems | Copying Particles to device
Fra:1 Mem:10.43M (Peak 37.59M) | Time:00:00.10 | Mem:0.01M, Peak:0.01M | Scene, ViewLayer | Updating Meshes
Fra:1 Mem:10.43M (Peak 37.59M) | Time:00:00.10 | Mem:0.01M, Peak:0.01M | Scene, ViewLayer | Updating Objects | Applying Static Transformations
Fra:1 Mem:10.43M (Peak 37.59M) | Time:00:00.10 | Mem:0.01M, Peak:0.01M | Scene, ViewLayer | Updating Mesh | Computing attributes
Fra:1 Mem:10.43M (Peak 37.59M) | Time:00:00.10 | Mem:0.01M, Peak:0.01M | Scene, ViewLayer | Updating Mesh | Copying Attributes to device
Fra:1 Mem:10.43M (Peak 37.59M) | Time:00:00.10 | Mem:0.01M, Peak:0.01M | Scene, ViewLayer | Updating Geometry BVH light 8/7 | Building BVH
Fra:1 Mem:10.43M (Peak 37.59M) | Time:00:00.10 | Mem:0.01M, Peak:0.01M | Scene, ViewLayer | Updating Geometry BVH light 8/7 | Building OptiX acceleration structure
Fra:1 Mem:10.43M (Peak 37.59M) | Time:00:00.10 | Mem:0.01M, Peak:0.01M | Scene, ViewLayer | Updating Geometry BVH TopSoft 7/7 | Building BVH
Fra:1 Mem:10.43M (Peak 37.59M) | Time:00:00.10 | Mem:0.01M, Peak:0.01M | Scene, ViewLayer | Updating Geometry BVH TopSoft 7/7 | Building OptiX acceleration structure
Fra:1 Mem:10.43M (Peak 37.59M) | Time:00:00.10 | Mem:0.01M, Peak:0.01M | Scene, ViewLayer | Updating Geometry BVH BackFill 4/7 | Building BVH
Fra:1 Mem:10.43M (Peak 37.59M) | Time:00:00.10 | Mem:0.01M, Peak:0.01M | Scene, ViewLayer | Updating Geometry BVH LeftFill 5/7 | Building OptiX acceleration structure
Fra:1 Mem:10.43M (Peak 37.59M) | Time:00:00.10 | Mem:0.01M, Peak:0.02M | Scene, ViewLayer | Updating Scene BVH | Building
Fra:1 Mem:10.43M (Peak 37.59M) | Time:00:00.10 | Mem:0.01M, Peak:0.02M | Scene, ViewLayer | Updating Scene BVH | Building OptiX acceleration structure
Fra:1 Mem:10.43M (Peak 37.59M) | Time:00:00.10 | Mem:0.01M, Peak:0.02M | Scene, ViewLayer | Updating Scene BVH | Copying BVH to device
Fra:1 Mem:10.43M (Peak 37.59M) | Time:00:00.10 | Mem:0.01M, Peak:0.02M | Scene, ViewLayer | Updating Mesh | Computing normals
Fra:1 Mem:10.43M (Peak 37.59M) | Time:00:00.10 | Mem:0.01M, Peak:0.02M | Scene, ViewLayer | Updating Mesh | Copying Mesh to device
Fra:1 Mem:10.43M (Peak 37.59M) | Time:00:00.10 | Mem:0.02M, Peak:0.02M | Scene, ViewLayer | Updating Objects Flags
Fra:1 Mem:10.43M (Peak 37.59M) | Time:00:00.10 | Mem:0.02M, Peak:0.02M | Scene, ViewLayer | Updating Primitive Offsets
Fra:1 Mem:10.43M (Peak 37.59M) | Time:00:00.10 | Mem:0.02M, Peak:0.02M | Scene, ViewLayer | Updating Images
Fra:1 Mem:10.43M (Peak 37.59M) | Time:00:00.10 | Mem:0.02M, Peak:0.02M | Scene, ViewLayer | Updating Camera Volume
Fra:1 Mem:10.43M (Peak 37.59M) | Time:00:00.10 | Mem:0.02M, Peak:0.02M | Scene, ViewLayer | Updating Lookup Tables
Fra:1 Mem:10.43M (Peak 37.59M) | Time:00:00.10 | Mem:0.10M, Peak:0.10M | Scene, ViewLayer | Updating Lights
Fra:1 Mem:10.43M (Peak 37.59M) | Time:00:00.10 | Mem:0.10M, Peak:0.10M | Scene, ViewLayer | Updating Lights | Computing tree
Fra:1 Mem:10.44M (Peak 37.59M) | Time:00:00.10 | Mem:0.10M, Peak:0.10M | Scene, ViewLayer | Updating Integrator
Fra:1 Mem:10.44M (Peak 37.59M) | Time:00:00.10 | Mem:0.10M, Peak:0.10M | Scene, ViewLayer | Updating Film
Fra:1 Mem:10.44M (Peak 37.59M) | Time:00:00.10 | Mem:0.02M, Peak:0.10M | Scene, ViewLayer | Updating Lookup Tables
Fra:1 Mem:10.44M (Peak 37.59M) | Time:00:00.10 | Mem:0.10M, Peak:0.10M | Scene, ViewLayer | Updating Baking
Fra:1 Mem:10.44M (Peak 37.59M) | Time:00:00.10 | Mem:0.10M, Peak:0.10M | Scene, ViewLayer | Updating Device | Writing constant memory
Fra:1 Mem:10.44M (Peak 37.59M) | Time:00:00.10 | Mem:0.10M, Peak:0.10M | Scene, ViewLayer | Loading denoising kernels (may take a few minutes the first time)
Fra:1 Mem:23.76M (Peak 37.59M) | Time:00:00.10 | Mem:1171.61M, Peak:1171.61M | Scene, ViewLayer | Sample 0/8
Fra:1 Mem:28.51M (Peak 37.59M) | Time:00:00.11 | Remaining:00:00.00 | Mem:1176.36M, Peak:1176.36M | Scene, ViewLayer | Sample 1/8
Fra:1 Mem:30.52M (Peak 37.59M) | Time:00:00.12 | Mem:1229.93M, Peak:1231.43M | Scene, ViewLayer | Sample 8/8
Fra:1 Mem:30.52M (Peak 37.59M) | Time:00:00.12 | Mem:1229.93M, Peak:1231.43M | Scene, ViewLayer | Finished
Saved: '/tmp/pose_3_aci5ouml/probe.png'
Time: 00:00.17 (Saving: 00:00.00)

Fra:1 Mem:10.58M (Peak 10.58M) | Time:00:00.04 | Mem:0.00M, Peak:0.00M | Scene, ViewLayer | Synchronizing object | 3
Fra:1 Mem:10.59M (Peak 10.59M) | Time:00:00.04 | Mem:0.00M, Peak:0.00M | Scene, ViewLayer | Synchronizing object | BackFill
Fra:1 Mem:10.59M (Peak 10.59M) | Time:00:00.04 | Mem:0.00M, Peak:0.00M | Scene, ViewLayer | Synchronizing object | RightFill
Fra:1 Mem:10.59M (Peak 10.59M) | Time:00:00.04 | Mem:0.00M, Peak:0.00M | Scene, ViewLayer | Synchronizing object | TopSoft
Fra:1 Mem:10.59M (Peak 10.59M) | Time:00:00.04 | Mem:0.00M, Peak:0.00M | Scene, ViewLayer | Initializing
Fra:1 Mem:10.35M (Peak 10.59M) | Time:00:00.04 | Mem:0.00M, Peak:0.00M | Scene, ViewLayer | Waiting for render to start
Fra:1 Mem:10.35M (Peak 10.59M) | Time:00:00.04 | Mem:0.00M, Peak:0.00M | Scene, ViewLayer | Updating Scene
Fra:1 Mem:10.35M (Peak 10.59M) | Time:00:00.04 | Mem:0.00M, Peak:0.00M | Scene, ViewLayer | Updating Shaders
Fra:1 Mem:10.43M (Peak 10.59M) | Time:00:00.04 | Mem:0.00M, Peak:0.00M | Scene, ViewLayer | Loading render kernels (may take a few minutes the first time)
Fra:1 Mem:10.43M (Peak 37.59M) | Time:00:00.10 | Mem:0.01M, Peak:0.01M | Scene, ViewLayer | Updating Procedurals
Fra:1 Mem:10.43M (Peak 37.59M) | Time:00:00.10 | Mem:0.01M, Peak:0.01M | Scene, ViewLayer | Updating Background
Fra:1 Mem:10.43M (Peak 37.59M) | Time:00:00.10 | Mem:0.01M, Peak:0.01M | Scene, ViewLayer | Updating Camera
Fra:1 Mem:10.43M (Peak 37.59M) | Time:00:00.10 | Mem:0.01M, Peak:0.01M | Scene, ViewLayer | Updating Meshes Flags
Fra:1 Mem:10.43M (Peak 37.59M) | Time:00:00.10 | Mem:0.01M, Peak:0.01M | Scene, ViewLayer | Updating Objects
Fra:1 Mem:10.43M (Peak 37.59M) | Time:00:00.10 | Mem:0.01M, Peak:0.01M | Scene, ViewLayer | Updating Objects | Copying Transformations to device
Fra:1 Mem:10.43M (Peak 37.59M) | Time:00:00.10 | Mem:0.01M, Peak:0.01M | Scene, ViewLayer | Updating Particle Systems
Fra:1 Mem:10.43M (Peak 37.59M) | Time:00:00.10 | Mem:0.01M, Peak:0.01M | Scene, ViewLayer | Updating Particle Systems | Copying Particles to device
Fra:1 Mem:10.43M (Peak 37.59M) | Time:00:00.10 | Mem:0.01M, Peak:0.01M | Scene, ViewLayer | Updating Meshes
Fra:1 Mem:10.43M (Peak 37.59M) | Time:00:00.10 | Mem:0.01M, Peak:0.01M | Scene, ViewLayer | Updating Objects | Applying Static Transformations
Fra:1 Mem:10.43M (Peak 37.59M) | Time:00:00.10 | Mem:0.01M, Peak:0.01M | Scene, ViewLayer | Updating Mesh | Computing attributes
Fra:1 Mem:10.43M (Peak 37.59M) | Time:00:00.10 | Mem:0.01M, Peak:0.01M | Scene, ViewLayer | Updating Mesh | Copying Attributes to device
Fra:1 Mem:10.43M (Peak 37.59M) | Time:00:00.10 | Mem:0.01M, Peak:0.01M | Scene, ViewLayer | Updating Geometry BVH light 8/7 | Building BVH
Fra:1 Mem:10.43M (Peak 37.59M) | Time:00:00.10 | Mem:0.01M, Peak:0.01M | Scene, ViewLayer | Updating Geometry BVH light 8/7 | Building OptiX acceleration structure
Fra:1 Mem:10.43M (Peak 37.59M) | Time:00:00.10 | Mem:0.01M, Peak:0.01M | Scene, ViewLayer | Updating Geometry BVH TopSoft 7/7 | Building BVH
Fra:1 Mem:10.43M (Peak 37.59M) | Time:00:00.10 | Mem:0.01M, Peak:0.01M | Scene, ViewLayer | Updating Geometry BVH 3 2/7 | Building OptiX acceleration structure
Fra:1 Mem:10.43M (Peak 37.59M) | Time:00:00.10 | Mem:0.01M, Peak:0.01M | Scene, ViewLayer | Updating Geometry BVH FrontKey 3/7 | Building BVH
Fra:1 Mem:10.43M (Peak 37.59M) | Time:00:00.10 | Mem:0.01M, Peak:0.01M | Scene, ViewLayer | Updating Geometry BVH LeftFill 5/7 | Building OptiX acceleration structure
Fra:1 Mem:10.43M (Peak 37.59M) | Time:00:00.10 | Mem:0.01M, Peak:0.02M | Scene, ViewLayer | Updating Scene BVH | Building
Fra:1 Mem:10.43M (Peak 37.59M) | Time:00:00.10 | Mem:0.01M, Peak:0.02M | Scene, ViewLayer | Updating Scene BVH | Building OptiX acceleration structure
Fra:1 Mem:10.43M (Peak 37.59M) | Time:00:00.10 | Mem:0.01M, Peak:0.02M | Scene, ViewLayer | Updating Scene BVH | Copying BVH to device
Fra:1 Mem:10.43M (Peak 37.59M) | Time:00:00.10 | Mem:0.01M, Peak:0.02M | Scene, ViewLayer | Updating Mesh | Computing normals
Fra:1 Mem:10.43M (Peak 37.59M) | Time:00:00.10 | Mem:0.01M, Peak:0.02M | Scene, ViewLayer | Updating Mesh | Copying Mesh to device
Fra:1 Mem:10.43M (Peak 37.59M) | Time:00:00.10 | Mem:0.02M, Peak:0.02M | Scene, ViewLayer | Updating Objects Flags
Fra:1 Mem:10.43M (Peak 37.59M) | Time:00:00.10 | Mem:0.02M, Peak:0.02M | Scene, ViewLayer | Updating Primitive Offsets
Fra:1 Mem:10.43M (Peak 37.59M) | Time:00:00.10 | Mem:0.02M, Peak:0.02M | Scene, ViewLayer | Updating Images
Fra:1 Mem:10.43M (Peak 37.59M) | Time:00:00.10 | Mem:0.02M, Peak:0.02M | Scene, ViewLayer | Updating Camera Volume
Fra:1 Mem:10.43M (Peak 37.59M) | Time:00:00.10 | Mem:0.02M, Peak:0.02M | Scene, ViewLayer | Updating Lookup Tables
Fra:1 Mem:10.43M (Peak 37.59M) | Time:00:00.10 | Mem:0.10M, Peak:0.10M | Scene, ViewLayer | Updating Lights
Fra:1 Mem:10.43M (Peak 37.59M) | Time:00:00.10 | Mem:0.10M, Peak:0.10M | Scene, ViewLayer | Updating Lights | Computing tree
Fra:1 Mem:10.44M (Peak 37.59M) | Time:00:00.10 | Mem:0.10M, Peak:0.10M | Scene, ViewLayer | Updating Integrator
Fra:1 Mem:10.44M (Peak 37.59M) | Time:00:00.10 | Mem:0.10M, Peak:0.10M | Scene, ViewLayer | Updating Film
Fra:1 Mem:10.44M (Peak 37.59M) | Time:00:00.10 | Mem:0.02M, Peak:0.10M | Scene, ViewLayer | Updating Lookup Tables
Fra:1 Mem:10.44M (Peak 37.59M) | Time:00:00.10 | Mem:0.10M, Peak:0.10M | Scene, ViewLayer | Updating Baking
Fra:1 Mem:10.44M (Peak 37.59M) | Time:00:00.10 | Mem:0.10M, Peak:0.10M | Scene, ViewLayer | Updating Device | Writing constant memory
Fra:1 Mem:10.44M (Peak 37.59M) | Time:00:00.10 | Mem:0.10M, Peak:0.10M | Scene, ViewLayer | Loading denoising kernels (may take a few minutes the first time)
Fra:1 Mem:23.76M (Peak 37.59M) | Time:00:00.10 | Mem:1171.61M, Peak:1171.61M | Scene, ViewLayer | Sample 0/8
Fra:1 Mem:28.51M (Peak 37.59M) | Time:00:00.11 | Remaining:00:00.00 | Mem:1176.36M, Peak:1176.36M | Scene, ViewLayer | Sample 1/8
Fra:1 Mem:30.52M (Peak 37.59M) | Time:00:00.12 | Mem:1229.93M, Peak:1231.43M | Scene, ViewLayer | Sample 8/8
Fra:1 Mem:30.52M (Peak 37.59M) | Time:00:00.12 | Mem:1229.93M, Peak:1231.43M | Scene, ViewLayer | Finished
Saved: '/tmp/pose_3_aci5ouml/probe.png'
Time: 00:00.17 (Saving: 00:00.00)

Fra:1 Mem:10.58M (Peak 10.58M) | Time:00:00.04 | Mem:0.00M, Peak:0.00M | Scene, ViewLayer | Synchronizing object | 3
Fra:1 Mem:10.59M (Peak 10.59M) | Time:00:00.04 | Mem:0.00M, Peak:0.00M | Scene, ViewLayer | Synchronizing object | BackFill
Fra:1 Mem:10.59M (Peak 10.59M) | Time:00:00.04 | Mem:0.00M, Peak:0.00M | Scene, ViewLayer | Synchronizing object | TopSoft
Fra:1 Mem:10.59M (Peak 10.59M) | Time:00:00.04 | Mem:0.00M, Peak:0.00M | Scene, ViewLayer | Initializing
Fra:1 Mem:10.35M (Peak 10.59M) | Time:00:00.04 | Mem:0.00M, Peak:0.00M | Scene, ViewLayer | Waiting for render to start
Fra:1 Mem:10.35M (Peak 10.59M) | Time:00:00.04 | Mem:0.00M, Peak:0.00M | Scene, ViewLayer | Updating Scene
Fra:1 Mem:10.35M (Peak 10.59M) | Time:00:00.04 | Mem:0.00M, Peak:0.00M | Scene, ViewLayer | Updating Shaders
Fra:1 Mem:10.43M (Peak 10.59M) | Time:00:00.04 | Mem:0.00M, Peak:0.00M | Scene, ViewLayer | Loading render kernels (may take a few minutes the first time)
Fra:1 Mem:10.43M (Peak 37.59M) | Time:00:00.10 | Mem:0.01M, Peak:0.01M | Scene, ViewLayer | Updating Procedurals
Fra:1 Mem:10.43M (Peak 37.59M) | Time:00:00.10 | Mem:0.01M, Peak:0.01M | Scene, ViewLayer | Updating Background
Fra:1 Mem:10.43M (Peak 37.59M) | Time:00:00.10 | Mem:0.01M, Peak:0.01M | Scene, ViewLayer | Updating Camera
Fra:1 Mem:10.43M (Peak 37.59M) | Time:00:00.10 | Mem:0.01M, Peak:0.01M | Scene, ViewLayer | Updating Meshes Flags
Fra:1 Mem:10.43M (Peak 37.59M) | Time:00:00.10 | Mem:0.01M, Peak:0.01M | Scene, ViewLayer | Updating Objects
Fra:1 Mem:10.43M (Peak 37.59M) | Time:00:00.10 | Mem:0.01M, Peak:0.01M | Scene, ViewLayer | Updating Objects | Copying Transformations to device
Fra:1 Mem:10.43M (Peak 37.59M) | Time:00:00.10 | Mem:0.01M, Peak:0.01M | Scene, ViewLayer | Updating Particle Systems
Fra:1 Mem:10.43M (Peak 37.59M) | Time:00:00.10 | Mem:0.01M, Peak:0.01M | Scene, ViewLayer | Updating Particle Systems | Copying Particles to device
Fra:1 Mem:10.43M (Peak 37.59M) | Time:00:00.10 | Mem:0.01M, Peak:0.01M | Scene, ViewLayer | Updating Meshes
Fra:1 Mem:10.43M (Peak 37.59M) | Time:00:00.10 | Mem:0.01M, Peak:0.01M | Scene, ViewLayer | Updating Objects | Applying Static Transformations
Fra:1 Mem:10.43M (Peak 37.59M) | Time:00:00.10 | Mem:0.01M, Peak:0.01M | Scene, ViewLayer | Updating Mesh | Computing attributes
Fra:1 Mem:10.43M (Peak 37.59M) | Time:00:00.10 | Mem:0.01M, Peak:0.01M | Scene, ViewLayer | Updating Mesh | Copying Attributes to device
Fra:1 Mem:10.43M (Peak 37.59M) | Time:00:00.10 | Mem:0.01M, Peak:0.01M | Scene, ViewLayer | Updating Geometry BVH light 8/7 | Building BVH
Fra:1 Mem:10.43M (Peak 37.59M) | Time:00:00.10 | Mem:0.01M, Peak:0.01M | Scene, ViewLayer | Updating Geometry BVH light 8/7 | Building OptiX acceleration structure
Fra:1 Mem:10.43M (Peak 37.59M) | Time:00:00.10 | Mem:0.01M, Peak:0.01M | Scene, ViewLayer | Updating Geometry BVH TopSoft 7/7 | Building BVH
Fra:1 Mem:10.43M (Peak 37.59M) | Time:00:00.10 | Mem:0.01M, Peak:0.01M | Scene, ViewLayer | Updating Geometry BVH FrontKey 3/7 | Building OptiX acceleration structure
Fra:1 Mem:10.43M (Peak 37.59M) | Time:00:00.10 | Mem:0.01M, Peak:0.01M | Scene, ViewLayer | Updating Geometry BVH LeftFill 5/7 | Building BVH
Fra:1 Mem:10.43M (Peak 37.59M) | Time:00:00.10 | Mem:0.01M, Peak:0.01M | Scene, ViewLayer | Updating Geometry BVH RightFill 6/7 | Building OptiX acceleration structure
Fra:1 Mem:10.43M (Peak 37.59M) | Time:00:00.10 | Mem:0.01M, Peak:0.02M | Scene, ViewLayer | Updating Scene BVH | Building
Fra:1 Mem:10.43M (Peak 37.59M) | Time:00:00.10 | Mem:0.01M, Peak:0.02M | Scene, ViewLayer | Updating Scene BVH | Building OptiX acceleration structure
Fra:1 Mem:10.43M (Peak 37.59M) | Time:00:00.10 | Mem:0.01M, Peak:0.02M | Scene, ViewLayer | Updating Scene BVH | Copying BVH to device
Fra:1 Mem:10.43M (Peak 37.59M) | Time:00:00.10 | Mem:0.01M, Peak:0.02M | Scene, ViewLayer | Updating Mesh | Computing normals
Fra:1 Mem:10.43M (Peak 37.59M) | Time:00:00.10 | Mem:0.01M, Peak:0.02M | Scene, ViewLayer | Updating Mesh | Copying Mesh to device
Fra:1 Mem:10.43M (Peak 37.59M) | Time:00:00.10 | Mem:0.02M, Peak:0.02M | Scene, ViewLayer | Updating Objects Flags
Fra:1 Mem:10.43M (Peak 37.59M) | Time:00:00.10 | Mem:0.02M, Peak:0.02M | Scene, ViewLayer | Updating Primitive Offsets
Fra:1 Mem:10.43M (Peak 37.59M) | Time:00:00.10 | Mem:0.02M, Peak:0.02M | Scene, ViewLayer | Updating Images
Fra:1 Mem:10.43M (Peak 37.59M) | Time:00:00.10 | Mem:0.02M, Peak:0.02M | Scene, ViewLayer | Updating Camera Volume
Fra:1 Mem:10.43M (Peak 37.59M) | Time:00:00.10 | Mem:0.02M, Peak:0.02M | Scene, ViewLayer | Updating Lookup Tables
Fra:1 Mem:10.43M (Peak 37.59M) | Time:00:00.10 | Mem:0.10M, Peak:0.10M | Scene, ViewLayer | Updating Lights
Fra:1 Mem:10.43M (Peak 37.59M) | Time:00:00.10 | Mem:0.10M, Peak:0.10M | Scene, ViewLayer | Updating Lights | Computing tree
Fra:1 Mem:10.44M (Peak 37.59M) | Time:00:00.10 | Mem:0.10M, Peak:0.10M | Scene, ViewLayer | Updating Integrator
Fra:1 Mem:10.44M (Peak 37.59M) | Time:00:00.10 | Mem:0.10M, Peak:0.10M | Scene, ViewLayer | Updating Film
Fra:1 Mem:10.44M (Peak 37.59M) | Time:00:00.10 | Mem:0.02M, Peak:0.10M | Scene, ViewLayer | Updating Lookup Tables
Fra:1 Mem:10.44M (Peak 37.59M) | Time:00:00.10 | Mem:0.10M, Peak:0.10M | Scene, ViewLayer | Updating Baking
Fra:1 Mem:10.44M (Peak 37.59M) | Time:00:00.10 | Mem:0.10M, Peak:0.10M | Scene, ViewLayer | Updating Device | Writing constant memory
Fra:1 Mem:10.44M (Peak 37.59M) | Time:00:00.10 | Mem:0.10M, Peak:0.10M | Scene, ViewLayer | Loading denoising kernels (may take a few minutes the first time)
Fra:1 Mem:23.76M (Peak 37.59M) | Time:00:00.10 | Mem:1171.61M, Peak:1171.61M | Scene, ViewLayer | Sample 0/8
Fra:1 Mem:28.51M (Peak 37.59M) | Time:00:00.10 | Remaining:00:00.00 | Mem:1176.36M, Peak:1176.36M | Scene, ViewLayer | Sample 1/8
Fra:1 Mem:30.52M (Peak 37.59M) | Time:00:00.12 | Mem:1229.93M, Peak:1231.43M | Scene, ViewLayer | Sample 8/8
Fra:1 Mem:30.52M (Peak 37.59M) | Time:00:00.12 | Mem:1229.93M, Peak:1231.43M | Scene, ViewLayer | Finished
Saved: '/tmp/pose_3_aci5ouml/probe.png'
Time: 00:00.17 (Saving: 00:00.00)

Fra:1 Mem:10.58M (Peak 10.58M) | Time:00:00.04 | Mem:0.00M, Peak:0.00M | Scene, ViewLayer | Synchronizing object | 3
Fra:1 Mem:10.59M (Peak 10.59M) | Time:00:00.04 | Mem:0.00M, Peak:0.00M | Scene, ViewLayer | Synchronizing object | BackFill
Fra:1 Mem:10.59M (Peak 10.59M) | Time:00:00.04 | Mem:0.00M, Peak:0.00M | Scene, ViewLayer | Synchronizing object | RightFill
Fra:1 Mem:10.59M (Peak 10.59M) | Time:00:00.04 | Mem:0.00M, Peak:0.00M | Scene, ViewLayer | Synchronizing object | TopSoft
Fra:1 Mem:10.59M (Peak 10.59M) | Time:00:00.04 | Mem:0.00M, Peak:0.00M | Scene, ViewLayer | Initializing
Fra:1 Mem:10.35M (Peak 10.59M) | Time:00:00.04 | Mem:0.00M, Peak:0.00M | Scene, ViewLayer | Waiting for render to start
Fra:1 Mem:10.35M (Peak 10.59M) | Time:00:00.04 | Mem:0.00M, Peak:0.00M | Scene, ViewLayer | Updating Scene
Fra:1 Mem:10.35M (Peak 10.59M) | Time:00:00.04 | Mem:0.00M, Peak:0.00M | Scene, ViewLayer | Updating Shaders
Fra:1 Mem:10.43M (Peak 10.59M) | Time:00:00.04 | Mem:0.00M, Peak:0.00M | Scene, ViewLayer | Loading render kernels (may take a few minutes the first time)
Fra:1 Mem:10.43M (Peak 37.59M) | Time:00:00.10 | Mem:0.01M, Peak:0.01M | Scene, ViewLayer | Updating Procedurals
Fra:1 Mem:10.43M (Peak 37.59M) | Time:00:00.10 | Mem:0.01M, Peak:0.01M | Scene, ViewLayer | Updating Background
Fra:1 Mem:10.43M (Peak 37.59M) | Time:00:00.10 | Mem:0.01M, Peak:0.01M | Scene, ViewLayer | Updating Camera
Fra:1 Mem:10.43M (Peak 37.59M) | Time:00:00.10 | Mem:0.01M, Peak:0.01M | Scene, ViewLayer | Updating Meshes Flags
Fra:1 Mem:10.43M (Peak 37.59M) | Time:00:00.10 | Mem:0.01M, Peak:0.01M | Scene, ViewLayer | Updating Objects
Fra:1 Mem:10.43M (Peak 37.59M) | Time:00:00.10 | Mem:0.01M, Peak:0.01M | Scene, ViewLayer | Updating Objects | Copying Transformations to device
Fra:1 Mem:10.43M (Peak 37.59M) | Time:00:00.10 | Mem:0.01M, Peak:0.01M | Scene, ViewLayer | Updating Particle Systems
Fra:1 Mem:10.43M (Peak 37.59M) | Time:00:00.10 | Mem:0.01M, Peak:0.01M | Scene, ViewLayer | Updating Particle Systems | Copying Particles to device
Fra:1 Mem:10.43M (Peak 37.59M) | Time:00:00.10 | Mem:0.01M, Peak:0.01M | Scene, ViewLayer | Updating Meshes
Fra:1 Mem:10.43M (Peak 37.59M) | Time:00:00.10 | Mem:0.01M, Peak:0.01M | Scene, ViewLayer | Updating Objects | Applying Static Transformations
Fra:1 Mem:10.43M (Peak 37.59M) | Time:00:00.10 | Mem:0.01M, Peak:0.01M | Scene, ViewLayer | Updating Mesh | Computing attributes
Fra:1 Mem:10.43M (Peak 37.59M) | Time:00:00.10 | Mem:0.01M, Peak:0.01M | Scene, ViewLayer | Updating Mesh | Copying Attributes to device
Fra:1 Mem:10.43M (Peak 37.59M) | Time:00:00.10 | Mem:0.01M, Peak:0.01M | Scene, ViewLayer | Updating Geometry BVH light 8/7 | Building BVH
Fra:1 Mem:10.43M (Peak 37.59M) | Time:00:00.10 | Mem:0.01M, Peak:0.01M | Scene, ViewLayer | Updating Geometry BVH light 8/7 | Building OptiX acceleration structure
Fra:1 Mem:10.43M (Peak 37.59M) | Time:00:00.10 | Mem:0.01M, Peak:0.01M | Scene, ViewLayer | Updating Geometry BVH TopSoft 7/7 | Building BVH
Fra:1 Mem:10.43M (Peak 37.59M) | Time:00:00.10 | Mem:0.01M, Peak:0.01M | Scene, ViewLayer | Updating Geometry BVH 3 2/7 | Building OptiX acceleration structure
Fra:1 Mem:10.43M (Peak 37.59M) | Time:00:00.10 | Mem:0.01M, Peak:0.01M | Scene, ViewLayer | Updating Geometry BVH LeftFill 5/7 | Building OptiX acceleration structure
Fra:1 Mem:10.43M (Peak 37.59M) | Time:00:00.10 | Mem:0.01M, Peak:0.02M | Scene, ViewLayer | Updating Scene BVH | Building
Fra:1 Mem:10.43M (Peak 37.59M) | Time:00:00.10 | Mem:0.01M, Peak:0.02M | Scene, ViewLayer | Updating Scene BVH | Building OptiX acceleration structure
Fra:1 Mem:10.43M (Peak 37.59M) | Time:00:00.10 | Mem:0.01M, Peak:0.02M | Scene, ViewLayer | Updating Scene BVH | Copying BVH to device
Fra:1 Mem:10.43M (Peak 37.59M) | Time:00:00.10 | Mem:0.01M, Peak:0.02M | Scene, ViewLayer | Updating Mesh | Computing normals
Fra:1 Mem:10.43M (Peak 37.59M) | Time:00:00.10 | Mem:0.01M, Peak:0.02M | Scene, ViewLayer | Updating Mesh | Copying Mesh to device
Fra:1 Mem:10.43M (Peak 37.59M) | Time:00:00.10 | Mem:0.02M, Peak:0.02M | Scene, ViewLayer | Updating Objects Flags
Fra:1 Mem:10.43M (Peak 37.59M) | Time:00:00.10 | Mem:0.02M, Peak:0.02M | Scene, ViewLayer | Updating Primitive Offsets
Fra:1 Mem:10.43M (Peak 37.59M) | Time:00:00.10 | Mem:0.02M, Peak:0.02M | Scene, ViewLayer | Updating Images
Fra:1 Mem:10.43M (Peak 37.59M) | Time:00:00.10 | Mem:0.02M, Peak:0.02M | Scene, ViewLayer | Updating Camera Volume
Fra:1 Mem:10.43M (Peak 37.59M) | Time:00:00.10 | Mem:0.02M, Peak:0.02M | Scene, ViewLayer | Updating Lookup Tables
Fra:1 Mem:10.43M (Peak 37.59M) | Time:00:00.10 | Mem:0.10M, Peak:0.10M | Scene, ViewLayer | Updating Lights
Fra:1 Mem:10.43M (Peak 37.59M) | Time:00:00.10 | Mem:0.10M, Peak:0.10M | Scene, ViewLayer | Updating Lights | Computing tree
Fra:1 Mem:10.44M (Peak 37.59M) | Time:00:00.10 | Mem:0.10M, Peak:0.10M | Scene, ViewLayer | Updating Integrator
Fra:1 Mem:10.44M (Peak 37.59M) | Time:00:00.10 | Mem:0.10M, Peak:0.10M | Scene, ViewLayer | Updating Film
Fra:1 Mem:10.44M (Peak 37.59M) | Time:00:00.10 | Mem:0.02M, Peak:0.10M | Scene, ViewLayer | Updating Lookup Tables
Fra:1 Mem:10.44M (Peak 37.59M) | Time:00:00.10 | Mem:0.10M, Peak:0.10M | Scene, ViewLayer | Updating Baking
Fra:1 Mem:10.44M (Peak 37.59M) | Time:00:00.10 | Mem:0.10M, Peak:0.10M | Scene, ViewLayer | Updating Device | Writing constant memory
Fra:1 Mem:10.44M (Peak 37.59M) | Time:00:00.10 | Mem:0.10M, Peak:0.10M | Scene, ViewLayer | Loading denoising kernels (may take a few minutes the first time)
Fra:1 Mem:23.76M (Peak 37.59M) | Time:00:00.10 | Mem:1171.61M, Peak:1171.61M | Scene, ViewLayer | Sample 0/8
Fra:1 Mem:28.51M (Peak 37.59M) | Time:00:00.11 | Remaining:00:00.01 | Mem:1176.36M, Peak:1176.36M | Scene, ViewLayer | Sample 1/8
Fra:1 Mem:30.52M (Peak 37.59M) | Time:00:00.12 | Mem:1229.93M, Peak:1231.43M | Scene, ViewLayer | Sample 8/8
Fra:1 Mem:30.52M (Peak 37.59M) | Time:00:00.12 | Mem:1229.93M, Peak:1231.43M | Scene, ViewLayer | Finished
Saved: '/tmp/pose_3_aci5ouml/probe.png'
Time: 00:00.17 (Saving: 00:00.00)

Fra:1 Mem:10.58M (Peak 10.58M) | Time:00:00.04 | Mem:0.00M, Peak:0.00M | Scene, ViewLayer | Synchronizing object | 3
Fra:1 Mem:10.59M (Peak 10.59M) | Time:00:00.04 | Mem:0.00M, Peak:0.00M | Scene, ViewLayer | Synchronizing object | FrontKey
Fra:1 Mem:10.59M (Peak 10.59M) | Time:00:00.04 | Mem:0.00M, Peak:0.00M | Scene, ViewLayer | Synchronizing object | LeftFill
Fra:1 Mem:10.59M (Peak 10.59M) | Time:00:00.04 | Mem:0.00M, Peak:0.00M | Scene, ViewLayer | Synchronizing object | TopSoft
Fra:1 Mem:10.59M (Peak 10.59M) | Time:00:00.04 | Mem:0.00M, Peak:0.00M | Scene, ViewLayer | Initializing
Fra:1 Mem:10.35M (Peak 10.59M) | Time:00:00.04 | Mem:0.00M, Peak:0.00M | Scene, ViewLayer | Waiting for render to start
Fra:1 Mem:10.35M (Peak 10.59M) | Time:00:00.04 | Mem:0.00M, Peak:0.00M | Scene, ViewLayer | Updating Scene
Fra:1 Mem:10.35M (Peak 10.59M) | Time:00:00.04 | Mem:0.00M, Peak:0.00M | Scene, ViewLayer | Updating Shaders
Fra:1 Mem:10.43M (Peak 10.59M) | Time:00:00.04 | Mem:0.00M, Peak:0.00M | Scene, ViewLayer | Loading render kernels (may take a few minutes the first time)
Fra:1 Mem:10.43M (Peak 37.59M) | Time:00:00.10 | Mem:0.01M, Peak:0.01M | Scene, ViewLayer | Updating Procedurals
Fra:1 Mem:10.43M (Peak 37.59M) | Time:00:00.10 | Mem:0.01M, Peak:0.01M | Scene, ViewLayer | Updating Background
Fra:1 Mem:10.43M (Peak 37.59M) | Time:00:00.10 | Mem:0.01M, Peak:0.01M | Scene, ViewLayer | Updating Camera
Fra:1 Mem:10.43M (Peak 37.59M) | Time:00:00.10 | Mem:0.01M, Peak:0.01M | Scene, ViewLayer | Updating Meshes Flags
Fra:1 Mem:10.43M (Peak 37.59M) | Time:00:00.10 | Mem:0.01M, Peak:0.01M | Scene, ViewLayer | Updating Objects
Fra:1 Mem:10.43M (Peak 37.59M) | Time:00:00.10 | Mem:0.01M, Peak:0.01M | Scene, ViewLayer | Updating Objects | Copying Transformations to device
Fra:1 Mem:10.43M (Peak 37.59M) | Time:00:00.10 | Mem:0.01M, Peak:0.01M | Scene, ViewLayer | Updating Particle Systems
Fra:1 Mem:10.43M (Peak 37.59M) | Time:00:00.10 | Mem:0.01M, Peak:0.01M | Scene, ViewLayer | Updating Particle Systems | Copying Particles to device
Fra:1 Mem:10.43M (Peak 37.59M) | Time:00:00.10 | Mem:0.01M, Peak:0.01M | Scene, ViewLayer | Updating Meshes
Fra:1 Mem:10.43M (Peak 37.59M) | Time:00:00.10 | Mem:0.01M, Peak:0.01M | Scene, ViewLayer | Updating Objects | Applying Static Transformations
Fra:1 Mem:10.43M (Peak 37.59M) | Time:00:00.10 | Mem:0.01M, Peak:0.01M | Scene, ViewLayer | Updating Mesh | Computing attributes
Fra:1 Mem:10.43M (Peak 37.59M) | Time:00:00.10 | Mem:0.01M, Peak:0.01M | Scene, ViewLayer | Updating Mesh | Copying Attributes to device
Fra:1 Mem:10.43M (Peak 37.59M) | Time:00:00.10 | Mem:0.01M, Peak:0.01M | Scene, ViewLayer | Updating Geometry BVH light 8/7 | Building BVH
Fra:1 Mem:10.43M (Peak 37.59M) | Time:00:00.10 | Mem:0.01M, Peak:0.01M | Scene, ViewLayer | Updating Geometry BVH light 8/7 | Building OptiX acceleration structure
Fra:1 Mem:10.43M (Peak 37.59M) | Time:00:00.10 | Mem:0.01M, Peak:0.01M | Scene, ViewLayer | Updating Geometry BVH TopSoft 7/7 | Building BVH
Fra:1 Mem:10.43M (Peak 37.59M) | Time:00:00.10 | Mem:0.01M, Peak:0.01M | Scene, ViewLayer | Updating Geometry BVH TopSoft 7/7 | Building OptiX acceleration structure
Fra:1 Mem:10.43M (Peak 37.59M) | Time:00:00.10 | Mem:0.01M, Peak:0.01M | Scene, ViewLayer | Updating Geometry BVH RightFill 6/7 | Building BVH
Fra:1 Mem:10.43M (Peak 37.59M) | Time:00:00.10 | Mem:0.01M, Peak:0.01M | Scene, ViewLayer | Updating Geometry BVH BackFill 4/7 | Building BVH
Fra:1 Mem:10.43M (Peak 37.59M) | Time:00:00.10 | Mem:0.01M, Peak:0.01M | Scene, ViewLayer | Updating Geometry BVH BackFill 4/7 | Building OptiX acceleration structure
Fra:1 Mem:10.43M (Peak 37.59M) | Time:00:00.10 | Mem:0.01M, Peak:0.02M | Scene, ViewLayer | Updating Scene BVH | Building
Fra:1 Mem:10.43M (Peak 37.59M) | Time:00:00.10 | Mem:0.01M, Peak:0.02M | Scene, ViewLayer | Updating Scene BVH | Building OptiX acceleration structure
Fra:1 Mem:10.43M (Peak 37.59M) | Time:00:00.10 | Mem:0.01M, Peak:0.02M | Scene, ViewLayer | Updating Scene BVH | Copying BVH to device
Fra:1 Mem:10.43M (Peak 37.59M) | Time:00:00.10 | Mem:0.01M, Peak:0.02M | Scene, ViewLayer | Updating Mesh | Computing normals
Fra:1 Mem:10.43M (Peak 37.59M) | Time:00:00.10 | Mem:0.01M, Peak:0.02M | Scene, ViewLayer | Updating Mesh | Copying Mesh to device
Fra:1 Mem:10.43M (Peak 37.59M) | Time:00:00.10 | Mem:0.02M, Peak:0.02M | Scene, ViewLayer | Updating Objects Flags
Fra:1 Mem:10.43M (Peak 37.59M) | Time:00:00.10 | Mem:0.02M, Peak:0.02M | Scene, ViewLayer | Updating Primitive Offsets
Fra:1 Mem:10.43M (Peak 37.59M) | Time:00:00.10 | Mem:0.02M, Peak:0.02M | Scene, ViewLayer | Updating Images
Fra:1 Mem:10.43M (Peak 37.59M) | Time:00:00.10 | Mem:0.02M, Peak:0.02M | Scene, ViewLayer | Updating Camera Volume
Fra:1 Mem:10.43M (Peak 37.59M) | Time:00:00.10 | Mem:0.02M, Peak:0.02M | Scene, ViewLayer | Updating Lookup Tables
Fra:1 Mem:10.43M (Peak 37.59M) | Time:00:00.10 | Mem:0.10M, Peak:0.10M | Scene, ViewLayer | Updating Lights
Fra:1 Mem:10.43M (Peak 37.59M) | Time:00:00.10 | Mem:0.10M, Peak:0.10M | Scene, ViewLayer | Updating Lights | Computing tree
Fra:1 Mem:10.44M (Peak 37.59M) | Time:00:00.10 | Mem:0.10M, Peak:0.10M | Scene, ViewLayer | Updating Integrator
Fra:1 Mem:10.44M (Peak 37.59M) | Time:00:00.10 | Mem:0.10M, Peak:0.10M | Scene, ViewLayer | Updating Film
Fra:1 Mem:10.44M (Peak 37.59M) | Time:00:00.10 | Mem:0.02M, Peak:0.10M | Scene, ViewLayer | Updating Lookup Tables
Fra:1 Mem:10.44M (Peak 37.59M) | Time:00:00.10 | Mem:0.10M, Peak:0.10M | Scene, ViewLayer | Updating Baking
Fra:1 Mem:10.44M (Peak 37.59M) | Time:00:00.10 | Mem:0.10M, Peak:0.10M | Scene, ViewLayer | Updating Device | Writing constant memory
Fra:1 Mem:10.44M (Peak 37.59M) | Time:00:00.10 | Mem:0.10M, Peak:0.10M | Scene, ViewLayer | Loading denoising kernels (may take a few minutes the first time)
Fra:1 Mem:23.76M (Peak 37.59M) | Time:00:00.10 | Mem:1171.61M, Peak:1171.61M | Scene, ViewLayer | Sample 0/8
Fra:1 Mem:28.51M (Peak 37.59M) | Time:00:00.11 | Remaining:00:00.01 | Mem:1176.36M, Peak:1176.36M | Scene, ViewLayer | Sample 1/8
Fra:1 Mem:30.52M (Peak 37.59M) | Time:00:00.12 | Mem:1229.93M, Peak:1231.43M | Scene, ViewLayer | Sample 8/8
Fra:1 Mem:30.52M (Peak 37.59M) | Time:00:00.12 | Mem:1229.93M, Peak:1231.43M | Scene, ViewLayer | Finished
Saved: '/tmp/pose_3_aci5ouml/probe.png'
Time: 00:00.17 (Saving: 00:00.00)

Fra:1 Mem:10.58M (Peak 10.58M) | Time:00:00.04 | Mem:0.00M, Peak:0.00M | Scene, ViewLayer | Synchronizing object | 3
Fra:1 Mem:10.59M (Peak 10.59M) | Time:00:00.04 | Mem:0.00M, Peak:0.00M | Scene, ViewLayer | Synchronizing object | FrontKey
Fra:1 Mem:10.59M (Peak 10.59M) | Time:00:00.04 | Mem:0.00M, Peak:0.00M | Scene, ViewLayer | Synchronizing object | RightFill
Fra:1 Mem:10.59M (Peak 10.59M) | Time:00:00.04 | Mem:0.00M, Peak:0.00M | Scene, ViewLayer | Synchronizing object | TopSoft
Fra:1 Mem:10.59M (Peak 10.59M) | Time:00:00.04 | Mem:0.00M, Peak:0.00M | Scene, ViewLayer | Initializing
Fra:1 Mem:10.35M (Peak 10.59M) | Time:00:00.04 | Mem:0.00M, Peak:0.00M | Scene, ViewLayer | Waiting for render to start
Fra:1 Mem:10.35M (Peak 10.59M) | Time:00:00.04 | Mem:0.00M, Peak:0.00M | Scene, ViewLayer | Updating Scene
Fra:1 Mem:10.35M (Peak 10.59M) | Time:00:00.04 | Mem:0.00M, Peak:0.00M | Scene, ViewLayer | Updating Shaders
Fra:1 Mem:10.43M (Peak 10.59M) | Time:00:00.04 | Mem:0.00M, Peak:0.00M | Scene, ViewLayer | Loading render kernels (may take a few minutes the first time)
Fra:1 Mem:10.43M (Peak 37.59M) | Time:00:00.10 | Mem:0.01M, Peak:0.01M | Scene, ViewLayer | Updating Procedurals
Fra:1 Mem:10.43M (Peak 37.59M) | Time:00:00.10 | Mem:0.01M, Peak:0.01M | Scene, ViewLayer | Updating Background
Fra:1 Mem:10.43M (Peak 37.59M) | Time:00:00.10 | Mem:0.01M, Peak:0.01M | Scene, ViewLayer | Updating Camera
Fra:1 Mem:10.43M (Peak 37.59M) | Time:00:00.10 | Mem:0.01M, Peak:0.01M | Scene, ViewLayer | Updating Meshes Flags
Fra:1 Mem:10.43M (Peak 37.59M) | Time:00:00.10 | Mem:0.01M, Peak:0.01M | Scene, ViewLayer | Updating Objects
Fra:1 Mem:10.43M (Peak 37.59M) | Time:00:00.10 | Mem:0.01M, Peak:0.01M | Scene, ViewLayer | Updating Objects | Copying Transformations to device
Fra:1 Mem:10.43M (Peak 37.59M) | Time:00:00.10 | Mem:0.01M, Peak:0.01M | Scene, ViewLayer | Updating Particle Systems
Fra:1 Mem:10.43M (Peak 37.59M) | Time:00:00.10 | Mem:0.01M, Peak:0.01M | Scene, ViewLayer | Updating Particle Systems | Copying Particles to device
Fra:1 Mem:10.43M (Peak 37.59M) | Time:00:00.10 | Mem:0.01M, Peak:0.01M | Scene, ViewLayer | Updating Meshes
Fra:1 Mem:10.43M (Peak 37.59M) | Time:00:00.10 | Mem:0.01M, Peak:0.01M | Scene, ViewLayer | Updating Objects | Applying Static Transformations
Fra:1 Mem:10.43M (Peak 37.59M) | Time:00:00.10 | Mem:0.01M, Peak:0.01M | Scene, ViewLayer | Updating Mesh | Computing attributes
Fra:1 Mem:10.43M (Peak 37.59M) | Time:00:00.10 | Mem:0.01M, Peak:0.01M | Scene, ViewLayer | Updating Mesh | Copying Attributes to device
Fra:1 Mem:10.43M (Peak 37.59M) | Time:00:00.10 | Mem:0.01M, Peak:0.01M | Scene, ViewLayer | Updating Geometry BVH light 8/7 | Building BVH
Fra:1 Mem:10.43M (Peak 37.59M) | Time:00:00.10 | Mem:0.01M, Peak:0.01M | Scene, ViewLayer | Updating Geometry BVH light 8/7 | Building OptiX acceleration structure
Fra:1 Mem:10.43M (Peak 37.59M) | Time:00:00.10 | Mem:0.01M, Peak:0.01M | Scene, ViewLayer | Updating Geometry BVH TopSoft 7/7 | Building BVH
Fra:1 Mem:10.43M (Peak 37.59M) | Time:00:00.10 | Mem:0.01M, Peak:0.01M | Scene, ViewLayer | Updating Geometry BVH 3 2/7 | Building BVH
Fra:1 Mem:10.43M (Peak 37.59M) | Time:00:00.10 | Mem:0.01M, Peak:0.01M | Scene, ViewLayer | Updating Geometry BVH RightFill 6/7 | Building OptiX acceleration structure
Fra:1 Mem:10.43M (Peak 37.59M) | Time:00:00.10 | Mem:0.01M, Peak:0.02M | Scene, ViewLayer | Updating Scene BVH | Building
Fra:1 Mem:10.43M (Peak 37.59M) | Time:00:00.10 | Mem:0.01M, Peak:0.02M | Scene, ViewLayer | Updating Scene BVH | Building OptiX acceleration structure
Fra:1 Mem:10.43M (Peak 37.59M) | Time:00:00.10 | Mem:0.01M, Peak:0.02M | Scene, ViewLayer | Updating Scene BVH | Copying BVH to device
Fra:1 Mem:10.43M (Peak 37.59M) | Time:00:00.10 | Mem:0.01M, Peak:0.02M | Scene, ViewLayer | Updating Mesh | Computing normals
Fra:1 Mem:10.43M (Peak 37.59M) | Time:00:00.10 | Mem:0.01M, Peak:0.02M | Scene, ViewLayer | Updating Mesh | Copying Mesh to device
Fra:1 Mem:10.43M (Peak 37.59M) | Time:00:00.10 | Mem:0.02M, Peak:0.02M | Scene, ViewLayer | Updating Objects Flags
Fra:1 Mem:10.43M (Peak 37.59M) | Time:00:00.10 | Mem:0.02M, Peak:0.02M | Scene, ViewLayer | Updating Primitive Offsets
Fra:1 Mem:10.43M (Peak 37.59M) | Time:00:00.10 | Mem:0.02M, Peak:0.02M | Scene, ViewLayer | Updating Images
Fra:1 Mem:10.43M (Peak 37.59M) | Time:00:00.10 | Mem:0.02M, Peak:0.02M | Scene, ViewLayer | Updating Camera Volume
Fra:1 Mem:10.43M (Peak 37.59M) | Time:00:00.10 | Mem:0.02M, Peak:0.02M | Scene, ViewLayer | Updating Lookup Tables
Fra:1 Mem:10.43M (Peak 37.59M) | Time:00:00.10 | Mem:0.10M, Peak:0.10M | Scene, ViewLayer | Updating Lights
Fra:1 Mem:10.43M (Peak 37.59M) | Time:00:00.10 | Mem:0.10M, Peak:0.10M | Scene, ViewLayer | Updating Lights | Computing tree
Fra:1 Mem:10.44M (Peak 37.59M) | Time:00:00.10 | Mem:0.10M, Peak:0.10M | Scene, ViewLayer | Updating Integrator
Fra:1 Mem:10.44M (Peak 37.59M) | Time:00:00.10 | Mem:0.10M, Peak:0.10M | Scene, ViewLayer | Updating Film
Fra:1 Mem:10.44M (Peak 37.59M) | Time:00:00.10 | Mem:0.02M, Peak:0.10M | Scene, ViewLayer | Updating Lookup Tables
Fra:1 Mem:10.44M (Peak 37.59M) | Time:00:00.10 | Mem:0.10M, Peak:0.10M | Scene, ViewLayer | Updating Baking
Fra:1 Mem:10.44M (Peak 37.59M) | Time:00:00.10 | Mem:0.10M, Peak:0.10M | Scene, ViewLayer | Updating Device | Writing constant memory
Fra:1 Mem:10.44M (Peak 37.59M) | Time:00:00.10 | Mem:0.10M, Peak:0.10M | Scene, ViewLayer | Loading denoising kernels (may take a few minutes the first time)
Fra:1 Mem:23.76M (Peak 37.59M) | Time:00:00.10 | Mem:1171.61M, Peak:1171.61M | Scene, ViewLayer | Sample 0/8
Fra:1 Mem:28.51M (Peak 37.59M) | Time:00:00.11 | Remaining:00:00.01 | Mem:1176.36M, Peak:1176.36M | Scene, ViewLayer | Sample 1/8
Fra:1 Mem:30.52M (Peak 37.59M) | Time:00:00.12 | Mem:1229.93M, Peak:1231.43M | Scene, ViewLayer | Sample 8/8
Fra:1 Mem:30.52M (Peak 37.59M) | Time:00:00.12 | Mem:1229.93M, Peak:1231.43M | Scene, ViewLayer | Finished
Saved: '/tmp/pose_3_aci5ouml/probe.png'
Time: 00:00.17 (Saving: 00:00.00)

Fra:1 Mem:10.58M (Peak 10.58M) | Time:00:00.04 | Mem:0.00M, Peak:0.00M | Scene, ViewLayer | Synchronizing object | 3
Fra:1 Mem:10.59M (Peak 10.59M) | Time:00:00.04 | Mem:0.00M, Peak:0.00M | Scene, ViewLayer | Synchronizing object | BackFill
Fra:1 Mem:10.59M (Peak 10.59M) | Time:00:00.04 | Mem:0.00M, Peak:0.00M | Scene, ViewLayer | Synchronizing object | RightFill
Fra:1 Mem:10.59M (Peak 10.59M) | Time:00:00.04 | Mem:0.00M, Peak:0.00M | Scene, ViewLayer | Synchronizing object | TopSoft
Fra:1 Mem:10.59M (Peak 10.59M) | Time:00:00.04 | Mem:0.00M, Peak:0.00M | Scene, ViewLayer | Initializing
Fra:1 Mem:10.35M (Peak 10.59M) | Time:00:00.04 | Mem:0.00M, Peak:0.00M | Scene, ViewLayer | Waiting for render to start
Fra:1 Mem:10.35M (Peak 10.59M) | Time:00:00.04 | Mem:0.00M, Peak:0.00M | Scene, ViewLayer | Updating Scene
Fra:1 Mem:10.35M (Peak 10.59M) | Time:00:00.04 | Mem:0.00M, Peak:0.00M | Scene, ViewLayer | Updating Shaders
Fra:1 Mem:10.43M (Peak 10.59M) | Time:00:00.04 | Mem:0.00M, Peak:0.00M | Scene, ViewLayer | Loading render kernels (may take a few minutes the first time)
Fra:1 Mem:10.43M (Peak 37.59M) | Time:00:00.10 | Mem:0.01M, Peak:0.01M | Scene, ViewLayer | Updating Procedurals
Fra:1 Mem:10.43M (Peak 37.59M) | Time:00:00.10 | Mem:0.01M, Peak:0.01M | Scene, ViewLayer | Updating Background
Fra:1 Mem:10.43M (Peak 37.59M) | Time:00:00.10 | Mem:0.01M, Peak:0.01M | Scene, ViewLayer | Updating Camera
Fra:1 Mem:10.43M (Peak 37.59M) | Time:00:00.10 | Mem:0.01M, Peak:0.01M | Scene, ViewLayer | Updating Meshes Flags
Fra:1 Mem:10.43M (Peak 37.59M) | Time:00:00.10 | Mem:0.01M, Peak:0.01M | Scene, ViewLayer | Updating Objects
Fra:1 Mem:10.43M (Peak 37.59M) | Time:00:00.10 | Mem:0.01M, Peak:0.01M | Scene, ViewLayer | Updating Objects | Copying Transformations to device
Fra:1 Mem:10.43M (Peak 37.59M) | Time:00:00.10 | Mem:0.01M, Peak:0.01M | Scene, ViewLayer | Updating Particle Systems
Fra:1 Mem:10.43M (Peak 37.59M) | Time:00:00.10 | Mem:0.01M, Peak:0.01M | Scene, ViewLayer | Updating Particle Systems | Copying Particles to device
Fra:1 Mem:10.43M (Peak 37.59M) | Time:00:00.10 | Mem:0.01M, Peak:0.01M | Scene, ViewLayer | Updating Meshes
Fra:1 Mem:10.43M (Peak 37.59M) | Time:00:00.10 | Mem:0.01M, Peak:0.01M | Scene, ViewLayer | Updating Objects | Applying Static Transformations
Fra:1 Mem:10.43M (Peak 37.59M) | Time:00:00.10 | Mem:0.01M, Peak:0.01M | Scene, ViewLayer | Updating Mesh | Computing attributes
Fra:1 Mem:10.43M (Peak 37.59M) | Time:00:00.10 | Mem:0.01M, Peak:0.01M | Scene, ViewLayer | Updating Mesh | Copying Attributes to device
Fra:1 Mem:10.43M (Peak 37.59M) | Time:00:00.10 | Mem:0.01M, Peak:0.01M | Scene, ViewLayer | Updating Geometry BVH light 8/7 | Building BVH
Fra:1 Mem:10.43M (Peak 37.59M) | Time:00:00.10 | Mem:0.01M, Peak:0.01M | Scene, ViewLayer | Updating Geometry BVH light 8/7 | Building OptiX acceleration structure
Fra:1 Mem:10.43M (Peak 37.59M) | Time:00:00.10 | Mem:0.01M, Peak:0.01M | Scene, ViewLayer | Updating Geometry BVH TopSoft 7/7 | Building BVH
Fra:1 Mem:10.43M (Peak 37.59M) | Time:00:00.10 | Mem:0.01M, Peak:0.01M | Scene, ViewLayer | Updating Geometry BVH TopSoft 7/7 | Building OptiX acceleration structure
Fra:1 Mem:10.43M (Peak 37.59M) | Time:00:00.10 | Mem:0.01M, Peak:0.01M | Scene, ViewLayer | Updating Geometry BVH RightFill 6/7 | Building BVH
Fra:1 Mem:10.43M (Peak 37.59M) | Time:00:00.10 | Mem:0.01M, Peak:0.01M | Scene, ViewLayer | Updating Geometry BVH RightFill 6/7 | Building OptiX acceleration structure
Fra:1 Mem:10.43M (Peak 37.59M) | Time:00:00.10 | Mem:0.01M, Peak:0.01M | Scene, ViewLayer | Updating Geometry BVH BackFill 4/7 | Building BVH
Fra:1 Mem:10.43M (Peak 37.59M) | Time:00:00.10 | Mem:0.01M, Peak:0.01M | Scene, ViewLayer | Updating Geometry BVH LeftFill 5/7 | Building OptiX acceleration structure
Fra:1 Mem:10.43M (Peak 37.59M) | Time:00:00.10 | Mem:0.01M, Peak:0.02M | Scene, ViewLayer | Updating Scene BVH | Building
Fra:1 Mem:10.43M (Peak 37.59M) | Time:00:00.10 | Mem:0.01M, Peak:0.02M | Scene, ViewLayer | Updating Scene BVH | Building OptiX acceleration structure
Fra:1 Mem:10.43M (Peak 37.59M) | Time:00:00.10 | Mem:0.01M, Peak:0.02M | Scene, ViewLayer | Updating Scene BVH | Copying BVH to device
Fra:1 Mem:10.43M (Peak 37.59M) | Time:00:00.10 | Mem:0.01M, Peak:0.02M | Scene, ViewLayer | Updating Mesh | Computing normals
Fra:1 Mem:10.43M (Peak 37.59M) | Time:00:00.10 | Mem:0.01M, Peak:0.02M | Scene, ViewLayer | Updating Mesh | Copying Mesh to device
Fra:1 Mem:10.43M (Peak 37.59M) | Time:00:00.10 | Mem:0.02M, Peak:0.02M | Scene, ViewLayer | Updating Objects Flags
Fra:1 Mem:10.43M (Peak 37.59M) | Time:00:00.10 | Mem:0.02M, Peak:0.02M | Scene, ViewLayer | Updating Primitive Offsets
Fra:1 Mem:10.43M (Peak 37.59M) | Time:00:00.10 | Mem:0.02M, Peak:0.02M | Scene, ViewLayer | Updating Images
Fra:1 Mem:10.43M (Peak 37.59M) | Time:00:00.10 | Mem:0.02M, Peak:0.02M | Scene, ViewLayer | Updating Camera Volume
Fra:1 Mem:10.43M (Peak 37.59M) | Time:00:00.10 | Mem:0.02M, Peak:0.02M | Scene, ViewLayer | Updating Lookup Tables
Fra:1 Mem:10.43M (Peak 37.59M) | Time:00:00.10 | Mem:0.10M, Peak:0.10M | Scene, ViewLayer | Updating Lights
Fra:1 Mem:10.43M (Peak 37.59M) | Time:00:00.10 | Mem:0.10M, Peak:0.10M | Scene, ViewLayer | Updating Lights | Computing tree
Fra:1 Mem:10.44M (Peak 37.59M) | Time:00:00.10 | Mem:0.10M, Peak:0.10M | Scene, ViewLayer | Updating Integrator
Fra:1 Mem:10.44M (Peak 37.59M) | Time:00:00.10 | Mem:0.10M, Peak:0.10M | Scene, ViewLayer | Updating Film
Fra:1 Mem:10.44M (Peak 37.59M) | Time:00:00.10 | Mem:0.02M, Peak:0.10M | Scene, ViewLayer | Updating Lookup Tables
Fra:1 Mem:10.44M (Peak 37.59M) | Time:00:00.10 | Mem:0.10M, Peak:0.10M | Scene, ViewLayer | Updating Baking
Fra:1 Mem:10.44M (Peak 37.59M) | Time:00:00.10 | Mem:0.10M, Peak:0.10M | Scene, ViewLayer | Updating Device | Writing constant memory
Fra:1 Mem:10.44M (Peak 37.59M) | Time:00:00.10 | Mem:0.10M, Peak:0.10M | Scene, ViewLayer | Loading denoising kernels (may take a few minutes the first time)
Fra:1 Mem:23.76M (Peak 37.59M) | Time:00:00.11 | Mem:1171.61M, Peak:1171.61M | Scene, ViewLayer | Sample 0/8
Fra:1 Mem:28.51M (Peak 37.59M) | Time:00:00.11 | Remaining:00:00.01 | Mem:1176.36M, Peak:1176.36M | Scene, ViewLayer | Sample 1/8
Fra:1 Mem:30.52M (Peak 37.59M) | Time:00:00.12 | Mem:1229.93M, Peak:1231.43M | Scene, ViewLayer | Sample 8/8
Fra:1 Mem:30.52M (Peak 37.59M) | Time:00:00.12 | Mem:1229.93M, Peak:1231.43M | Scene, ViewLayer | Finished
Saved: '/tmp/pose_3_aci5ouml/probe.png'
Time: 00:00.17 (Saving: 00:00.00)

Fra:1 Mem:10.58M (Peak 10.58M) | Time:00:00.04 | Mem:0.00M, Peak:0.00M | Scene, ViewLayer | Synchronizing object | 3
Fra:1 Mem:10.59M (Peak 10.59M) | Time:00:00.04 | Mem:0.00M, Peak:0.00M | Scene, ViewLayer | Synchronizing object | BackFill
Fra:1 Mem:10.59M (Peak 10.59M) | Time:00:00.04 | Mem:0.00M, Peak:0.00M | Scene, ViewLayer | Synchronizing object | TopSoft
Fra:1 Mem:10.59M (Peak 10.59M) | Time:00:00.04 | Mem:0.00M, Peak:0.00M | Scene, ViewLayer | Initializing
Fra:1 Mem:10.35M (Peak 10.59M) | Time:00:00.04 | Mem:0.00M, Peak:0.00M | Scene, ViewLayer | Waiting for render to start
Fra:1 Mem:10.35M (Peak 10.59M) | Time:00:00.04 | Mem:0.00M, Peak:0.00M | Scene, ViewLayer | Updating Scene
Fra:1 Mem:10.35M (Peak 10.59M) | Time:00:00.04 | Mem:0.00M, Peak:0.00M | Scene, ViewLayer | Updating Shaders
Fra:1 Mem:10.43M (Peak 10.59M) | Time:00:00.04 | Mem:0.00M, Peak:0.00M | Scene, ViewLayer | Loading render kernels (may take a few minutes the first time)
Fra:1 Mem:10.43M (Peak 37.59M) | Time:00:00.10 | Mem:0.01M, Peak:0.01M | Scene, ViewLayer | Updating Procedurals
Fra:1 Mem:10.43M (Peak 37.59M) | Time:00:00.10 | Mem:0.01M, Peak:0.01M | Scene, ViewLayer | Updating Background
Fra:1 Mem:10.43M (Peak 37.59M) | Time:00:00.10 | Mem:0.01M, Peak:0.01M | Scene, ViewLayer | Updating Camera
Fra:1 Mem:10.43M (Peak 37.59M) | Time:00:00.10 | Mem:0.01M, Peak:0.01M | Scene, ViewLayer | Updating Meshes Flags
Fra:1 Mem:10.43M (Peak 37.59M) | Time:00:00.10 | Mem:0.01M, Peak:0.01M | Scene, ViewLayer | Updating Objects
Fra:1 Mem:10.43M (Peak 37.59M) | Time:00:00.10 | Mem:0.01M, Peak:0.01M | Scene, ViewLayer | Updating Objects | Copying Transformations to device
Fra:1 Mem:10.43M (Peak 37.59M) | Time:00:00.10 | Mem:0.01M, Peak:0.01M | Scene, ViewLayer | Updating Particle Systems
Fra:1 Mem:10.43M (Peak 37.59M) | Time:00:00.10 | Mem:0.01M, Peak:0.01M | Scene, ViewLayer | Updating Particle Systems | Copying Particles to device
Fra:1 Mem:10.43M (Peak 37.59M) | Time:00:00.10 | Mem:0.01M, Peak:0.01M | Scene, ViewLayer | Updating Meshes
Fra:1 Mem:10.43M (Peak 37.59M) | Time:00:00.10 | Mem:0.01M, Peak:0.01M | Scene, ViewLayer | Updating Objects | Applying Static Transformations
Fra:1 Mem:10.43M (Peak 37.59M) | Time:00:00.10 | Mem:0.01M, Peak:0.01M | Scene, ViewLayer | Updating Mesh | Computing attributes
Fra:1 Mem:10.43M (Peak 37.59M) | Time:00:00.10 | Mem:0.01M, Peak:0.01M | Scene, ViewLayer | Updating Mesh | Copying Attributes to device
Fra:1 Mem:10.43M (Peak 37.59M) | Time:00:00.10 | Mem:0.01M, Peak:0.01M | Scene, ViewLayer | Updating Geometry BVH light 8/7 | Building BVH
Fra:1 Mem:10.43M (Peak 37.59M) | Time:00:00.10 | Mem:0.01M, Peak:0.01M | Scene, ViewLayer | Updating Geometry BVH light 8/7 | Building OptiX acceleration structure
Fra:1 Mem:10.43M (Peak 37.59M) | Time:00:00.10 | Mem:0.01M, Peak:0.01M | Scene, ViewLayer | Updating Geometry BVH TopSoft 7/7 | Building BVH
Fra:1 Mem:10.43M (Peak 37.59M) | Time:00:00.10 | Mem:0.01M, Peak:0.01M | Scene, ViewLayer | Updating Geometry BVH TopSoft 7/7 | Building OptiX acceleration structure
Fra:1 Mem:10.43M (Peak 37.59M) | Time:00:00.10 | Mem:0.01M, Peak:0.01M | Scene, ViewLayer | Updating Geometry BVH RightFill 6/7 | Building BVH
Fra:1 Mem:10.43M (Peak 37.59M) | Time:00:00.10 | Mem:0.01M, Peak:0.01M | Scene, ViewLayer | Updating Geometry BVH FrontKey 3/7 | Building OptiX acceleration structure
Fra:1 Mem:10.43M (Peak 37.59M) | Time:00:00.10 | Mem:0.01M, Peak:0.01M | Scene, ViewLayer | Updating Geometry BVH LeftFill 5/7 | Building BVH
Fra:1 Mem:10.43M (Peak 37.59M) | Time:00:00.10 | Mem:0.01M, Peak:0.01M | Scene, ViewLayer | Updating Geometry BVH LeftFill 5/7 | Building OptiX acceleration structure
Fra:1 Mem:10.43M (Peak 37.59M) | Time:00:00.11 | Mem:0.01M, Peak:0.02M | Scene, ViewLayer | Updating Scene BVH | Building
Fra:1 Mem:10.43M (Peak 37.59M) | Time:00:00.11 | Mem:0.01M, Peak:0.02M | Scene, ViewLayer | Updating Scene BVH | Building OptiX acceleration structure
Fra:1 Mem:10.43M (Peak 37.59M) | Time:00:00.11 | Mem:0.01M, Peak:0.02M | Scene, ViewLayer | Updating Scene BVH | Copying BVH to device
Fra:1 Mem:10.43M (Peak 37.59M) | Time:00:00.11 | Mem:0.01M, Peak:0.02M | Scene, ViewLayer | Updating Mesh | Computing normals
Fra:1 Mem:10.43M (Peak 37.59M) | Time:00:00.11 | Mem:0.01M, Peak:0.02M | Scene, ViewLayer | Updating Mesh | Copying Mesh to device
Fra:1 Mem:10.43M (Peak 37.59M) | Time:00:00.11 | Mem:0.02M, Peak:0.02M | Scene, ViewLayer | Updating Objects Flags
Fra:1 Mem:10.43M (Peak 37.59M) | Time:00:00.11 | Mem:0.02M, Peak:0.02M | Scene, ViewLayer | Updating Primitive Offsets
Fra:1 Mem:10.43M (Peak 37.59M) | Time:00:00.11 | Mem:0.02M, Peak:0.02M | Scene, ViewLayer | Updating Images
Fra:1 Mem:10.43M (Peak 37.59M) | Time:00:00.11 | Mem:0.02M, Peak:0.02M | Scene, ViewLayer | Updating Camera Volume
Fra:1 Mem:10.43M (Peak 37.59M) | Time:00:00.11 | Mem:0.02M, Peak:0.02M | Scene, ViewLayer | Updating Lookup Tables
Fra:1 Mem:10.43M (Peak 37.59M) | Time:00:00.11 | Mem:0.10M, Peak:0.10M | Scene, ViewLayer | Updating Lights
Fra:1 Mem:10.43M (Peak 37.59M) | Time:00:00.11 | Mem:0.10M, Peak:0.10M | Scene, ViewLayer | Updating Lights | Computing tree
Fra:1 Mem:10.44M (Peak 37.59M) | Time:00:00.11 | Mem:0.10M, Peak:0.10M | Scene, ViewLayer | Updating Integrator
Fra:1 Mem:10.44M (Peak 37.59M) | Time:00:00.11 | Mem:0.10M, Peak:0.10M | Scene, ViewLayer | Updating Film
Fra:1 Mem:10.44M (Peak 37.59M) | Time:00:00.11 | Mem:0.02M, Peak:0.10M | Scene, ViewLayer | Updating Lookup Tables
Fra:1 Mem:10.44M (Peak 37.59M) | Time:00:00.11 | Mem:0.10M, Peak:0.10M | Scene, ViewLayer | Updating Baking
Fra:1 Mem:10.44M (Peak 37.59M) | Time:00:00.11 | Mem:0.10M, Peak:0.10M | Scene, ViewLayer | Updating Device | Writing constant memory
Fra:1 Mem:10.44M (Peak 37.59M) | Time:00:00.11 | Mem:0.10M, Peak:0.10M | Scene, ViewLayer | Loading denoising kernels (may take a few minutes the first time)
Fra:1 Mem:23.76M (Peak 37.59M) | Time:00:00.11 | Mem:1171.61M, Peak:1171.61M | Scene, ViewLayer | Sample 0/8
Fra:1 Mem:28.51M (Peak 37.59M) | Time:00:00.11 | Remaining:00:00.01 | Mem:1176.36M, Peak:1176.36M | Scene, ViewLayer | Sample 1/8
Fra:1 Mem:30.52M (Peak 37.59M) | Time:00:00.13 | Mem:1229.93M, Peak:1231.43M | Scene, ViewLayer | Sample 8/8
Fra:1 Mem:30.52M (Peak 37.59M) | Time:00:00.13 | Mem:1229.93M, Peak:1231.43M | Scene, ViewLayer | Finished
Saved: '/tmp/pose_3_aci5ouml/probe.png'
Time: 00:00.18 (Saving: 00:00.00)

Fra:1 Mem:10.58M (Peak 10.58M) | Time:00:00.04 | Mem:0.00M, Peak:0.00M | Scene, ViewLayer | Synchronizing object | 3
Fra:1 Mem:10.59M (Peak 10.59M) | Time:00:00.04 | Mem:0.00M, Peak:0.00M | Scene, ViewLayer | Synchronizing object | BackFill
Fra:1 Mem:10.59M (Peak 10.59M) | Time:00:00.04 | Mem:0.00M, Peak:0.00M | Scene, ViewLayer | Synchronizing object | TopSoft
Fra:1 Mem:10.59M (Peak 10.59M) | Time:00:00.04 | Mem:0.00M, Peak:0.00M | Scene, ViewLayer | Initializing
Fra:1 Mem:10.35M (Peak 10.59M) | Time:00:00.04 | Mem:0.00M, Peak:0.00M | Scene, ViewLayer | Waiting for render to start
Fra:1 Mem:10.35M (Peak 10.59M) | Time:00:00.04 | Mem:0.00M, Peak:0.00M | Scene, ViewLayer | Updating Scene
Fra:1 Mem:10.35M (Peak 10.59M) | Time:00:00.04 | Mem:0.00M, Peak:0.00M | Scene, ViewLayer | Updating Shaders
Fra:1 Mem:10.43M (Peak 10.59M) | Time:00:00.04 | Mem:0.00M, Peak:0.00M | Scene, ViewLayer | Loading render kernels (may take a few minutes the first time)
Fra:1 Mem:10.43M (Peak 37.59M) | Time:00:00.10 | Mem:0.01M, Peak:0.01M | Scene, ViewLayer | Updating Procedurals
Fra:1 Mem:10.43M (Peak 37.59M) | Time:00:00.10 | Mem:0.01M, Peak:0.01M | Scene, ViewLayer | Updating Background
Fra:1 Mem:10.43M (Peak 37.59M) | Time:00:00.10 | Mem:0.01M, Peak:0.01M | Scene, ViewLayer | Updating Camera
Fra:1 Mem:10.43M (Peak 37.59M) | Time:00:00.10 | Mem:0.01M, Peak:0.01M | Scene, ViewLayer | Updating Meshes Flags
Fra:1 Mem:10.43M (Peak 37.59M) | Time:00:00.10 | Mem:0.01M, Peak:0.01M | Scene, ViewLayer | Updating Objects
Fra:1 Mem:10.43M (Peak 37.59M) | Time:00:00.10 | Mem:0.01M, Peak:0.01M | Scene, ViewLayer | Updating Objects | Copying Transformations to device
Fra:1 Mem:10.43M (Peak 37.59M) | Time:00:00.10 | Mem:0.01M, Peak:0.01M | Scene, ViewLayer | Updating Particle Systems
Fra:1 Mem:10.43M (Peak 37.59M) | Time:00:00.10 | Mem:0.01M, Peak:0.01M | Scene, ViewLayer | Updating Particle Systems | Copying Particles to device
Fra:1 Mem:10.43M (Peak 37.59M) | Time:00:00.10 | Mem:0.01M, Peak:0.01M | Scene, ViewLayer | Updating Meshes
Fra:1 Mem:10.43M (Peak 37.59M) | Time:00:00.10 | Mem:0.01M, Peak:0.01M | Scene, ViewLayer | Updating Objects | Applying Static Transformations
Fra:1 Mem:10.43M (Peak 37.59M) | Time:00:00.10 | Mem:0.01M, Peak:0.01M | Scene, ViewLayer | Updating Mesh | Computing attributes
Fra:1 Mem:10.43M (Peak 37.59M) | Time:00:00.10 | Mem:0.01M, Peak:0.01M | Scene, ViewLayer | Updating Mesh | Copying Attributes to device
Fra:1 Mem:10.43M (Peak 37.59M) | Time:00:00.10 | Mem:0.01M, Peak:0.01M | Scene, ViewLayer | Updating Geometry BVH light 8/7 | Building BVH
Fra:1 Mem:10.43M (Peak 37.59M) | Time:00:00.10 | Mem:0.01M, Peak:0.01M | Scene, ViewLayer | Updating Geometry BVH light 8/7 | Building OptiX acceleration structure
Fra:1 Mem:10.43M (Peak 37.59M) | Time:00:00.10 | Mem:0.01M, Peak:0.01M | Scene, ViewLayer | Updating Geometry BVH TopSoft 7/7 | Building BVH
Fra:1 Mem:10.43M (Peak 37.59M) | Time:00:00.10 | Mem:0.01M, Peak:0.01M | Scene, ViewLayer | Updating Geometry BVH TopSoft 7/7 | Building OptiX acceleration structure
Fra:1 Mem:10.43M (Peak 37.59M) | Time:00:00.10 | Mem:0.01M, Peak:0.01M | Scene, ViewLayer | Updating Geometry BVH LeftFill 5/7 | Building BVH
Fra:1 Mem:10.43M (Peak 37.59M) | Time:00:00.10 | Mem:0.01M, Peak:0.01M | Scene, ViewLayer | Updating Geometry BVH RightFill 6/7 | Building OptiX acceleration structure
Fra:1 Mem:10.43M (Peak 37.59M) | Time:00:00.10 | Mem:0.01M, Peak:0.02M | Scene, ViewLayer | Updating Scene BVH | Building
Fra:1 Mem:10.43M (Peak 37.59M) | Time:00:00.10 | Mem:0.01M, Peak:0.02M | Scene, ViewLayer | Updating Scene BVH | Building OptiX acceleration structure
Fra:1 Mem:10.43M (Peak 37.59M) | Time:00:00.10 | Mem:0.01M, Peak:0.02M | Scene, ViewLayer | Updating Scene BVH | Copying BVH to device
Fra:1 Mem:10.43M (Peak 37.59M) | Time:00:00.10 | Mem:0.01M, Peak:0.02M | Scene, ViewLayer | Updating Mesh | Computing normals
Fra:1 Mem:10.43M (Peak 37.59M) | Time:00:00.10 | Mem:0.01M, Peak:0.02M | Scene, ViewLayer | Updating Mesh | Copying Mesh to device
Fra:1 Mem:10.43M (Peak 37.59M) | Time:00:00.10 | Mem:0.02M, Peak:0.02M | Scene, ViewLayer | Updating Objects Flags
Fra:1 Mem:10.43M (Peak 37.59M) | Time:00:00.10 | Mem:0.02M, Peak:0.02M | Scene, ViewLayer | Updating Primitive Offsets
Fra:1 Mem:10.43M (Peak 37.59M) | Time:00:00.10 | Mem:0.02M, Peak:0.02M | Scene, ViewLayer | Updating Images
Fra:1 Mem:10.43M (Peak 37.59M) | Time:00:00.10 | Mem:0.02M, Peak:0.02M | Scene, ViewLayer | Updating Camera Volume
Fra:1 Mem:10.43M (Peak 37.59M) | Time:00:00.10 | Mem:0.02M, Peak:0.02M | Scene, ViewLayer | Updating Lookup Tables
Fra:1 Mem:10.43M (Peak 37.59M) | Time:00:00.10 | Mem:0.10M, Peak:0.10M | Scene, ViewLayer | Updating Lights
Fra:1 Mem:10.43M (Peak 37.59M) | Time:00:00.10 | Mem:0.10M, Peak:0.10M | Scene, ViewLayer | Updating Lights | Computing tree
Fra:1 Mem:10.44M (Peak 37.59M) | Time:00:00.10 | Mem:0.10M, Peak:0.10M | Scene, ViewLayer | Updating Integrator
Fra:1 Mem:10.44M (Peak 37.59M) | Time:00:00.10 | Mem:0.10M, Peak:0.10M | Scene, ViewLayer | Updating Film
Fra:1 Mem:10.44M (Peak 37.59M) | Time:00:00.10 | Mem:0.02M, Peak:0.10M | Scene, ViewLayer | Updating Lookup Tables
Fra:1 Mem:10.44M (Peak 37.59M) | Time:00:00.10 | Mem:0.10M, Peak:0.10M | Scene, ViewLayer | Updating Baking
Fra:1 Mem:10.44M (Peak 37.59M) | Time:00:00.10 | Mem:0.10M, Peak:0.10M | Scene, ViewLayer | Updating Device | Writing constant memory
Fra:1 Mem:10.44M (Peak 37.59M) | Time:00:00.10 | Mem:0.10M, Peak:0.10M | Scene, ViewLayer | Loading denoising kernels (may take a few minutes the first time)
Fra:1 Mem:23.76M (Peak 37.59M) | Time:00:00.11 | Mem:1171.61M, Peak:1171.61M | Scene, ViewLayer | Sample 0/8
Fra:1 Mem:28.51M (Peak 37.59M) | Time:00:00.11 | Remaining:00:00.01 | Mem:1176.36M, Peak:1176.36M | Scene, ViewLayer | Sample 1/8
Fra:1 Mem:30.52M (Peak 37.59M) | Time:00:00.13 | Mem:1229.93M, Peak:1231.43M | Scene, ViewLayer | Sample 8/8
Fra:1 Mem:30.52M (Peak 37.59M) | Time:00:00.13 | Mem:1229.93M, Peak:1231.43M | Scene, ViewLayer | Finished
Saved: '/tmp/pose_3_aci5ouml/probe.png'
Time: 00:00.18 (Saving: 00:00.00)

Fra:1 Mem:10.58M (Peak 10.58M) | Time:00:00.04 | Mem:0.00M, Peak:0.00M | Scene, ViewLayer | Synchronizing object | 3
Fra:1 Mem:10.59M (Peak 10.59M) | Time:00:00.04 | Mem:0.00M, Peak:0.00M | Scene, ViewLayer | Synchronizing object | BackFill
Fra:1 Mem:10.59M (Peak 10.59M) | Time:00:00.04 | Mem:0.00M, Peak:0.00M | Scene, ViewLayer | Synchronizing object | RightFill
Fra:1 Mem:10.59M (Peak 10.59M) | Time:00:00.04 | Mem:0.00M, Peak:0.00M | Scene, ViewLayer | Initializing
Fra:1 Mem:10.35M (Peak 10.59M) | Time:00:00.04 | Mem:0.00M, Peak:0.00M | Scene, ViewLayer | Waiting for render to start
Fra:1 Mem:10.35M (Peak 10.59M) | Time:00:00.04 | Mem:0.00M, Peak:0.00M | Scene, ViewLayer | Updating Scene
Fra:1 Mem:10.35M (Peak 10.59M) | Time:00:00.04 | Mem:0.00M, Peak:0.00M | Scene, ViewLayer | Updating Shaders
Fra:1 Mem:10.43M (Peak 10.59M) | Time:00:00.04 | Mem:0.00M, Peak:0.00M | Scene, ViewLayer | Loading render kernels (may take a few minutes the first time)
Fra:1 Mem:10.43M (Peak 37.59M) | Time:00:00.10 | Mem:0.01M, Peak:0.01M | Scene, ViewLayer | Updating Procedurals
Fra:1 Mem:10.43M (Peak 37.59M) | Time:00:00.10 | Mem:0.01M, Peak:0.01M | Scene, ViewLayer | Updating Background
Fra:1 Mem:10.43M (Peak 37.59M) | Time:00:00.10 | Mem:0.01M, Peak:0.01M | Scene, ViewLayer | Updating Camera
Fra:1 Mem:10.43M (Peak 37.59M) | Time:00:00.10 | Mem:0.01M, Peak:0.01M | Scene, ViewLayer | Updating Meshes Flags
Fra:1 Mem:10.43M (Peak 37.59M) | Time:00:00.10 | Mem:0.01M, Peak:0.01M | Scene, ViewLayer | Updating Objects
Fra:1 Mem:10.43M (Peak 37.59M) | Time:00:00.10 | Mem:0.01M, Peak:0.01M | Scene, ViewLayer | Updating Objects | Copying Transformations to device
Fra:1 Mem:10.43M (Peak 37.59M) | Time:00:00.10 | Mem:0.01M, Peak:0.01M | Scene, ViewLayer | Updating Particle Systems
Fra:1 Mem:10.43M (Peak 37.59M) | Time:00:00.10 | Mem:0.01M, Peak:0.01M | Scene, ViewLayer | Updating Particle Systems | Copying Particles to device
Fra:1 Mem:10.43M (Peak 37.59M) | Time:00:00.10 | Mem:0.01M, Peak:0.01M | Scene, ViewLayer | Updating Meshes
Fra:1 Mem:10.43M (Peak 37.59M) | Time:00:00.10 | Mem:0.01M, Peak:0.01M | Scene, ViewLayer | Updating Objects | Applying Static Transformations
Fra:1 Mem:10.43M (Peak 37.59M) | Time:00:00.10 | Mem:0.01M, Peak:0.01M | Scene, ViewLayer | Updating Mesh | Computing attributes
Fra:1 Mem:10.43M (Peak 37.59M) | Time:00:00.10 | Mem:0.01M, Peak:0.01M | Scene, ViewLayer | Updating Mesh | Copying Attributes to device
Fra:1 Mem:10.43M (Peak 37.59M) | Time:00:00.10 | Mem:0.01M, Peak:0.01M | Scene, ViewLayer | Updating Geometry BVH light 8/7 | Building BVH
Fra:1 Mem:10.43M (Peak 37.59M) | Time:00:00.10 | Mem:0.01M, Peak:0.01M | Scene, ViewLayer | Updating Geometry BVH light 8/7 | Building OptiX acceleration structure
Fra:1 Mem:10.43M (Peak 37.59M) | Time:00:00.10 | Mem:0.01M, Peak:0.01M | Scene, ViewLayer | Updating Geometry BVH TopSoft 7/7 | Building BVH
Fra:1 Mem:10.43M (Peak 37.59M) | Time:00:00.10 | Mem:0.01M, Peak:0.01M | Scene, ViewLayer | Updating Geometry BVH TopSoft 7/7 | Building OptiX acceleration structure
Fra:1 Mem:10.43M (Peak 37.59M) | Time:00:00.10 | Mem:0.01M, Peak:0.01M | Scene, ViewLayer | Updating Geometry BVH FrontKey 3/7 | Building BVH
Fra:1 Mem:10.43M (Peak 37.59M) | Time:00:00.10 | Mem:0.01M, Peak:0.01M | Scene, ViewLayer | Updating Geometry BVH LeftFill 5/7 | Building OptiX acceleration structure
Fra:1 Mem:10.43M (Peak 37.59M) | Time:00:00.10 | Mem:0.01M, Peak:0.02M | Scene, ViewLayer | Updating Scene BVH | Building
Fra:1 Mem:10.43M (Peak 37.59M) | Time:00:00.10 | Mem:0.01M, Peak:0.02M | Scene, ViewLayer | Updating Scene BVH | Building OptiX acceleration structure
Fra:1 Mem:10.43M (Peak 37.59M) | Time:00:00.10 | Mem:0.01M, Peak:0.02M | Scene, ViewLayer | Updating Scene BVH | Copying BVH to device
Fra:1 Mem:10.43M (Peak 37.59M) | Time:00:00.10 | Mem:0.01M, Peak:0.02M | Scene, ViewLayer | Updating Mesh | Computing normals
Fra:1 Mem:10.43M (Peak 37.59M) | Time:00:00.10 | Mem:0.01M, Peak:0.02M | Scene, ViewLayer | Updating Mesh | Copying Mesh to device
Fra:1 Mem:10.43M (Peak 37.59M) | Time:00:00.10 | Mem:0.02M, Peak:0.02M | Scene, ViewLayer | Updating Objects Flags
Fra:1 Mem:10.43M (Peak 37.59M) | Time:00:00.10 | Mem:0.02M, Peak:0.02M | Scene, ViewLayer | Updating Primitive Offsets
Fra:1 Mem:10.43M (Peak 37.59M) | Time:00:00.10 | Mem:0.02M, Peak:0.02M | Scene, ViewLayer | Updating Images
Fra:1 Mem:10.43M (Peak 37.59M) | Time:00:00.10 | Mem:0.02M, Peak:0.02M | Scene, ViewLayer | Updating Camera Volume
Fra:1 Mem:10.43M (Peak 37.59M) | Time:00:00.10 | Mem:0.02M, Peak:0.02M | Scene, ViewLayer | Updating Lookup Tables
Fra:1 Mem:10.43M (Peak 37.59M) | Time:00:00.10 | Mem:0.10M, Peak:0.10M | Scene, ViewLayer | Updating Lights
Fra:1 Mem:10.43M (Peak 37.59M) | Time:00:00.10 | Mem:0.10M, Peak:0.10M | Scene, ViewLayer | Updating Lights | Computing tree
Fra:1 Mem:10.44M (Peak 37.59M) | Time:00:00.10 | Mem:0.10M, Peak:0.10M | Scene, ViewLayer | Updating Integrator
Fra:1 Mem:10.44M (Peak 37.59M) | Time:00:00.10 | Mem:0.10M, Peak:0.10M | Scene, ViewLayer | Updating Film
Fra:1 Mem:10.44M (Peak 37.59M) | Time:00:00.10 | Mem:0.02M, Peak:0.10M | Scene, ViewLayer | Updating Lookup Tables
Fra:1 Mem:10.44M (Peak 37.59M) | Time:00:00.10 | Mem:0.10M, Peak:0.10M | Scene, ViewLayer | Updating Baking
Fra:1 Mem:10.44M (Peak 37.59M) | Time:00:00.10 | Mem:0.10M, Peak:0.10M | Scene, ViewLayer | Updating Device | Writing constant memory
Fra:1 Mem:10.44M (Peak 37.59M) | Time:00:00.10 | Mem:0.10M, Peak:0.10M | Scene, ViewLayer | Loading denoising kernels (may take a few minutes the first time)
Fra:1 Mem:23.76M (Peak 37.59M) | Time:00:00.11 | Mem:1171.61M, Peak:1171.61M | Scene, ViewLayer | Sample 0/8
Fra:1 Mem:28.51M (Peak 37.59M) | Time:00:00.11 | Remaining:00:00.01 | Mem:1176.36M, Peak:1176.36M | Scene, ViewLayer | Sample 1/8
Fra:1 Mem:30.52M (Peak 37.59M) | Time:00:00.13 | Mem:1229.93M, Peak:1231.43M | Scene, ViewLayer | Sample 8/8
Fra:1 Mem:30.52M (Peak 37.59M) | Time:00:00.13 | Mem:1229.93M, Peak:1231.43M | Scene, ViewLayer | Finished
Saved: '/tmp/pose_3_aci5ouml/probe.png'
Time: 00:00.17 (Saving: 00:00.00)

Fra:1 Mem:10.58M (Peak 10.58M) | Time:00:00.04 | Mem:0.00M, Peak:0.00M | Scene, ViewLayer | Synchronizing object | 3
Fra:1 Mem:10.59M (Peak 10.59M) | Time:00:00.04 | Mem:0.00M, Peak:0.00M | Scene, ViewLayer | Synchronizing object | BackFill
Fra:1 Mem:10.59M (Peak 10.59M) | Time:00:00.04 | Mem:0.00M, Peak:0.00M | Scene, ViewLayer | Synchronizing object | RightFill
Fra:1 Mem:10.59M (Peak 10.59M) | Time:00:00.04 | Mem:0.00M, Peak:0.00M | Scene, ViewLayer | Synchronizing object | TopSoft
Fra:1 Mem:10.59M (Peak 10.59M) | Time:00:00.04 | Mem:0.00M, Peak:0.00M | Scene, ViewLayer | Initializing
Fra:1 Mem:10.35M (Peak 10.59M) | Time:00:00.04 | Mem:0.00M, Peak:0.00M | Scene, ViewLayer | Waiting for render to start
Fra:1 Mem:10.35M (Peak 10.59M) | Time:00:00.04 | Mem:0.00M, Peak:0.00M | Scene, ViewLayer | Updating Scene
Fra:1 Mem:10.35M (Peak 10.59M) | Time:00:00.04 | Mem:0.00M, Peak:0.00M | Scene, ViewLayer | Updating Shaders
Fra:1 Mem:10.43M (Peak 10.59M) | Time:00:00.04 | Mem:0.00M, Peak:0.00M | Scene, ViewLayer | Loading render kernels (may take a few minutes the first time)
Fra:1 Mem:10.43M (Peak 37.59M) | Time:00:00.10 | Mem:0.01M, Peak:0.01M | Scene, ViewLayer | Updating Procedurals
Fra:1 Mem:10.43M (Peak 37.59M) | Time:00:00.10 | Mem:0.01M, Peak:0.01M | Scene, ViewLayer | Updating Background
Fra:1 Mem:10.43M (Peak 37.59M) | Time:00:00.10 | Mem:0.01M, Peak:0.01M | Scene, ViewLayer | Updating Camera
Fra:1 Mem:10.43M (Peak 37.59M) | Time:00:00.10 | Mem:0.01M, Peak:0.01M | Scene, ViewLayer | Updating Meshes Flags
Fra:1 Mem:10.43M (Peak 37.59M) | Time:00:00.10 | Mem:0.01M, Peak:0.01M | Scene, ViewLayer | Updating Objects
Fra:1 Mem:10.43M (Peak 37.59M) | Time:00:00.10 | Mem:0.01M, Peak:0.01M | Scene, ViewLayer | Updating Objects | Copying Transformations to device
Fra:1 Mem:10.43M (Peak 37.59M) | Time:00:00.10 | Mem:0.01M, Peak:0.01M | Scene, ViewLayer | Updating Particle Systems
Fra:1 Mem:10.43M (Peak 37.59M) | Time:00:00.10 | Mem:0.01M, Peak:0.01M | Scene, ViewLayer | Updating Particle Systems | Copying Particles to device
Fra:1 Mem:10.43M (Peak 37.59M) | Time:00:00.10 | Mem:0.01M, Peak:0.01M | Scene, ViewLayer | Updating Meshes
Fra:1 Mem:10.43M (Peak 37.59M) | Time:00:00.10 | Mem:0.01M, Peak:0.01M | Scene, ViewLayer | Updating Objects | Applying Static Transformations
Fra:1 Mem:10.43M (Peak 37.59M) | Time:00:00.10 | Mem:0.01M, Peak:0.01M | Scene, ViewLayer | Updating Mesh | Computing attributes
Fra:1 Mem:10.43M (Peak 37.59M) | Time:00:00.10 | Mem:0.01M, Peak:0.01M | Scene, ViewLayer | Updating Mesh | Copying Attributes to device
Fra:1 Mem:10.43M (Peak 37.59M) | Time:00:00.10 | Mem:0.01M, Peak:0.01M | Scene, ViewLayer | Updating Geometry BVH light 8/7 | Building BVH
Fra:1 Mem:10.43M (Peak 37.59M) | Time:00:00.10 | Mem:0.01M, Peak:0.01M | Scene, ViewLayer | Updating Geometry BVH light 8/7 | Building OptiX acceleration structure
Fra:1 Mem:10.43M (Peak 37.59M) | Time:00:00.10 | Mem:0.01M, Peak:0.01M | Scene, ViewLayer | Updating Geometry BVH TopSoft 7/7 | Building BVH
Fra:1 Mem:10.43M (Peak 37.59M) | Time:00:00.10 | Mem:0.01M, Peak:0.01M | Scene, ViewLayer | Updating Geometry BVH TopSoft 7/7 | Building OptiX acceleration structure
Fra:1 Mem:10.43M (Peak 37.59M) | Time:00:00.10 | Mem:0.01M, Peak:0.01M | Scene, ViewLayer | Updating Geometry BVH 3 2/7 | Building BVH
Fra:1 Mem:10.43M (Peak 37.59M) | Time:00:00.10 | Mem:0.01M, Peak:0.01M | Scene, ViewLayer | Updating Geometry BVH BackFill 4/7 | Building OptiX acceleration structure
Fra:1 Mem:10.43M (Peak 37.59M) | Time:00:00.10 | Mem:0.01M, Peak:0.02M | Scene, ViewLayer | Updating Scene BVH | Building
Fra:1 Mem:10.43M (Peak 37.59M) | Time:00:00.10 | Mem:0.01M, Peak:0.02M | Scene, ViewLayer | Updating Scene BVH | Building OptiX acceleration structure
Fra:1 Mem:10.43M (Peak 37.59M) | Time:00:00.10 | Mem:0.01M, Peak:0.02M | Scene, ViewLayer | Updating Scene BVH | Copying BVH to device
Fra:1 Mem:10.43M (Peak 37.59M) | Time:00:00.10 | Mem:0.01M, Peak:0.02M | Scene, ViewLayer | Updating Mesh | Computing normals
Fra:1 Mem:10.43M (Peak 37.59M) | Time:00:00.10 | Mem:0.01M, Peak:0.02M | Scene, ViewLayer | Updating Mesh | Copying Mesh to device
Fra:1 Mem:10.43M (Peak 37.59M) | Time:00:00.10 | Mem:0.02M, Peak:0.02M | Scene, ViewLayer | Updating Objects Flags
Fra:1 Mem:10.43M (Peak 37.59M) | Time:00:00.10 | Mem:0.02M, Peak:0.02M | Scene, ViewLayer | Updating Primitive Offsets
Fra:1 Mem:10.43M (Peak 37.59M) | Time:00:00.10 | Mem:0.02M, Peak:0.02M | Scene, ViewLayer | Updating Images
Fra:1 Mem:10.43M (Peak 37.59M) | Time:00:00.10 | Mem:0.02M, Peak:0.02M | Scene, ViewLayer | Updating Camera Volume
Fra:1 Mem:10.43M (Peak 37.59M) | Time:00:00.10 | Mem:0.02M, Peak:0.02M | Scene, ViewLayer | Updating Lookup Tables
Fra:1 Mem:10.43M (Peak 37.59M) | Time:00:00.10 | Mem:0.10M, Peak:0.10M | Scene, ViewLayer | Updating Lights
Fra:1 Mem:10.43M (Peak 37.59M) | Time:00:00.10 | Mem:0.10M, Peak:0.10M | Scene, ViewLayer | Updating Lights | Computing tree
Fra:1 Mem:10.44M (Peak 37.59M) | Time:00:00.10 | Mem:0.10M, Peak:0.10M | Scene, ViewLayer | Updating Integrator
Fra:1 Mem:10.44M (Peak 37.59M) | Time:00:00.10 | Mem:0.10M, Peak:0.10M | Scene, ViewLayer | Updating Film
Fra:1 Mem:10.44M (Peak 37.59M) | Time:00:00.10 | Mem:0.02M, Peak:0.10M | Scene, ViewLayer | Updating Lookup Tables
Fra:1 Mem:10.44M (Peak 37.59M) | Time:00:00.10 | Mem:0.10M, Peak:0.10M | Scene, ViewLayer | Updating Baking
Fra:1 Mem:10.44M (Peak 37.59M) | Time:00:00.10 | Mem:0.10M, Peak:0.10M | Scene, ViewLayer | Updating Device | Writing constant memory
Fra:1 Mem:10.44M (Peak 37.59M) | Time:00:00.10 | Mem:0.10M, Peak:0.10M | Scene, ViewLayer | Loading denoising kernels (may take a few minutes the first time)
Fra:1 Mem:23.76M (Peak 37.59M) | Time:00:00.11 | Mem:1171.61M, Peak:1171.61M | Scene, ViewLayer | Sample 0/8
Fra:1 Mem:28.51M (Peak 37.59M) | Time:00:00.11 | Remaining:00:00.01 | Mem:1176.36M, Peak:1176.36M | Scene, ViewLayer | Sample 1/8
Fra:1 Mem:30.52M (Peak 37.59M) | Time:00:00.13 | Mem:1229.93M, Peak:1231.43M | Scene, ViewLayer | Sample 8/8
Fra:1 Mem:30.52M (Peak 37.59M) | Time:00:00.13 | Mem:1229.93M, Peak:1231.43M | Scene, ViewLayer | Finished
Saved: '/tmp/pose_3_aci5ouml/probe.png'
Time: 00:00.18 (Saving: 00:00.00)

Fra:1 Mem:10.58M (Peak 10.58M) | Time:00:00.04 | Mem:0.00M, Peak:0.00M | Scene, ViewLayer | Synchronizing object | 3
Fra:1 Mem:10.59M (Peak 10.59M) | Time:00:00.04 | Mem:0.00M, Peak:0.00M | Scene, ViewLayer | Synchronizing object | BackFill
Fra:1 Mem:10.59M (Peak 10.59M) | Time:00:00.04 | Mem:0.00M, Peak:0.00M | Scene, ViewLayer | Synchronizing object | TopSoft
Fra:1 Mem:10.59M (Peak 10.59M) | Time:00:00.04 | Mem:0.00M, Peak:0.00M | Scene, ViewLayer | Initializing
Fra:1 Mem:10.35M (Peak 10.59M) | Time:00:00.04 | Mem:0.00M, Peak:0.00M | Scene, ViewLayer | Waiting for render to start
Fra:1 Mem:10.35M (Peak 10.59M) | Time:00:00.04 | Mem:0.00M, Peak:0.00M | Scene, ViewLayer | Updating Scene
Fra:1 Mem:10.35M (Peak 10.59M) | Time:00:00.04 | Mem:0.00M, Peak:0.00M | Scene, ViewLayer | Updating Shaders
Fra:1 Mem:10.43M (Peak 10.59M) | Time:00:00.04 | Mem:0.00M, Peak:0.00M | Scene, ViewLayer | Loading render kernels (may take a few minutes the first time)
Fra:1 Mem:10.43M (Peak 37.59M) | Time:00:00.10 | Mem:0.01M, Peak:0.01M | Scene, ViewLayer | Updating Procedurals
Fra:1 Mem:10.43M (Peak 37.59M) | Time:00:00.10 | Mem:0.01M, Peak:0.01M | Scene, ViewLayer | Updating Background
Fra:1 Mem:10.43M (Peak 37.59M) | Time:00:00.10 | Mem:0.01M, Peak:0.01M | Scene, ViewLayer | Updating Camera
Fra:1 Mem:10.43M (Peak 37.59M) | Time:00:00.10 | Mem:0.01M, Peak:0.01M | Scene, ViewLayer | Updating Meshes Flags
Fra:1 Mem:10.43M (Peak 37.59M) | Time:00:00.10 | Mem:0.01M, Peak:0.01M | Scene, ViewLayer | Updating Objects
Fra:1 Mem:10.43M (Peak 37.59M) | Time:00:00.10 | Mem:0.01M, Peak:0.01M | Scene, ViewLayer | Updating Objects | Copying Transformations to device
Fra:1 Mem:10.43M (Peak 37.59M) | Time:00:00.10 | Mem:0.01M, Peak:0.01M | Scene, ViewLayer | Updating Particle Systems
Fra:1 Mem:10.43M (Peak 37.59M) | Time:00:00.10 | Mem:0.01M, Peak:0.01M | Scene, ViewLayer | Updating Particle Systems | Copying Particles to device
Fra:1 Mem:10.43M (Peak 37.59M) | Time:00:00.10 | Mem:0.01M, Peak:0.01M | Scene, ViewLayer | Updating Meshes
Fra:1 Mem:10.43M (Peak 37.59M) | Time:00:00.10 | Mem:0.01M, Peak:0.01M | Scene, ViewLayer | Updating Objects | Applying Static Transformations
Fra:1 Mem:10.43M (Peak 37.59M) | Time:00:00.10 | Mem:0.01M, Peak:0.01M | Scene, ViewLayer | Updating Mesh | Computing attributes
Fra:1 Mem:10.43M (Peak 37.59M) | Time:00:00.10 | Mem:0.01M, Peak:0.01M | Scene, ViewLayer | Updating Mesh | Copying Attributes to device
Fra:1 Mem:10.43M (Peak 37.59M) | Time:00:00.10 | Mem:0.01M, Peak:0.01M | Scene, ViewLayer | Updating Geometry BVH light 8/7 | Building BVH
Fra:1 Mem:10.43M (Peak 37.59M) | Time:00:00.10 | Mem:0.01M, Peak:0.01M | Scene, ViewLayer | Updating Geometry BVH light 8/7 | Building OptiX acceleration structure
Fra:1 Mem:10.43M (Peak 37.59M) | Time:00:00.10 | Mem:0.01M, Peak:0.01M | Scene, ViewLayer | Updating Geometry BVH TopSoft 7/7 | Building BVH
Fra:1 Mem:10.43M (Peak 37.59M) | Time:00:00.10 | Mem:0.01M, Peak:0.01M | Scene, ViewLayer | Updating Geometry BVH 3 2/7 | Building OptiX acceleration structure
Fra:1 Mem:10.43M (Peak 37.59M) | Time:00:00.10 | Mem:0.01M, Peak:0.01M | Scene, ViewLayer | Updating Geometry BVH FrontKey 3/7 | Building BVH
Fra:1 Mem:10.43M (Peak 37.59M) | Time:00:00.10 | Mem:0.01M, Peak:0.01M | Scene, ViewLayer | Updating Geometry BVH LeftFill 5/7 | Building BVH
Fra:1 Mem:10.43M (Peak 37.59M) | Time:00:00.10 | Mem:0.01M, Peak:0.01M | Scene, ViewLayer | Updating Geometry BVH LeftFill 5/7 | Building OptiX acceleration structure
Fra:1 Mem:10.43M (Peak 37.59M) | Time:00:00.10 | Mem:0.01M, Peak:0.02M | Scene, ViewLayer | Updating Scene BVH | Building
Fra:1 Mem:10.43M (Peak 37.59M) | Time:00:00.10 | Mem:0.01M, Peak:0.02M | Scene, ViewLayer | Updating Scene BVH | Building OptiX acceleration structure
Fra:1 Mem:10.43M (Peak 37.59M) | Time:00:00.10 | Mem:0.01M, Peak:0.02M | Scene, ViewLayer | Updating Scene BVH | Copying BVH to device
Fra:1 Mem:10.43M (Peak 37.59M) | Time:00:00.10 | Mem:0.01M, Peak:0.02M | Scene, ViewLayer | Updating Mesh | Computing normals
Fra:1 Mem:10.43M (Peak 37.59M) | Time:00:00.10 | Mem:0.01M, Peak:0.02M | Scene, ViewLayer | Updating Mesh | Copying Mesh to device
Fra:1 Mem:10.43M (Peak 37.59M) | Time:00:00.10 | Mem:0.02M, Peak:0.02M | Scene, ViewLayer | Updating Objects Flags
Fra:1 Mem:10.43M (Peak 37.59M) | Time:00:00.10 | Mem:0.02M, Peak:0.02M | Scene, ViewLayer | Updating Primitive Offsets
Fra:1 Mem:10.43M (Peak 37.59M) | Time:00:00.10 | Mem:0.02M, Peak:0.02M | Scene, ViewLayer | Updating Images
Fra:1 Mem:10.43M (Peak 37.59M) | Time:00:00.10 | Mem:0.02M, Peak:0.02M | Scene, ViewLayer | Updating Camera Volume
Fra:1 Mem:10.43M (Peak 37.59M) | Time:00:00.10 | Mem:0.02M, Peak:0.02M | Scene, ViewLayer | Updating Lookup Tables
Fra:1 Mem:10.43M (Peak 37.59M) | Time:00:00.10 | Mem:0.10M, Peak:0.10M | Scene, ViewLayer | Updating Lights
Fra:1 Mem:10.43M (Peak 37.59M) | Time:00:00.10 | Mem:0.10M, Peak:0.10M | Scene, ViewLayer | Updating Lights | Computing tree
Fra:1 Mem:10.44M (Peak 37.59M) | Time:00:00.10 | Mem:0.10M, Peak:0.10M | Scene, ViewLayer | Updating Integrator
Fra:1 Mem:10.44M (Peak 37.59M) | Time:00:00.10 | Mem:0.10M, Peak:0.10M | Scene, ViewLayer | Updating Film
Fra:1 Mem:10.44M (Peak 37.59M) | Time:00:00.10 | Mem:0.02M, Peak:0.10M | Scene, ViewLayer | Updating Lookup Tables
Fra:1 Mem:10.44M (Peak 37.59M) | Time:00:00.10 | Mem:0.10M, Peak:0.10M | Scene, ViewLayer | Updating Baking
Fra:1 Mem:10.44M (Peak 37.59M) | Time:00:00.10 | Mem:0.10M, Peak:0.10M | Scene, ViewLayer | Updating Device | Writing constant memory
Fra:1 Mem:10.44M (Peak 37.59M) | Time:00:00.10 | Mem:0.10M, Peak:0.10M | Scene, ViewLayer | Loading denoising kernels (may take a few minutes the first time)
Fra:1 Mem:23.76M (Peak 37.59M) | Time:00:00.10 | Mem:1171.61M, Peak:1171.61M | Scene, ViewLayer | Sample 0/8
Fra:1 Mem:28.51M (Peak 37.59M) | Time:00:00.11 | Remaining:00:00.01 | Mem:1176.36M, Peak:1176.36M | Scene, ViewLayer | Sample 1/8
Fra:1 Mem:30.52M (Peak 37.59M) | Time:00:00.12 | Mem:1229.93M, Peak:1231.43M | Scene, ViewLayer | Sample 8/8
Fra:1 Mem:30.52M (Peak 37.59M) | Time:00:00.12 | Mem:1229.93M, Peak:1231.43M | Scene, ViewLayer | Finished
Saved: '/tmp/pose_3_aci5ouml/probe.png'
Time: 00:00.17 (Saving: 00:00.00)

Fra:1 Mem:10.83M (Peak 10.83M) | Time:00:00.04 | Mem:0.00M, Peak:0.00M | Scene, ViewLayer | Synchronizing object | 3
Fra:1 Mem:10.83M (Peak 10.83M) | Time:00:00.04 | Mem:0.00M, Peak:0.00M | Scene, ViewLayer | Synchronizing object | BackFill
Fra:1 Mem:10.83M (Peak 10.83M) | Time:00:00.04 | Mem:0.00M, Peak:0.00M | Scene, ViewLayer | Synchronizing object | TopSoft
Fra:1 Mem:10.84M (Peak 10.84M) | Time:00:00.04 | Mem:0.00M, Peak:0.00M | Scene, ViewLayer | Initializing
Fra:1 Mem:10.52M (Peak 10.84M) | Time:00:00.04 | Mem:0.00M, Peak:0.00M | Scene, ViewLayer | Waiting for render to start
Fra:1 Mem:10.52M (Peak 10.84M) | Time:00:00.04 | Mem:0.00M, Peak:0.00M | Scene, ViewLayer | Updating Scene
Fra:1 Mem:10.52M (Peak 10.84M) | Time:00:00.04 | Mem:0.00M, Peak:0.00M | Scene, ViewLayer | Updating Shaders
Fra:1 Mem:10.60M (Peak 10.84M) | Time:00:00.04 | Mem:0.00M, Peak:0.00M | Scene, ViewLayer | Loading render kernels (may take a few minutes the first time)
Fra:1 Mem:10.60M (Peak 37.77M) | Time:00:00.10 | Mem:0.01M, Peak:0.01M | Scene, ViewLayer | Updating Procedurals
Fra:1 Mem:10.60M (Peak 37.77M) | Time:00:00.10 | Mem:0.01M, Peak:0.01M | Scene, ViewLayer | Updating Background
Fra:1 Mem:10.60M (Peak 37.77M) | Time:00:00.10 | Mem:0.01M, Peak:0.01M | Scene, ViewLayer | Updating Camera
Fra:1 Mem:10.60M (Peak 37.77M) | Time:00:00.10 | Mem:0.01M, Peak:0.01M | Scene, ViewLayer | Updating Meshes Flags
Fra:1 Mem:10.60M (Peak 37.77M) | Time:00:00.10 | Mem:0.01M, Peak:0.01M | Scene, ViewLayer | Updating Objects
Fra:1 Mem:10.60M (Peak 37.77M) | Time:00:00.10 | Mem:0.01M, Peak:0.01M | Scene, ViewLayer | Updating Objects | Copying Transformations to device
Fra:1 Mem:10.60M (Peak 37.77M) | Time:00:00.10 | Mem:0.01M, Peak:0.01M | Scene, ViewLayer | Updating Particle Systems
Fra:1 Mem:10.60M (Peak 37.77M) | Time:00:00.10 | Mem:0.01M, Peak:0.01M | Scene, ViewLayer | Updating Particle Systems | Copying Particles to device
Fra:1 Mem:10.60M (Peak 37.77M) | Time:00:00.10 | Mem:0.01M, Peak:0.01M | Scene, ViewLayer | Updating Meshes
Fra:1 Mem:10.61M (Peak 37.77M) | Time:00:00.10 | Mem:0.01M, Peak:0.01M | Scene, ViewLayer | Updating Objects | Applying Static Transformations
Fra:1 Mem:10.61M (Peak 37.77M) | Time:00:00.10 | Mem:0.01M, Peak:0.01M | Scene, ViewLayer | Updating Mesh | Computing attributes
Fra:1 Mem:10.61M (Peak 37.77M) | Time:00:00.10 | Mem:0.01M, Peak:0.01M | Scene, ViewLayer | Updating Mesh | Copying Attributes to device
Fra:1 Mem:10.61M (Peak 37.77M) | Time:00:00.10 | Mem:0.01M, Peak:0.01M | Scene, ViewLayer | Updating Geometry BVH light 8/7 | Building BVH
Fra:1 Mem:10.61M (Peak 37.77M) | Time:00:00.10 | Mem:0.01M, Peak:0.01M | Scene, ViewLayer | Updating Geometry BVH light 8/7 | Building OptiX acceleration structure
Fra:1 Mem:10.61M (Peak 37.77M) | Time:00:00.10 | Mem:0.01M, Peak:0.01M | Scene, ViewLayer | Updating Geometry BVH TopSoft 7/7 | Building BVH
Fra:1 Mem:10.61M (Peak 37.77M) | Time:00:00.10 | Mem:0.01M, Peak:0.01M | Scene, ViewLayer | Updating Geometry BVH TopSoft 7/7 | Building OptiX acceleration structure
Fra:1 Mem:10.61M (Peak 37.77M) | Time:00:00.10 | Mem:0.01M, Peak:0.01M | Scene, ViewLayer | Updating Geometry BVH 3 2/7 | Building BVH
Fra:1 Mem:10.61M (Peak 37.77M) | Time:00:00.10 | Mem:0.01M, Peak:0.01M | Scene, ViewLayer | Updating Geometry BVH LeftFill 5/7 | Building OptiX acceleration structure
Fra:1 Mem:10.61M (Peak 37.77M) | Time:00:00.10 | Mem:0.02M, Peak:0.03M | Scene, ViewLayer | Updating Scene BVH | Building
Fra:1 Mem:10.61M (Peak 37.77M) | Time:00:00.10 | Mem:0.02M, Peak:0.03M | Scene, ViewLayer | Updating Scene BVH | Building OptiX acceleration structure
Fra:1 Mem:10.61M (Peak 37.77M) | Time:00:00.10 | Mem:0.02M, Peak:0.03M | Scene, ViewLayer | Updating Scene BVH | Copying BVH to device
Fra:1 Mem:10.61M (Peak 37.77M) | Time:00:00.10 | Mem:0.02M, Peak:0.03M | Scene, ViewLayer | Updating Mesh | Computing normals
Fra:1 Mem:10.61M (Peak 37.77M) | Time:00:00.10 | Mem:0.02M, Peak:0.03M | Scene, ViewLayer | Updating Mesh | Copying Mesh to device
Fra:1 Mem:10.61M (Peak 37.77M) | Time:00:00.11 | Mem:0.02M, Peak:0.03M | Scene, ViewLayer | Updating Objects Flags
Fra:1 Mem:10.61M (Peak 37.77M) | Time:00:00.11 | Mem:0.02M, Peak:0.03M | Scene, ViewLayer | Updating Primitive Offsets
Fra:1 Mem:10.61M (Peak 37.77M) | Time:00:00.11 | Mem:0.02M, Peak:0.03M | Scene, ViewLayer | Updating Images
Fra:1 Mem:10.61M (Peak 37.77M) | Time:00:00.11 | Mem:0.02M, Peak:0.03M | Scene, ViewLayer | Updating Images | Loading Fabric062_1K-JPG_Displacement.jpg
Fra:1 Mem:11.61M (Peak 37.77M) | Time:00:00.11 | Mem:0.02M, Peak:0.03M | Scene, ViewLayer | Updating Images | Loading Fabric062_1K-JPG_AmbientOcclusion.jpg
Fra:1 Mem:21.63M (Peak 37.77M) | Time:00:00.13 | Mem:11.02M, Peak:11.02M | Scene, ViewLayer | Updating Camera Volume
Fra:1 Mem:21.63M (Peak 37.77M) | Time:00:00.13 | Mem:11.02M, Peak:11.02M | Scene, ViewLayer | Updating Lookup Tables
Fra:1 Mem:21.63M (Peak 37.77M) | Time:00:00.13 | Mem:11.10M, Peak:11.10M | Scene, ViewLayer | Updating Lights
Fra:1 Mem:21.63M (Peak 37.77M) | Time:00:00.13 | Mem:11.10M, Peak:11.10M | Scene, ViewLayer | Updating Lights | Computing tree
Fra:1 Mem:21.63M (Peak 37.77M) | Time:00:00.13 | Mem:11.10M, Peak:11.10M | Scene, ViewLayer | Updating Integrator
Fra:1 Mem:21.63M (Peak 37.77M) | Time:00:00.13 | Mem:11.10M, Peak:11.10M | Scene, ViewLayer | Updating Film
Fra:1 Mem:21.63M (Peak 37.77M) | Time:00:00.13 | Mem:11.02M, Peak:11.10M | Scene, ViewLayer | Updating Lookup Tables
Fra:1 Mem:21.63M (Peak 37.77M) | Time:00:00.13 | Mem:11.11M, Peak:11.11M | Scene, ViewLayer | Updating Baking
Fra:1 Mem:21.63M (Peak 37.77M) | Time:00:00.13 | Mem:11.11M, Peak:11.11M | Scene, ViewLayer | Updating Device | Writing constant memory
Fra:1 Mem:21.63M (Peak 37.77M) | Time:00:00.13 | Mem:11.11M, Peak:11.11M | Scene, ViewLayer | Loading denoising kernels (may take a few minutes the first time)
Fra:1 Mem:34.95M (Peak 37.77M) | Time:00:00.14 | Mem:1182.61M, Peak:1182.61M | Scene, ViewLayer | Sample 0/16
Fra:1 Mem:39.70M (Peak 39.70M) | Time:00:00.14 | Remaining:00:00.03 | Mem:1187.37M, Peak:1187.37M | Scene, ViewLayer | Sample 1/16
Fra:1 Mem:41.71M (Peak 44.71M) | Time:00:00.16 | Mem:1240.95M, Peak:1242.45M | Scene, ViewLayer | Sample 16/16
Fra:1 Mem:41.71M (Peak 44.71M) | Time:00:00.16 | Mem:1240.95M, Peak:1242.45M | Scene, ViewLayer | Finished
Saved: '/home/users/samahabd/triad-stimuli-pipeline/data/generated_stimuli/_verify/single/B_controlled_simple/2/texture_match.png'
Time: 00:00.21 (Saving: 00:00.00)

[1/30] stem=1 seed=89391377 texture_set=Leather010_1K-JPG distractor=2.stl
cycles device: GPU (OPTIX) -> NVIDIA L40S
[pose] stl=1 z=210.0 deg IoU=0.922
[stimulus] mode=B_controlled_simple stem_seed=89391377 variant=1 texture_set=Leather010_1K-JPG used_pbr=True
cycles device: GPU (OPTIX) -> NVIDIA L40S
cycles device: GPU (OPTIX) -> NVIDIA L40S
[pose] stl=2 z=55.0 deg IoU=0.876
[stimulus] mode=B_controlled_simple stem_seed=89391377 variant=1 texture_set=Leather010_1K-JPG used_pbr=True
[2/30] stem=2 seed=2798736374 texture_set=Fabric062_1K-JPG distractor=3.stl
cycles device: GPU (OPTIX) -> NVIDIA L40S
[stimulus] mode=B_controlled_simple stem_seed=2798736374 variant=1 texture_set=Fabric062_1K-JPG used_pbr=True
cycles device: GPU (OPTIX) -> NVIDIA L40S
cycles device: GPU (OPTIX) -> NVIDIA L40S
[pose] stl=3 z=5.0 deg IoU=0.889
[stimulus] mode=B_controlled_simple stem_seed=2798736374 variant=1 texture_set=Fabric062_1K-JPG used_pbr=True
Manifest -> /home/users/samahabd/triad-stimuli-pipeline/data/generated_stimuli/_verify/single/B_controlled_simple/manifest.csv
Done: 2 packages -> /home/users/samahabd/triad-stimuli-pipeline/data/generated_stimuli/_verify/single/B_controlled_simple

Blender quit
